1,0,0.09302047
1,32,0.08621478
1,64,0.080115795
1,96,0.074188896
1,128,0.07072814
1,160,0.0684016
1,192,0.06723593
1,224,0.06659607
1,256,0.06619353
1,288,0.06561475
1,320,0.06525581
1,352,0.06485057
1,384,0.064642034
1,416,0.06430793
1,448,0.06428496
1,480,0.0640057
1,512,0.06384737
1,544,0.063732594
1,576,0.06366436
1,608,0.06306336
1,640,0.06318914
1,672,0.06329129
1,704,0.06307441
1,736,0.06291338
1,768,0.06296249
1,800,0.06284284
1,832,0.06290884
1,864,0.06272317
1,896,0.062632255
1,928,0.06258277
1,960,0.06265432
1,992,0.062446468
1,1024,0.062318385
1,1056,0.063786335
1,1088,0.06361168
1,1120,0.0631543
1,1152,0.06304926
1,1184,0.063051894
1,1216,0.0628046
1,1248,0.06282629
1,1280,0.062631875
1,1312,0.062292937
1,1344,0.062283404
1,1376,0.062157236
1,1408,0.06223576
1,1440,0.06200997
1,1472,0.062045358
1,1504,0.062011197
1,1536,0.061901618
1,1568,0.061849196
1,1600,0.06173585
1,1632,0.06167086
1,1664,0.061780997
1,1696,0.06171727
1,1728,0.06166297
1,1760,0.061754093
1,1792,0.061372545
1,1824,0.06161833
1,1856,0.06147693
1,1888,0.061215505
1,1920,0.061323646
1,1952,0.061364785
1,1984,0.0612218
1,2016,0.061206352
1,2048,0.061437327
1,2080,0.06330914
1,2112,0.06292554
1,2144,0.062443938
1,2176,0.06262279
1,2208,0.062178135
1,2240,0.06208458
1,2272,0.06187688
1,2304,0.06203156
1,2336,0.061814416
1,2368,0.061656855
1,2400,0.061796986
1,2432,0.061678126
1,2464,0.06184445
1,2496,0.061683387
1,2528,0.061589226
1,2560,0.061466165
1,2592,0.061305486
1,2624,0.061213568
1,2656,0.06128329
1,2688,0.0613758
1,2720,0.061037425
1,2752,0.06124921
1,2784,0.061239064
1,2816,0.061358687
1,2848,0.061028432
1,2880,0.06117927
1,2912,0.060971126
1,2944,0.060823537
1,2976,0.060919154
1,3008,0.061043344
1,3040,0.06074023
1,3072,0.061137814
1,3104,0.065782785
1,3136,0.065486014
1,3168,0.06559074
1,3200,0.06516013
1,3232,0.06495205
1,3264,0.06505706
1,3296,0.06477921
1,3328,0.0646332
1,3360,0.064565524
1,3392,0.064500086
1,3424,0.06453816
1,3456,0.06449185
1,3488,0.06448373
1,3520,0.06417959
1,3552,0.06423825
1,3584,0.064184576
1,3616,0.06417786
1,3648,0.06399773
1,3680,0.06420399
1,3712,0.06402416
1,3744,0.06395768
1,3776,0.06386822
1,3808,0.06395483
1,3840,0.063678205
1,3872,0.06384432
1,3904,0.06381784
1,3936,0.06384935
1,3968,0.06368887
1,4000,0.06368819
1,4032,0.06343613
1,4064,0.06355458
1,4096,0.0634615
1,4128,0.06094604
1,4160,0.060486365
1,4192,0.060279854
1,4224,0.060072098
1,4256,0.059972957
1,4288,0.059771076
1,4320,0.059605893
1,4352,0.059524335
1,4384,0.059324507
1,4416,0.059489008
1,4448,0.059379064
1,4480,0.059317634
1,4512,0.059373286
1,4544,0.0592013
1,4576,0.059248593
1,4608,0.05912903
1,4640,0.059099134
1,4672,0.0590674
1,4704,0.058907524
1,4736,0.059156407
1,4768,0.05881874
1,4800,0.058876146
1,4832,0.058724854
1,4864,0.058864225
1,4896,0.058688898
1,4928,0.05871719
1,4960,0.058784906
1,4992,0.058696773
1,5024,0.058659304
1,5056,0.058645688
1,5088,0.058619075
1,5120,0.058631588
1,5152,0.06459668
1,5184,0.06435871
1,5216,0.063880995
1,5248,0.06379276
1,5280,0.06356645
1,5312,0.063522376
1,5344,0.06340477
1,5376,0.0633803
1,5408,0.06319917
1,5440,0.063044876
1,5472,0.06311527
1,5504,0.06282135
1,5536,0.06298335
1,5568,0.06291969
1,5600,0.06291035
1,5632,0.06279382
1,5664,0.06311043
1,5696,0.06287768
1,5728,0.06268819
1,5760,0.06269554
1,5792,0.062711634
1,5824,0.06255643
1,5856,0.062470216
1,5888,0.062475603
1,5920,0.062277965
1,5952,0.062439155
1,5984,0.06236124
1,6016,0.062274564
1,6048,0.06229437
1,6080,0.062236365
2,0,0.06243463
2,32,0.062288653
2,64,0.061093606
2,96,0.06050138
2,128,0.060297098
2,160,0.060075972
2,192,0.060197134
2,224,0.059760846
2,256,0.05990616
2,288,0.059561733
2,320,0.05951239
2,352,0.059593603
2,384,0.059465937
2,416,0.05958107
2,448,0.05933002
2,480,0.059216518
2,512,0.05890386
2,544,0.05912565
2,576,0.05930313
2,608,0.059017997
2,640,0.05897622
2,672,0.05901559
2,704,0.05892812
2,736,0.058976695
2,768,0.058851805
2,800,0.05891702
2,832,0.058772217
2,864,0.058861602
2,896,0.05866646
2,928,0.05855014
2,960,0.058787867
2,992,0.058665734
2,1024,0.058478743
2,1056,0.058782406
2,1088,0.06285214
2,1120,0.06376341
2,1152,0.06346903
2,1184,0.06348608
2,1216,0.063306384
2,1248,0.06331035
2,1280,0.062890366
2,1312,0.062842354
2,1344,0.06273714
2,1376,0.06275508
2,1408,0.06258185
2,1440,0.06260667
2,1472,0.06235204
2,1504,0.062256288
2,1536,0.06259541
2,1568,0.06241831
2,1600,0.062240653
2,1632,0.062185083
2,1664,0.062342018
2,1696,0.06184806
2,1728,0.06205868
2,1760,0.061965566
2,1792,0.062171463
2,1824,0.062020414
2,1856,0.06190396
2,1888,0.06159927
2,1920,0.06191728
2,1952,0.062015913
2,1984,0.062001225
2,2016,0.06168796
2,2048,0.061782695
2,2080,0.061782822
2,2112,0.06377599
2,2144,0.064405136
2,2176,0.06400876
2,2208,0.06385996
2,2240,0.06407684
2,2272,0.063610755
2,2304,0.063424245
2,2336,0.06343564
2,2368,0.06337415
2,2400,0.0631939
2,2432,0.06298037
2,2464,0.062898785
2,2496,0.06314207
2,2528,0.06301184
2,2560,0.06288331
2,2592,0.06265434
2,2624,0.06276538
2,2656,0.06254915
2,2688,0.06267136
2,2720,0.062496394
2,2752,0.062578745
2,2784,0.06240152
2,2816,0.06259728
2,2848,0.0626338
2,2880,0.06252364
2,2912,0.06222866
2,2944,0.06254555
2,2976,0.062595166
2,3008,0.062410187
2,3040,0.062232047
2,3072,0.06232344
2,3104,0.062274918
2,3136,0.061457604
2,3168,0.060857717
2,3200,0.06070584
2,3232,0.060467698
2,3264,0.060260635
2,3296,0.05989288
2,3328,0.059832223
2,3360,0.059692007
2,3392,0.059919864
2,3424,0.059713237
2,3456,0.05951457
2,3488,0.059764087
2,3520,0.05940559
2,3552,0.059464484
2,3584,0.05947313
2,3616,0.059276037
2,3648,0.059183717
2,3680,0.059294567
2,3712,0.059287198
2,3744,0.059091054
2,3776,0.059231613
2,3808,0.059126683
2,3840,0.05917664
2,3872,0.058950506
2,3904,0.05902353
2,3936,0.058828548
2,3968,0.058998935
2,4000,0.058944806
2,4032,0.058849853
2,4064,0.058664367
2,4096,0.058737647
2,4128,0.05862605
2,4160,0.06324454
2,4192,0.06398778
2,4224,0.063906126
2,4256,0.06366452
2,4288,0.06326337
2,4320,0.06334087
2,4352,0.06313199
2,4384,0.063079625
2,4416,0.06297876
2,4448,0.06289865
2,4480,0.06259013
2,4512,0.062791996
2,4544,0.062686
2,4576,0.06264524
2,4608,0.06276312
2,4640,0.06248827
2,4672,0.062305924
2,4704,0.06235786
2,4736,0.062490437
2,4768,0.062283944
2,4800,0.06242225
2,4832,0.062427986
2,4864,0.062342856
2,4896,0.062305313
2,4928,0.062087882
2,4960,0.06189123
2,4992,0.06206519
2,5024,0.062118795
2,5056,0.06204863
2,5088,0.06190407
2,5120,0.062268645
2,5152,0.06203966
2,5184,0.061909795
2,5216,0.061724138
2,5248,0.06127486
2,5280,0.061187264
2,5312,0.06099275
2,5344,0.0607215
2,5376,0.06056611
2,5408,0.06061455
2,5440,0.06039773
2,5472,0.060514405
2,5504,0.060107153
2,5536,0.060199235
2,5568,0.06017025
2,5600,0.060319234
2,5632,0.06036422
2,5664,0.06011985
2,5696,0.06025991
2,5728,0.059672803
2,5760,0.06001509
2,5792,0.059900112
2,5824,0.059851006
2,5856,0.059850503
2,5888,0.05970765
2,5920,0.059730962
2,5952,0.05972277
2,5984,0.059535466
2,6016,0.0596264
2,6048,0.059609395
2,6080,0.059511054
3,0,0.05961977
3,32,0.05971233
3,64,0.059591297
3,96,0.059125755
3,128,0.05854038
3,160,0.058373407
3,192,0.05843177
3,224,0.058130164
3,256,0.058026534
3,288,0.057746463
3,320,0.057668723
3,352,0.057824317
3,384,0.057608653
3,416,0.0572916
3,448,0.057562087
3,480,0.057342097
3,512,0.057477936
3,544,0.057093397
3,576,0.057162564
3,608,0.05717476
3,640,0.057184916
3,672,0.05701241
3,704,0.057130095
3,736,0.05704735
3,768,0.05700154
3,800,0.05695863
3,832,0.056772925
3,864,0.05701632
3,896,0.057052236
3,928,0.056853924
3,960,0.056734543
3,992,0.0565897
3,1024,0.056640565
3,1056,0.056771953
3,1088,0.056685343
3,1120,0.05948721
3,1152,0.0614418
3,1184,0.06154599
3,1216,0.061096568
3,1248,0.061101314
3,1280,0.06096134
3,1312,0.060731526
3,1344,0.060638443
3,1376,0.060548607
3,1408,0.06041821
3,1440,0.060469944
3,1472,0.060420714
3,1504,0.06019406
3,1536,0.060300175
3,1568,0.060138967
3,1600,0.060038425
3,1632,0.060189355
3,1664,0.059943717
3,1696,0.059920263
3,1728,0.059770394
3,1760,0.059886523
3,1792,0.059872683
3,1824,0.059995104
3,1856,0.05979089
3,1888,0.05976964
3,1920,0.05972402
3,1952,0.059819594
3,1984,0.059635676
3,2016,0.05969332
3,2048,0.059728637
3,2080,0.059545193
3,2112,0.05947308
3,2144,0.059700716
3,2176,0.05990932
3,2208,0.05938012
3,2240,0.05928991
3,2272,0.05907723
3,2304,0.05905026
3,2336,0.058641456
3,2368,0.058769524
3,2400,0.058669902
3,2432,0.058244266
3,2464,0.058555603
3,2496,0.058468938
3,2528,0.05854088
3,2560,0.05822812
3,2592,0.05809028
3,2624,0.058280084
3,2656,0.058021173
3,2688,0.058092922
3,2720,0.058001906
3,2752,0.05794266
3,2784,0.057943743
3,2816,0.057917874
3,2848,0.058119643
3,2880,0.05798599
3,2912,0.057844978
3,2944,0.057751276
3,2976,0.057614416
3,3008,0.05763666
3,3040,0.057658184
3,3072,0.057644416
3,3104,0.057710983
3,3136,0.057639904
3,3168,0.060615826
3,3200,0.062637016
3,3232,0.062369257
3,3264,0.06191863
3,3296,0.06185338
3,3328,0.06171574
3,3360,0.061567813
3,3392,0.06133572
3,3424,0.0613531
3,3456,0.061410107
3,3488,0.061120067
3,3520,0.061140522
3,3552,0.06103123
3,3584,0.0607735
3,3616,0.060858965
3,3648,0.06079851
3,3680,0.060819983
3,3712,0.060999446
3,3744,0.060774237
3,3776,0.06081775
3,3808,0.060769524
3,3840,0.06096101
3,3872,0.06066342
3,3904,0.060661823
3,3936,0.06046243
3,3968,0.06070053
3,4000,0.06043697
3,4032,0.060488936
3,4064,0.0601999
3,4096,0.06035488
3,4128,0.060481574
3,4160,0.06051088
3,4192,0.06046591
3,4224,0.060677342
3,4256,0.060232196
3,4288,0.060140602
3,4320,0.060067493
3,4352,0.05979834
3,4384,0.059752602
3,4416,0.059554994
3,4448,0.059571754
3,4480,0.0593934
3,4512,0.059397597
3,4544,0.05952377
3,4576,0.059229627
3,4608,0.059249453
3,4640,0.05912814
3,4672,0.058976926
3,4704,0.059067115
3,4736,0.059012968
3,4768,0.058998667
3,4800,0.058840677
3,4832,0.05896401
3,4864,0.05884473
3,4896,0.058862176
3,4928,0.05873079
3,4960,0.05861751
3,4992,0.058614656
3,5024,0.058680855
3,5056,0.05877177
3,5088,0.05860098
3,5120,0.058485474
3,5152,0.058632202
3,5184,0.05858804
3,5216,0.057734054
3,5248,0.056392744
3,5280,0.056186393
3,5312,0.056105334
3,5344,0.055863723
3,5376,0.055704717
3,5408,0.055763945
3,5440,0.055425666
3,5472,0.05537242
3,5504,0.055140067
3,5536,0.055272836
3,5568,0.05524877
3,5600,0.054937407
3,5632,0.05510582
3,5664,0.05507114
3,5696,0.055176202
3,5728,0.055085696
3,5760,0.0548471
3,5792,0.05502927
3,5824,0.05491301
3,5856,0.054868698
3,5888,0.054750923
3,5920,0.054727297
3,5952,0.05469258
3,5984,0.05472263
3,6016,0.054591697
3,6048,0.054443132
3,6080,0.054794416
4,0,0.054551546
4,32,0.05468378
4,64,0.054568667
4,96,0.05434769
4,128,0.05572613
4,160,0.05834937
4,192,0.058129586
4,224,0.05797787
4,256,0.057804752
4,288,0.05768002
4,320,0.05746939
4,352,0.057671953
4,384,0.057113796
4,416,0.057183243
4,448,0.057264674
4,480,0.057172514
4,512,0.057063818
4,544,0.056833748
4,576,0.05706018
4,608,0.056818385
4,640,0.056841042
4,672,0.056644905
4,704,0.056713004
4,736,0.05681122
4,768,0.056644842
4,800,0.056596607
4,832,0.05639401
4,864,0.056725822
4,896,0.056558248
4,928,0.056536473
4,960,0.05648177
4,992,0.0565802
4,1024,0.056431703
4,1056,0.05638382
4,1088,0.05650301
4,1120,0.05641502
4,1152,0.058557328
4,1184,0.064379044
4,1216,0.063769594
4,1248,0.063718244
4,1280,0.063464515
4,1312,0.06347122
4,1344,0.06330037
4,1376,0.06308242
4,1408,0.06297673
4,1440,0.06280857
4,1472,0.06275172
4,1504,0.062603086
4,1536,0.06264663
4,1568,0.06257508
4,1600,0.0625263
4,1632,0.062320378
4,1664,0.06252883
4,1696,0.06256592
4,1728,0.0622196
4,1760,0.06224337
4,1792,0.062181115
4,1824,0.06223947
4,1856,0.062272087
4,1888,0.06227001
4,1920,0.06213218
4,1952,0.06217473
4,1984,0.061975636
4,2016,0.061898496
4,2048,0.061982997
4,2080,0.0618955
4,2112,0.06209579
4,2144,0.061747618
4,2176,0.0617486
4,2208,0.060525134
4,2240,0.06057869
4,2272,0.06033198
4,2304,0.060335733
4,2336,0.06000949
4,2368,0.059798755
4,2400,0.059619576
4,2432,0.059468817
4,2464,0.059423104
4,2496,0.059324265
4,2528,0.05916205
4,2560,0.05925736
4,2592,0.059151843
4,2624,0.059189647
4,2656,0.059061535
4,2688,0.059038844
4,2720,0.058894828
4,2752,0.058846593
4,2784,0.05884555
4,2816,0.05871166
4,2848,0.05889379
4,2880,0.058890898
4,2912,0.058771744
4,2944,0.05881148
4,2976,0.05863279
4,3008,0.058757104
4,3040,0.058667976
4,3072,0.058737397
4,3104,0.058627486
4,3136,0.0586325
4,3168,0.058634974
4,3200,0.060628586
4,3232,0.06557666
4,3264,0.06521868
4,3296,0.064832285
4,3328,0.064867094
4,3360,0.064632446
4,3392,0.064429626
4,3424,0.06441942
4,3456,0.06401588
4,3488,0.06430182
4,3520,0.06409065
4,3552,0.06393615
4,3584,0.06368906
4,3616,0.06387319
4,3648,0.06370147
4,3680,0.06371852
4,3712,0.0637586
4,3744,0.06379424
4,3776,0.06358728
4,3808,0.06351048
4,3840,0.06329528
4,3872,0.06349794
4,3904,0.06321649
4,3936,0.06360793
4,3968,0.06333238
4,4000,0.06326227
4,4032,0.06317873
4,4064,0.0635801
4,4096,0.06322171
4,4128,0.06322499
4,4160,0.063257895
4,4192,0.06311257
4,4224,0.06201837
4,4256,0.059313547
4,4288,0.05872781
4,4320,0.058703523
4,4352,0.05822916
4,4384,0.058254402
4,4416,0.058278386
4,4448,0.057945643
4,4480,0.057903416
4,4512,0.05781996
4,4544,0.05781438
4,4576,0.05766911
4,4608,0.057521492
4,4640,0.057338335
4,4672,0.057416137
4,4704,0.057500515
4,4736,0.057266723
4,4768,0.05746681
4,4800,0.057161532
4,4832,0.057384923
4,4864,0.057190437
4,4896,0.057239532
4,4928,0.05717892
4,4960,0.056988366
4,4992,0.057202708
4,5024,0.0569659
4,5056,0.057011
4,5088,0.0569956
4,5120,0.056892052
4,5152,0.056841098
4,5184,0.05686145
4,5216,0.056893967
4,5248,0.057863586
4,5280,0.059973016
4,5312,0.05962227
4,5344,0.059410397
4,5376,0.05932399
4,5408,0.059275806
4,5440,0.059133135
4,5472,0.058926824
4,5504,0.05895409
4,5536,0.05875478
4,5568,0.058650877
4,5600,0.05868361
4,5632,0.058669217
4,5664,0.058479525
4,5696,0.058305334
4,5728,0.058378845
4,5760,0.058280714
4,5792,0.05831233
4,5824,0.05828489
4,5856,0.0583439
4,5888,0.058095865
4,5920,0.058173142
4,5952,0.058304247
4,5984,0.058193523
4,6016,0.058099076
4,6048,0.0581957
4,6080,0.058002986
5,0,0.057981666
5,32,0.058033112
5,64,0.057831954
5,96,0.057983734
5,128,0.058066215
5,160,0.057894167
5,192,0.059553146
5,224,0.058986954
5,256,0.058901522
5,288,0.0588116
5,320,0.05855064
5,352,0.05835091
5,384,0.0582592
5,416,0.058049485
5,448,0.058022577
5,480,0.05809294
5,512,0.05789668
5,544,0.05796077
5,576,0.057697892
5,608,0.0575111
5,640,0.05779738
5,672,0.057547964
5,704,0.05756381
5,736,0.057470676
5,768,0.05756543
5,800,0.05764657
5,832,0.057483368
5,864,0.05738183
5,896,0.05726073
5,928,0.05730544
5,960,0.057184003
5,992,0.057385426
5,1024,0.057306297
5,1056,0.057314888
5,1088,0.057285793
5,1120,0.057222158
5,1152,0.057233617
5,1184,0.057161927
5,1216,0.06357302
5,1248,0.063408
5,1280,0.063005485
5,1312,0.062709816
5,1344,0.06262444
5,1376,0.062392887
5,1408,0.062417038
5,1440,0.06235609
5,1472,0.06235388
5,1504,0.06219746
5,1536,0.062152248
5,1568,0.061929397
5,1600,0.061857387
5,1632,0.06184443
5,1664,0.061903484
5,1696,0.06174794
5,1728,0.06169584
5,1760,0.061396893
5,1792,0.061396964
5,1824,0.061470482
5,1856,0.061428566
5,1888,0.061492834
5,1920,0.061533194
5,1952,0.061313115
5,1984,0.06146041
5,2016,0.061381374
5,2048,0.061372254
5,2080,0.0615228
5,2112,0.061515294
5,2144,0.061201833
5,2176,0.061290585
5,2208,0.06138766
5,2240,0.06474503
5,2272,0.06423524
5,2304,0.06391114
5,2336,0.063978836
5,2368,0.06371299
5,2400,0.063523024
5,2432,0.0633515
5,2464,0.06342652
5,2496,0.06313332
5,2528,0.063012585
5,2560,0.062888995
5,2592,0.063069314
5,2624,0.06297332
5,2656,0.06306504
5,2688,0.062978655
5,2720,0.06280141
5,2752,0.0625053
5,2784,0.06262665
5,2816,0.062701665
5,2848,0.06246966
5,2880,0.06239328
5,2912,0.062443033
5,2944,0.06255756
5,2976,0.06234795
5,3008,0.06259164
5,3040,0.0625198
5,3072,0.062324945
5,3104,0.062280405
5,3136,0.062260445
5,3168,0.06234523
5,3200,0.06227319
5,3232,0.062042445
5,3264,0.059682023
5,3296,0.059250064
5,3328,0.05883
5,3360,0.05873213
5,3392,0.058883462
5,3424,0.05850793
5,3456,0.058264207
5,3488,0.058164574
5,3520,0.05808521
5,3552,0.057920642
5,3584,0.057920266
5,3616,0.057998292
5,3648,0.0579442
5,3680,0.05788267
5,3712,0.057608582
5,3744,0.057706486
5,3776,0.057680894
5,3808,0.057610914
5,3840,0.057500534
5,3872,0.057450727
5,3904,0.057554096
5,3936,0.057567764
5,3968,0.057438735
5,4000,0.0572951
5,4032,0.0573675
5,4064,0.05719079
5,4096,0.057401404
5,4128,0.057181925
5,4160,0.057420388
5,4192,0.057368964
5,4224,0.05709926
5,4256,0.057509724
5,4288,0.062851734
5,4320,0.06248181
5,4352,0.062095072
5,4384,0.06190573
5,4416,0.061848503
5,4448,0.061702766
5,4480,0.06157526
5,4512,0.061457522
5,4544,0.0614445
5,4576,0.061358914
5,4608,0.06128772
5,4640,0.06100876
5,4672,0.06119059
5,4704,0.061237797
5,4736,0.06097813
5,4768,0.060911857
5,4800,0.06076865
5,4832,0.060822986
5,4864,0.060849383
5,4896,0.06071404
5,4928,0.06084335
5,4960,0.060595814
5,4992,0.060535263
5,5024,0.06078291
5,5056,0.060433105
5,5088,0.060414385
5,5120,0.06057091
5,5152,0.060535066
5,5184,0.060495876
5,5216,0.060685933
5,5248,0.060316183
5,5280,0.060234364
5,5312,0.05988724
5,5344,0.0597609
5,5376,0.05951323
5,5408,0.059030924
5,5440,0.05909821
5,5472,0.05870991
5,5504,0.058874477
5,5536,0.0586494
5,5568,0.058720108
5,5600,0.058623023
5,5632,0.058280442
5,5664,0.05846098
5,5696,0.05836198
5,5728,0.05830659
5,5760,0.058406744
5,5792,0.058210786
5,5824,0.058066152
5,5856,0.058194265
5,5888,0.057930507
5,5920,0.05802727
5,5952,0.058124132
5,5984,0.057941243
5,6016,0.057769954
5,6048,0.057714723
5,6080,0.057786673
6,0,0.057683427
6,32,0.05767404
6,64,0.057641096
6,96,0.057863783
6,128,0.057834484
6,160,0.057883456
6,192,0.057859924
6,224,0.061378453
6,256,0.062333252
6,288,0.061983287
6,320,0.06186138
6,352,0.061870806
6,384,0.061462354
6,416,0.061283678
6,448,0.061259307
6,480,0.061032403
6,512,0.06113072
6,544,0.060988642
6,576,0.061088853
6,608,0.06085861
6,640,0.06084278
6,672,0.060842704
6,704,0.06063012
6,736,0.060504716
6,768,0.060557283
6,800,0.06051631
6,832,0.060528863
6,864,0.060547125
6,896,0.060443476
6,928,0.060433686
6,960,0.060443074
6,992,0.060096577
6,1024,0.06035111
6,1056,0.06034318
6,1088,0.060286343
6,1120,0.060123548
6,1152,0.060448136
6,1184,0.060192183
6,1216,0.060139902
6,1248,0.059535827
6,1280,0.059155654
6,1312,0.058783617
6,1344,0.058744587
6,1376,0.058466338
6,1408,0.058175296
6,1440,0.05823622
6,1472,0.05805773
6,1504,0.058135584
6,1536,0.058127828
6,1568,0.05807536
6,1600,0.05778158
6,1632,0.057786185
6,1664,0.057810295
6,1696,0.057713468
6,1728,0.057556883
6,1760,0.05743469
6,1792,0.05723127
6,1824,0.05731684
6,1856,0.057445884
6,1888,0.057518687
6,1920,0.057388887
6,1952,0.05720293
6,1984,0.057332378
6,2016,0.05730075
6,2048,0.057111997
6,2080,0.05708327
6,2112,0.05710504
6,2144,0.05730748
6,2176,0.05708967
6,2208,0.056913283
6,2240,0.057098754
6,2272,0.059052523
6,2304,0.059013184
6,2336,0.058809668
6,2368,0.05877442
6,2400,0.058404274
6,2432,0.05816949
6,2464,0.058185074
6,2496,0.058158103
6,2528,0.058151808
6,2560,0.058092404
6,2592,0.05765715
6,2624,0.058005597
6,2656,0.057823792
6,2688,0.05776299
6,2720,0.057547886
6,2752,0.057537515
6,2784,0.057340115
6,2816,0.057475254
6,2848,0.057432942
6,2880,0.057240076
6,2912,0.05735146
6,2944,0.057187445
6,2976,0.057282176
6,3008,0.057310145
6,3040,0.057265457
6,3072,0.057280824
6,3104,0.057247914
6,3136,0.057182938
6,3168,0.05737921
6,3200,0.05711824
6,3232,0.056936968
6,3264,0.0568823
6,3296,0.05988311
6,3328,0.060235724
6,3360,0.06001527
6,3392,0.05986421
6,3424,0.059734777
6,3456,0.05964408
6,3488,0.059337955
6,3520,0.05934111
6,3552,0.059189547
6,3584,0.058965843
6,3616,0.05889979
6,3648,0.058924213
6,3680,0.059072442
6,3712,0.058794856
6,3744,0.05886064
6,3776,0.058788776
6,3808,0.05866846
6,3840,0.05870261
6,3872,0.058477044
6,3904,0.05873414
6,3936,0.058422867
6,3968,0.05854152
6,4000,0.05854132
6,4032,0.05839281
6,4064,0.05844037
6,4096,0.058324337
6,4128,0.05837278
6,4160,0.058075637
6,4192,0.058159564
6,4224,0.058256842
6,4256,0.058321893
6,4288,0.058230538
6,4320,0.06364235
6,4352,0.06491955
6,4384,0.06447517
6,4416,0.06429109
6,4448,0.064197265
6,4480,0.063893445
6,4512,0.06375861
6,4544,0.063799195
6,4576,0.06367123
6,4608,0.06355182
6,4640,0.0634001
6,4672,0.063319094
6,4704,0.063264295
6,4736,0.06334014
6,4768,0.06326443
6,4800,0.063245244
6,4832,0.06316715
6,4864,0.063192435
6,4896,0.06310143
6,4928,0.06309618
6,4960,0.06295117
6,4992,0.06277706
6,5024,0.06280659
6,5056,0.06262523
6,5088,0.0629562
6,5120,0.06274676
6,5152,0.06290637
6,5184,0.06279533
6,5216,0.062702395
6,5248,0.062506884
6,5280,0.0626165
6,5312,0.06263935
6,5344,0.059940685
6,5376,0.058581926
6,5408,0.058162414
6,5440,0.05824139
6,5472,0.057901934
6,5504,0.05769009
6,5536,0.057576645
6,5568,0.057486806
6,5600,0.05725692
6,5632,0.05739638
6,5664,0.057313956
6,5696,0.05700687
6,5728,0.05712737
6,5760,0.05695398
6,5792,0.056872554
6,5824,0.057007637
6,5856,0.056851868
6,5888,0.056858227
6,5920,0.056702763
6,5952,0.056756765
6,5984,0.05684017
6,6016,0.05680819
6,6048,0.056716293
6,6080,0.05679403
7,0,0.056792293
7,32,0.056766346
7,64,0.056611937
7,96,0.056720693
7,128,0.05666401
7,160,0.056468178
7,192,0.056447547
7,224,0.05661956
7,256,0.05844262
7,288,0.060023926
7,320,0.059600193
7,352,0.059491795
7,384,0.059387922
7,416,0.05929344
7,448,0.058884725
7,480,0.059003077
7,512,0.05882174
7,544,0.058913335
7,576,0.058670603
7,608,0.058583733
7,640,0.058549535
7,672,0.058622163
7,704,0.058442816
7,736,0.058282107
7,768,0.058343947
7,800,0.05836174
7,832,0.0584366
7,864,0.058269076
7,896,0.05831516
7,928,0.058192246
7,960,0.058217734
7,992,0.05789656
7,1024,0.05821135
7,1056,0.058029342
7,1088,0.058194086
7,1120,0.058026288
7,1152,0.057975717
7,1184,0.057776675
7,1216,0.05774834
7,1248,0.057881564
7,1280,0.058521148
7,1312,0.058792103
7,1344,0.05843062
7,1376,0.05810029
7,1408,0.058219027
7,1440,0.05799741
7,1472,0.057815637
7,1504,0.057945162
7,1536,0.057622876
7,1568,0.057499263
7,1600,0.057352204
7,1632,0.057408035
7,1664,0.057434354
7,1696,0.05736053
7,1728,0.057103395
7,1760,0.05705227
7,1792,0.057019275
7,1824,0.05707334
7,1856,0.057099055
7,1888,0.057231683
7,1920,0.05716358
7,1952,0.05682934
7,1984,0.057062406
7,2016,0.056899976
7,2048,0.05693063
7,2080,0.05675568
7,2112,0.05673046
7,2144,0.056940593
7,2176,0.05674068
7,2208,0.056748185
7,2240,0.056646854
7,2272,0.056565188
7,2304,0.05688043
7,2336,0.05668716
7,2368,0.056154665
7,2400,0.055904232
7,2432,0.055792995
7,2464,0.055673063
7,2496,0.05554884
7,2528,0.055451114
7,2560,0.05527163
7,2592,0.055298526
7,2624,0.055368084
7,2656,0.055049036
7,2688,0.05508548
7,2720,0.055068143
7,2752,0.05502754
7,2784,0.054841544
7,2816,0.05487631
7,2848,0.054870307
7,2880,0.05490898
7,2912,0.054913674
7,2944,0.054730285
7,2976,0.054789517
7,3008,0.054489717
7,3040,0.05481817
7,3072,0.05472433
7,3104,0.054425426
7,3136,0.05473077
7,3168,0.054414075
7,3200,0.054480024
7,3232,0.054417294
7,3264,0.054199353
7,3296,0.054274067
7,3328,0.059985396
7,3360,0.064656906
7,3392,0.06464633
7,3424,0.06420878
7,3456,0.06398977
7,3488,0.06365104
7,3520,0.06373786
7,3552,0.06346175
7,3584,0.06347249
7,3616,0.06337162
7,3648,0.06329547
7,3680,0.063052736
7,3712,0.06300932
7,3744,0.06291691
7,3776,0.06322835
7,3808,0.062708855
7,3840,0.06286721
7,3872,0.06276279
7,3904,0.0626763
7,3936,0.062801294
7,3968,0.06250194
7,4000,0.06278088
7,4032,0.06253988
7,4064,0.06268365
7,4096,0.06266085
7,4128,0.06257552
7,4160,0.062450226
7,4192,0.06254924
7,4224,0.062218424
7,4256,0.06249405
7,4288,0.06234618
7,4320,0.062351532
7,4352,0.06146292
7,4384,0.060300276
7,4416,0.0598764
7,4448,0.059843946
7,4480,0.0593635
7,4512,0.05918267
7,4544,0.059180025
7,4576,0.05916909
7,4608,0.058989935
7,4640,0.058827277
7,4672,0.058899824
7,4704,0.058768254
7,4736,0.058697734
7,4768,0.05874836
7,4800,0.058658373
7,4832,0.058445416
7,4864,0.058357444
7,4896,0.058242235
7,4928,0.05823703
7,4960,0.05836942
7,4992,0.058519766
7,5024,0.05810339
7,5056,0.05840449
7,5088,0.058197558
7,5120,0.058155328
7,5152,0.058229323
7,5184,0.058167633
7,5216,0.058041688
7,5248,0.058058415
7,5280,0.05806497
7,5312,0.058017842
7,5344,0.057882346
7,5376,0.05883279
7,5408,0.059185117
7,5440,0.058860525
7,5472,0.05855497
7,5504,0.05827343
7,5536,0.058408
7,5568,0.058206104
7,5600,0.058009844
7,5632,0.058066003
7,5664,0.057847373
7,5696,0.057615746
7,5728,0.057763293
7,5760,0.05761761
7,5792,0.05730283
7,5824,0.0575416
7,5856,0.05747932
7,5888,0.057380807
7,5920,0.05753599
7,5952,0.057261
7,5984,0.057429884
7,6016,0.057220995
7,6048,0.057153113
7,6080,0.057346907
8,0,0.057483006
8,32,0.057239994
8,64,0.057058692
8,96,0.05709539
8,128,0.056936454
8,160,0.057062205
8,192,0.05712442
8,224,0.056856465
8,256,0.05689763
8,288,0.059364356
8,320,0.06441126
8,352,0.064216785
8,384,0.06402321
8,416,0.06393111
8,448,0.06369302
8,480,0.06340582
8,512,0.06353406
8,544,0.06339548
8,576,0.063263595
8,608,0.063486874
8,640,0.063065104
8,672,0.06313382
8,704,0.06305052
8,736,0.06298222
8,768,0.062708564
8,800,0.06276829
8,832,0.06286925
8,864,0.06263872
8,896,0.06258803
8,928,0.0625678
8,960,0.0625098
8,992,0.06248938
8,1024,0.06245865
8,1056,0.06246451
8,1088,0.062324326
8,1120,0.06258157
8,1152,0.062285796
8,1184,0.062357716
8,1216,0.06233617
8,1248,0.06222915
8,1280,0.06232862
8,1312,0.062459603
8,1344,0.06256145
8,1376,0.062009413
8,1408,0.06165769
8,1440,0.06149907
8,1472,0.06122352
8,1504,0.061332416
8,1536,0.061179288
8,1568,0.06122012
8,1600,0.061072193
8,1632,0.061092425
8,1664,0.060933474
8,1696,0.060574766
8,1728,0.060578845
8,1760,0.060499676
8,1792,0.060553767
8,1824,0.060398508
8,1856,0.06056504
8,1888,0.06040138
8,1920,0.060407232
8,1952,0.060469307
8,1984,0.060284097
8,2016,0.060216974
8,2048,0.060286324
8,2080,0.06017851
8,2112,0.060096137
8,2144,0.06020952
8,2176,0.060119003
8,2208,0.06022587
8,2240,0.059975814
8,2272,0.05997408
8,2304,0.060060862
8,2336,0.060040765
8,2368,0.059108045
8,2400,0.05904157
8,2432,0.058388818
8,2464,0.058456846
8,2496,0.05830743
8,2528,0.05827845
8,2560,0.05814947
8,2592,0.057886023
8,2624,0.057792924
8,2656,0.05771728
8,2688,0.057913493
8,2720,0.057631057
8,2752,0.057597395
8,2784,0.05762073
8,2816,0.0574132
8,2848,0.05738019
8,2880,0.057508226
8,2912,0.057468046
8,2944,0.057304643
8,2976,0.05745711
8,3008,0.05727293
8,3040,0.05721161
8,3072,0.057073068
8,3104,0.057186846
8,3136,0.05717916
8,3168,0.057400957
8,3200,0.057042614
8,3232,0.05702525
8,3264,0.05684091
8,3296,0.0569268
8,3328,0.056985945
8,3360,0.058142368
8,3392,0.060283214
8,3424,0.060090482
8,3456,0.059838716
8,3488,0.059376646
8,3520,0.059445266
8,3552,0.05923453
8,3584,0.05915319
8,3616,0.05897187
8,3648,0.059055187
8,3680,0.05876591
8,3712,0.05885642
8,3744,0.05892197
8,3776,0.058490604
8,3808,0.058444902
8,3840,0.05842312
8,3872,0.058644976
8,3904,0.058358815
8,3936,0.05843494
8,3968,0.05850762
8,4000,0.058492582
8,4032,0.058341835
8,4064,0.058282908
8,4096,0.05831832
8,4128,0.058248676
8,4160,0.058213882
8,4192,0.0581312
8,4224,0.0581601
8,4256,0.058215026
8,4288,0.058055587
8,4320,0.058190417
8,4352,0.058016635
8,4384,0.06034182
8,4416,0.06518377
8,4448,0.06487309
8,4480,0.06449742
8,4512,0.06447053
8,4544,0.06448622
8,4576,0.06408742
8,4608,0.06386917
8,4640,0.06389293
8,4672,0.06379031
8,4704,0.06368262
8,4736,0.06356207
8,4768,0.06349029
8,4800,0.063537136
8,4832,0.063481495
8,4864,0.06331861
8,4896,0.06331361
8,4928,0.06324422
8,4960,0.063054636
8,4992,0.0632696
8,5024,0.06299308
8,5056,0.06323287
8,5088,0.06292683
8,5120,0.062990434
8,5152,0.06305639
8,5184,0.06298573
8,5216,0.06303807
8,5248,0.063008815
8,5280,0.06302728
8,5312,0.06266732
8,5344,0.06286397
8,5376,0.06294579
8,5408,0.061608545
8,5440,0.05844417
8,5472,0.057988085
8,5504,0.057945233
8,5536,0.057583038
8,5568,0.057594217
8,5600,0.057062116
8,5632,0.057082854
8,5664,0.05740756
8,5696,0.05716815
8,5728,0.05682226
8,5760,0.056826923
8,5792,0.05680219
8,5824,0.056652017
8,5856,0.05672738
8,5888,0.056584675
8,5920,0.05647158
8,5952,0.05666554
8,5984,0.056443695
8,6016,0.056467414
8,6048,0.056428112
8,6080,0.056427278
9,0,0.056574453
9,32,0.056301743
9,64,0.056328353
9,96,0.056122754
9,128,0.056382544
9,160,0.056213733
9,192,0.05621269
9,224,0.05592278
9,256,0.056122087
9,288,0.056280162
9,320,0.056202114
9,352,0.059425965
9,384,0.059218206
9,416,0.058843803
9,448,0.05849598
9,480,0.05827874
9,512,0.05820943
9,544,0.058253195
9,576,0.05802031
9,608,0.057921935
9,640,0.058196824
9,672,0.05789636
9,704,0.0577642
9,736,0.05765282
9,768,0.05771919
9,800,0.057586525
9,832,0.057659242
9,864,0.05759783
9,896,0.05737921
9,928,0.057469368
9,960,0.05739057
9,992,0.05727128
9,1024,0.057454187
9,1056,0.05742474
9,1088,0.057231043
9,1120,0.057094995
9,1152,0.05731833
9,1184,0.057095617
9,1216,0.057150215
9,1248,0.057383075
9,1280,0.057038862
9,1312,0.05725306
9,1344,0.05742021
9,1376,0.061872143
9,1408,0.061577555
9,1440,0.06151062
9,1472,0.061203297
9,1504,0.060879465
9,1536,0.060768157
9,1568,0.060770437
9,1600,0.060343303
9,1632,0.060519956
9,1664,0.060401697
9,1696,0.06024433
9,1728,0.06043375
9,1760,0.06020653
9,1792,0.060011286
9,1824,0.060308967
9,1856,0.059908275
9,1888,0.059922718
9,1920,0.059993204
9,1952,0.059942942
9,1984,0.05990352
9,2016,0.059747785
9,2048,0.05973393
9,2080,0.05958815
9,2112,0.059691392
9,2144,0.05961121
9,2176,0.059468407
9,2208,0.059525654
9,2240,0.05973245
9,2272,0.059692346
9,2304,0.059521686
9,2336,0.059624117
9,2368,0.059277214
9,2400,0.05926607
9,2432,0.05902262
9,2464,0.058463678
9,2496,0.058513988
9,2528,0.058351222
9,2560,0.05811088
9,2592,0.05806069
9,2624,0.057956133
9,2656,0.057947766
9,2688,0.057887968
9,2720,0.05770522
9,2752,0.057545546
9,2784,0.057530984
9,2816,0.057733487
9,2848,0.057459578
9,2880,0.057471268
9,2912,0.057323337
9,2944,0.05735522
9,2976,0.05714682
9,3008,0.057187352
9,3040,0.057122268
9,3072,0.057154022
9,3104,0.05710835
9,3136,0.057067685
9,3168,0.057078864
9,3200,0.057189126
9,3232,0.05697618
9,3264,0.05681401
9,3296,0.057029646
9,3328,0.057004735
9,3360,0.056927457
9,3392,0.057084683
9,3424,0.059683226
9,3456,0.059232302
9,3488,0.058994066
9,3520,0.058755893
9,3552,0.058583923
9,3584,0.058305662
9,3616,0.058395766
9,3648,0.058512405
9,3680,0.05807546
9,3712,0.05802967
9,3744,0.057958886
9,3776,0.057887677
9,3808,0.057856157
9,3840,0.057872523
9,3872,0.057896607
9,3904,0.05764766
9,3936,0.057643034
9,3968,0.057491645
9,4000,0.057673246
9,4032,0.057679035
9,4064,0.05751071
9,4096,0.057559792
9,4128,0.057276618
9,4160,0.057299253
9,4192,0.057369817
9,4224,0.05745172
9,4256,0.05739882
9,4288,0.057440273
9,4320,0.05717058
9,4352,0.057292573
9,4384,0.057242125
9,4416,0.0572192
9,4448,0.0614231
9,4480,0.06135321
9,4512,0.06107958
9,4544,0.06076795
9,4576,0.06072948
9,4608,0.060543664
9,4640,0.060396217
9,4672,0.060060438
9,4704,0.060327344
9,4736,0.060149204
9,4768,0.0601704
9,4800,0.060039874
9,4832,0.05980792
9,4864,0.05981788
9,4896,0.059872784
9,4928,0.059714623
9,4960,0.059696868
9,4992,0.05970765
9,5024,0.05960646
9,5056,0.059544753
9,5088,0.059513077
9,5120,0.059597585
9,5152,0.059458192
9,5184,0.0597599
9,5216,0.05938066
9,5248,0.059383657
9,5280,0.059089098
9,5312,0.059233345
9,5344,0.059263602
9,5376,0.0592748
9,5408,0.05931633
9,5440,0.05933344
9,5472,0.060484793
9,5504,0.060478467
9,5536,0.060115516
9,5568,0.059896633
9,5600,0.05953126
9,5632,0.059716254
9,5664,0.05932714
9,5696,0.059270713
9,5728,0.05936529
9,5760,0.059191726
9,5792,0.058879487
9,5824,0.059077
9,5856,0.059009865
9,5888,0.058909792
9,5920,0.058713563
9,5952,0.0587003
9,5984,0.05878424
9,6016,0.058689363
9,6048,0.05886405
9,6080,0.05873444
10,0,0.058756907
10,32,0.058617286
10,64,0.058534894
10,96,0.05838305
10,128,0.058271028
10,160,0.05848006
10,192,0.05860383
10,224,0.058253236
10,256,0.058321934
10,288,0.05844385
10,320,0.05824658
10,352,0.058170795
10,384,0.060523637
10,416,0.06112116
10,448,0.06076201
10,480,0.06045286
10,512,0.06027477
10,544,0.060059737
10,576,0.059926625
10,608,0.060106665
10,640,0.059728112
10,672,0.05989623
10,704,0.059676096
10,736,0.059717473
10,768,0.05957634
10,800,0.059422743
10,832,0.05944511
10,864,0.05933643
10,896,0.059409965
10,928,0.059237674
10,960,0.059385736
10,992,0.05945771
10,1024,0.05908984
10,1056,0.059164025
10,1088,0.059078816
10,1120,0.059015363
10,1152,0.059190623
10,1184,0.05899288
10,1216,0.059229624
10,1248,0.059077986
10,1280,0.05891375
10,1312,0.058817204
10,1344,0.059010122
10,1376,0.058866687
10,1408,0.06282021
10,1440,0.06356635
10,1472,0.06308366
10,1504,0.06292616
10,1536,0.062786795
10,1568,0.06261283
10,1600,0.062338147
10,1632,0.062518045
10,1664,0.06234296
10,1696,0.061961856
10,1728,0.062059205
10,1760,0.06201733
10,1792,0.062050898
10,1824,0.061809555
10,1856,0.061863847
10,1888,0.061830677
10,1920,0.06171829
10,1952,0.0617773
10,1984,0.061713684
10,2016,0.061621774
10,2048,0.061522506
10,2080,0.06156577
10,2112,0.061414838
10,2144,0.061576106
10,2176,0.061563443
10,2208,0.06140699
10,2240,0.061488822
10,2272,0.06132426
10,2304,0.061406538
10,2336,0.061148893
10,2368,0.061089493
10,2400,0.061225772
10,2432,0.060825434
10,2464,0.06014993
10,2496,0.05979808
10,2528,0.05983648
10,2560,0.05961142
10,2592,0.059264757
10,2624,0.059244804
10,2656,0.059289273
10,2688,0.059372723
10,2720,0.058996495
10,2752,0.058881823
10,2784,0.05870719
10,2816,0.058868162
10,2848,0.058692988
10,2880,0.05861249
10,2912,0.05860566
10,2944,0.058658943
10,2976,0.058505945
10,3008,0.058614276
10,3040,0.058413755
10,3072,0.05853455
10,3104,0.05838203
10,3136,0.058378406
10,3168,0.058237527
10,3200,0.058407936
10,3232,0.05829941
10,3264,0.05826016
10,3296,0.058264986
10,3328,0.058039255
10,3360,0.0581474
10,3392,0.057978734
10,3424,0.05797932
10,3456,0.059681546
10,3488,0.059657574
10,3520,0.05960652
10,3552,0.059230495
10,3584,0.059198953
10,3616,0.059011247
10,3648,0.059063297
10,3680,0.058645107
10,3712,0.05865962
10,3744,0.05851396
10,3776,0.058441326
10,3808,0.05863172
10,3840,0.058436934
10,3872,0.058257416
10,3904,0.05818002
10,3936,0.05834903
10,3968,0.058164183
10,4000,0.058285676
10,4032,0.058178827
10,4064,0.057970643
10,4096,0.05804347
10,4128,0.058022015
10,4160,0.0580616
10,4192,0.0578961
10,4224,0.0578208
10,4256,0.057779323
10,4288,0.057757292
10,4320,0.05769331
10,4352,0.058025002
10,4384,0.05788093
10,4416,0.057597026
10,4448,0.057761706
10,4480,0.061366986
10,4512,0.061882954
10,4544,0.061794028
10,4576,0.061272677
10,4608,0.06131014
10,4640,0.061048023
10,4672,0.060925167
10,4704,0.060862295
10,4736,0.060698602
10,4768,0.06069234
10,4800,0.060449485
10,4832,0.060523666
10,4864,0.06045189
10,4896,0.060185492
10,4928,0.06036389
10,4960,0.060182206
10,4992,0.060083807
10,5024,0.060175143
10,5056,0.06011099
10,5088,0.06007352
10,5120,0.060146865
10,5152,0.059828237
10,5184,0.060060263
10,5216,0.06009532
10,5248,0.060150985
10,5280,0.059894834
10,5312,0.05986951
10,5344,0.05969756
10,5376,0.05977464
10,5408,0.059763987
10,5440,0.059969693
10,5472,0.059898715
10,5504,0.05698916
10,5536,0.055696826
10,5568,0.055518873
10,5600,0.055275563
10,5632,0.055035572
10,5664,0.054991342
10,5696,0.05501469
10,5728,0.054825485
10,5760,0.054647405
10,5792,0.054590583
10,5824,0.05445691
10,5856,0.05433809
10,5888,0.054485332
10,5920,0.05430862
10,5952,0.05431108
10,5984,0.054035198
10,6016,0.05426435
10,6048,0.054309998
10,6080,0.053909782
11,0,0.05417751
11,32,0.053954415
11,64,0.05390991
11,96,0.05400933
11,128,0.054029953
11,160,0.053874407
11,192,0.053968173
11,224,0.05401147
11,256,0.053823438
11,288,0.054009262
11,320,0.053735312
11,352,0.053734016
11,384,0.053713135
11,416,0.056611963
11,448,0.059208438
11,480,0.058880437
11,512,0.05854092
11,544,0.05832657
11,576,0.05820939
11,608,0.05800979
11,640,0.058026414
11,672,0.05800404
11,704,0.05800324
11,736,0.057899702
11,768,0.057661865
11,800,0.057532765
11,832,0.05740155
11,864,0.057337165
11,896,0.05749538
11,928,0.0573205
11,960,0.05756826
11,992,0.057394564
11,1024,0.05743865
11,1056,0.057199307
11,1088,0.057147678
11,1120,0.057272714
11,1152,0.057208687
11,1184,0.057338838
11,1216,0.057224497
11,1248,0.057063635
11,1280,0.057076354
11,1312,0.056834355
11,1344,0.05708877
11,1376,0.057077877
11,1408,0.057117194
11,1440,0.058148444
11,1472,0.058795776
11,1504,0.058560446
11,1536,0.058470055
11,1568,0.058265906
11,1600,0.058030456
11,1632,0.057824753
11,1664,0.057955686
11,1696,0.057853743
11,1728,0.057602387
11,1760,0.057669356
11,1792,0.057262726
11,1824,0.057219774
11,1856,0.057541016
11,1888,0.057355843
11,1920,0.057161182
11,1952,0.0572505
11,1984,0.057155628
11,2016,0.056991693
11,2048,0.057006914
11,2080,0.05719429
11,2112,0.056993883
11,2144,0.056894194
11,2176,0.056812815
11,2208,0.056881115
11,2240,0.05695145
11,2272,0.056706782
11,2304,0.056812778
11,2336,0.056796588
11,2368,0.056710757
11,2400,0.05685373
11,2432,0.056894254
11,2464,0.058082636
11,2496,0.059241015
11,2528,0.058756128
11,2560,0.058581658
11,2592,0.05834082
11,2624,0.058268733
11,2656,0.058120996
11,2688,0.057812653
11,2720,0.057945255
11,2752,0.057922218
11,2784,0.057619654
11,2816,0.057626408
11,2848,0.05745127
11,2880,0.05731367
11,2912,0.057217248
11,2944,0.057374045
11,2976,0.057238795
11,3008,0.057458524
11,3040,0.05732645
11,3072,0.057120632
11,3104,0.05721377
11,3136,0.0572536
11,3168,0.057231084
11,3200,0.057017155
11,3232,0.05692793
11,3264,0.057099596
11,3296,0.056978192
11,3328,0.057063013
11,3360,0.057004664
11,3392,0.056856975
11,3424,0.05690323
11,3456,0.056961905
11,3488,0.058254834
11,3520,0.059168216
11,3552,0.058615487
11,3584,0.058517683
11,3616,0.05847148
11,3648,0.05832014
11,3680,0.058207996
11,3712,0.058020107
11,3744,0.057944413
11,3776,0.057760313
11,3808,0.057759393
11,3840,0.057644363
11,3872,0.057630725
11,3904,0.057441387
11,3936,0.05755805
11,3968,0.05741194
11,4000,0.057176795
11,4032,0.05727137
11,4064,0.057172824
11,4096,0.057224993
11,4128,0.057230413
11,4160,0.057123408
11,4192,0.057292078
11,4224,0.05716618
11,4256,0.056985423
11,4288,0.05712749
11,4320,0.057108317
11,4352,0.05694439
11,4384,0.056991886
11,4416,0.056976326
11,4448,0.056815427
11,4480,0.057074185
11,4512,0.058008634
11,4544,0.05851942
11,4576,0.05803526
11,4608,0.057878993
11,4640,0.05763023
11,4672,0.057653952
11,4704,0.05751004
11,4736,0.057308603
11,4768,0.057048615
11,4800,0.057125606
11,4832,0.057125133
11,4864,0.05697217
11,4896,0.056962784
11,4928,0.056861762
11,4960,0.05692457
11,4992,0.056936294
11,5024,0.05679234
11,5056,0.056833938
11,5088,0.056697175
11,5120,0.05670802
11,5152,0.056576855
11,5184,0.05651019
11,5216,0.056512836
11,5248,0.05659152
11,5280,0.05654818
11,5312,0.05662563
11,5344,0.05629666
11,5376,0.056551043
11,5408,0.056345675
11,5440,0.056304045
11,5472,0.05633172
11,5504,0.056133825
11,5536,0.056968983
11,5568,0.057223793
11,5600,0.05669618
11,5632,0.056635424
11,5664,0.056221053
11,5696,0.0560588
11,5728,0.05626139
11,5760,0.056000803
11,5792,0.056062967
11,5824,0.055734918
11,5856,0.055734705
11,5888,0.055557538
11,5920,0.055793602
11,5952,0.05554211
11,5984,0.055629164
11,6016,0.055530988
11,6048,0.055668943
11,6080,0.055346176
12,0,0.05527003
12,32,0.055301215
12,64,0.055532373
12,96,0.055096935
12,128,0.0552975
12,160,0.055116475
12,192,0.05527317
12,224,0.055208668
12,256,0.055259667
12,288,0.05516808
12,320,0.054978583
12,352,0.05500951
12,384,0.054963958
12,416,0.05502855
12,448,0.055829346
12,480,0.057494406
12,512,0.05693192
12,544,0.056902945
12,576,0.05658503
12,608,0.056478914
12,640,0.05625707
12,672,0.056398537
12,704,0.056182757
12,736,0.056241475
12,768,0.05603548
12,800,0.055936825
12,832,0.055967458
12,864,0.055750605
12,896,0.05581516
12,928,0.055861097
12,960,0.055654213
12,992,0.055624016
12,1024,0.055579636
12,1056,0.05540746
12,1088,0.055460922
12,1120,0.055295464
12,1152,0.055539522
12,1184,0.055333704
12,1216,0.0553662
12,1248,0.05528209
12,1280,0.055248532
12,1312,0.055180743
12,1344,0.055070195
12,1376,0.055137314
12,1408,0.055064157
12,1440,0.055183236
12,1472,0.055348814
12,1504,0.0556762
12,1536,0.055249605
12,1568,0.054970276
12,1600,0.054816518
12,1632,0.05465967
12,1664,0.054491535
12,1696,0.054590475
12,1728,0.054353837
12,1760,0.054353815
12,1792,0.054192793
12,1824,0.054130226
12,1856,0.053936146
12,1888,0.053902064
12,1920,0.053985294
12,1952,0.053782616
12,1984,0.053997643
12,2016,0.053966958
12,2048,0.053623103
12,2080,0.053899728
12,2112,0.05369035
12,2144,0.053515337
12,2176,0.053711236
12,2208,0.05356819
12,2240,0.053372066
12,2272,0.05350771
12,2304,0.05358376
12,2336,0.05343773
12,2368,0.05342544
12,2400,0.053457405
12,2432,0.05335562
12,2464,0.05372163
12,2496,0.055157956
12,2528,0.059652675
12,2560,0.059418555
12,2592,0.059250906
12,2624,0.05907994
12,2656,0.05896016
12,2688,0.0586788
12,2720,0.058470894
12,2752,0.058576934
12,2784,0.058563285
12,2816,0.058155075
12,2848,0.058265537
12,2880,0.058147028
12,2912,0.058123972
12,2944,0.058160298
12,2976,0.058146145
12,3008,0.05806539
12,3040,0.05803966
12,3072,0.05796998
12,3104,0.05785681
12,3136,0.057720106
12,3168,0.057959683
12,3200,0.057942696
12,3232,0.05772006
12,3264,0.057534862
12,3296,0.057626832
12,3328,0.05755656
12,3360,0.05747637
12,3392,0.05748887
12,3424,0.057567563
12,3456,0.057509758
12,3488,0.057263922
12,3520,0.059289906
12,3552,0.063783154
12,3584,0.06352176
12,3616,0.063119434
12,3648,0.062761515
12,3680,0.06301412
12,3712,0.06277102
12,3744,0.06262042
12,3776,0.062523834
12,3808,0.062449884
12,3840,0.06244167
12,3872,0.062039558
12,3904,0.062435266
12,3936,0.06226604
12,3968,0.06205517
12,4000,0.061940286
12,4032,0.062279418
12,4064,0.062088005
12,4096,0.06187364
12,4128,0.06177133
12,4160,0.06207785
12,4192,0.061850008
12,4224,0.06185279
12,4256,0.06163484
12,4288,0.06195315
12,4320,0.0616203
12,4352,0.06183828
12,4384,0.061496858
12,4416,0.061458305
12,4448,0.06152748
12,4480,0.061607406
12,4512,0.061461255
12,4544,0.060205676
12,4576,0.057685334
12,4608,0.057554673
12,4640,0.05708012
12,4672,0.05687167
12,4704,0.0566589
12,4736,0.056536715
12,4768,0.056578107
12,4800,0.056382418
12,4832,0.056238357
12,4864,0.05614431
12,4896,0.055883124
12,4928,0.056027096
12,4960,0.056129456
12,4992,0.05597758
12,5024,0.055856235
12,5056,0.055918183
12,5088,0.055852808
12,5120,0.055706184
12,5152,0.055769145
12,5184,0.05561059
12,5216,0.05559773
12,5248,0.055567503
12,5280,0.055553187
12,5312,0.055681203
12,5344,0.055553
12,5376,0.055575486
12,5408,0.05558628
12,5440,0.05557403
12,5472,0.055375434
12,5504,0.055508595
12,5536,0.055573873
12,5568,0.05762241
12,5600,0.06369772
12,5632,0.063148975
12,5664,0.06280232
12,5696,0.06266518
12,5728,0.06268723
12,5760,0.0625642
12,5792,0.06243979
12,5824,0.06227908
12,5856,0.06234565
12,5888,0.062056463
12,5920,0.062132183
12,5952,0.061892547
12,5984,0.06190298
12,6016,0.061910715
12,6048,0.06187496
12,6080,0.061663568
13,0,0.06163293
13,32,0.061722934
13,64,0.06160983
13,96,0.061649937
13,128,0.06165457
13,160,0.061401337
13,192,0.061225165
13,224,0.061459802
13,256,0.061438315
13,288,0.061392367
13,320,0.06137059
13,352,0.061231356
13,384,0.061066765
13,416,0.061223462
13,448,0.06123555
13,480,0.061246797
13,512,0.058054205
13,544,0.057660528
13,576,0.057437513
13,608,0.05712542
13,640,0.056966145
13,672,0.056718048
13,704,0.056770872
13,736,0.056724425
13,768,0.056510996
13,800,0.056437034
13,832,0.056275412
13,864,0.056255307
13,896,0.05627434
13,928,0.05613937
13,960,0.056114923
13,992,0.05617967
13,1024,0.056194838
13,1056,0.056101963
13,1088,0.055982657
13,1120,0.05604478
13,1152,0.055913903
13,1184,0.055893816
13,1216,0.055871226
13,1248,0.055874962
13,1280,0.05573375
13,1312,0.05570577
13,1344,0.055776197
13,1376,0.055668145
13,1408,0.055561572
13,1440,0.05556092
13,1472,0.055535223
13,1504,0.055609655
13,1536,0.058788557
13,1568,0.05836775
13,1600,0.058268107
13,1632,0.05809971
13,1664,0.057785016
13,1696,0.057874173
13,1728,0.057634275
13,1760,0.05749514
13,1792,0.05746921
13,1824,0.057392705
13,1856,0.05749428
13,1888,0.05736749
13,1920,0.057161428
13,1952,0.057293348
13,1984,0.057013504
13,2016,0.057167612
13,2048,0.057044063
13,2080,0.05684835
13,2112,0.05695098
13,2144,0.056812394
13,2176,0.056889635
13,2208,0.05663258
13,2240,0.056828123
13,2272,0.056951586
13,2304,0.056583572
13,2336,0.05670567
13,2368,0.05646804
13,2400,0.05666212
13,2432,0.056624543
13,2464,0.056453295
13,2496,0.05643412
13,2528,0.05668133
13,2560,0.06066296
13,2592,0.06031539
13,2624,0.06011222
13,2656,0.05992529
13,2688,0.05982537
13,2720,0.059798285
13,2752,0.05959151
13,2784,0.059512205
13,2816,0.059324887
13,2848,0.059399493
13,2880,0.05908981
13,2912,0.05926593
13,2944,0.05921538
13,2976,0.058978558
13,3008,0.059007682
13,3040,0.05888354
13,3072,0.058946405
13,3104,0.058974497
13,3136,0.058901463
13,3168,0.058749627
13,3200,0.058837898
13,3232,0.05892305
13,3264,0.058614545
13,3296,0.058667943
13,3328,0.058579937
13,3360,0.058400784
13,3392,0.0585252
13,3424,0.058446806
13,3456,0.058548883
13,3488,0.058404125
13,3520,0.05852989
13,3552,0.05858908
13,3584,0.061937973
13,3616,0.06133775
13,3648,0.061063804
13,3680,0.060953934
13,3712,0.060788684
13,3744,0.060657557
13,3776,0.060413226
13,3808,0.060417928
13,3840,0.06023537
13,3872,0.06030659
13,3904,0.06038942
13,3936,0.06010489
13,3968,0.060044017
13,4000,0.059983384
13,4032,0.059940405
13,4064,0.059993453
13,4096,0.05994011
13,4128,0.05988199
13,4160,0.059732236
13,4192,0.05967043
13,4224,0.059892368
13,4256,0.05967046
13,4288,0.059589937
13,4320,0.05972267
13,4352,0.05955622
13,4384,0.059537437
13,4416,0.059383545
13,4448,0.059550814
13,4480,0.05951123
13,4512,0.05925915
13,4544,0.05938144
13,4576,0.059272353
13,4608,0.058144994
13,4640,0.057671446
13,4672,0.057630077
13,4704,0.05714318
13,4736,0.057132334
13,4768,0.057077892
13,4800,0.05686922
13,4832,0.05661242
13,4864,0.05667947
13,4896,0.056679524
13,4928,0.05651323
13,4960,0.0566272
13,4992,0.056450922
13,5024,0.056353863
13,5056,0.05614517
13,5088,0.056292057
13,5120,0.056142844
13,5152,0.05608352
13,5184,0.056187678
13,5216,0.05621709
13,5248,0.05620664
13,5280,0.056002527
13,5312,0.05617732
13,5344,0.055962745
13,5376,0.055975825
13,5408,0.055829205
13,5440,0.055694103
13,5472,0.05588489
13,5504,0.056055214
13,5536,0.05578606
13,5568,0.055600997
13,5600,0.056007996
13,5632,0.058779914
13,5664,0.058554642
13,5696,0.0585015
13,5728,0.058336712
13,5760,0.058080956
13,5792,0.05797
13,5824,0.057927854
13,5856,0.057779413
13,5888,0.057729237
13,5920,0.057462938
13,5952,0.057465084
13,5984,0.057372313
13,6016,0.057472363
13,6048,0.057185024
13,6080,0.057262886
14,0,0.057036836
14,32,0.057348326
14,64,0.057135858
14,96,0.057108916
14,128,0.057098452
14,160,0.05688623
14,192,0.056948084
14,224,0.057098698
14,256,0.057087317
14,288,0.057118643
14,320,0.057118703
14,352,0.05691142
14,384,0.056873094
14,416,0.056732874
14,448,0.056713503
14,480,0.05683117
14,512,0.05672952
14,544,0.057798952
14,576,0.05776543
14,608,0.057556294
14,640,0.057556275
14,672,0.05713961
14,704,0.057113178
14,736,0.056943454
14,768,0.056878734
14,800,0.056688044
14,832,0.056607928
14,864,0.056517247
14,896,0.05668127
14,928,0.056417547
14,960,0.056272354
14,992,0.05651251
14,1024,0.056490444
14,1056,0.056509204
14,1088,0.056242276
14,1120,0.056164533
14,1152,0.05616814
14,1184,0.056151778
14,1216,0.056103535
14,1248,0.056211792
14,1280,0.055982485
14,1312,0.055842586
14,1344,0.056174774
14,1376,0.055998486
14,1408,0.055986673
14,1440,0.055917323
14,1472,0.05578389
14,1504,0.055779528
14,1536,0.055937335
14,1568,0.06103204
14,1600,0.062051143
14,1632,0.061738655
14,1664,0.061413463
14,1696,0.061543006
14,1728,0.06131024
14,1760,0.06119639
14,1792,0.06106923
14,1824,0.06111146
14,1856,0.061240867
14,1888,0.06075612
14,1920,0.060787547
14,1952,0.060694084
14,1984,0.060657587
14,2016,0.060395844
14,2048,0.06063617
14,2080,0.06047962
14,2112,0.06046533
14,2144,0.06047673
14,2176,0.060376387
14,2208,0.06029865
14,2240,0.06024432
14,2272,0.060166337
14,2304,0.060235396
14,2336,0.060125314
14,2368,0.05994793
14,2400,0.060159985
14,2432,0.060223605
14,2464,0.060060475
14,2496,0.059949953
14,2528,0.0600174
14,2560,0.060220852
14,2592,0.061355546
14,2624,0.061447985
14,2656,0.061112914
14,2688,0.061050605
14,2720,0.06085874
14,2752,0.060598023
14,2784,0.060414188
14,2816,0.060683303
14,2848,0.06043162
14,2880,0.060342293
14,2912,0.060167797
14,2944,0.059923153
14,2976,0.05992495
14,3008,0.060127746
14,3040,0.060106132
14,3072,0.059857663
14,3104,0.05985992
14,3136,0.059832323
14,3168,0.05968353
14,3200,0.059713855
14,3232,0.05973051
14,3264,0.059638545
14,3296,0.059728224
14,3328,0.059492853
14,3360,0.05944302
14,3392,0.059481677
14,3424,0.059578143
14,3456,0.0594565
14,3488,0.059509505
14,3520,0.059406724
14,3552,0.05956509
14,3584,0.059449714
14,3616,0.060767572
14,3648,0.060874134
14,3680,0.06044329
14,3712,0.060417455
14,3744,0.060183518
14,3776,0.059997246
14,3808,0.059920438
14,3840,0.05965008
14,3872,0.059534587
14,3904,0.059489388
14,3936,0.059700236
14,3968,0.059481286
14,4000,0.059563093
14,4032,0.05955056
14,4064,0.05927139
14,4096,0.059214905
14,4128,0.059421826
14,4160,0.05929573
14,4192,0.05921365
14,4224,0.05918816
14,4256,0.059151076
14,4288,0.058859617
14,4320,0.059158307
14,4352,0.059033476
14,4384,0.058960076
14,4416,0.058867984
14,4448,0.05904841
14,4480,0.05902295
14,4512,0.05898836
14,4544,0.05874328
14,4576,0.058753315
14,4608,0.059047803
14,4640,0.060492516
14,4672,0.06064981
14,4704,0.060483713
14,4736,0.06024705
14,4768,0.059799243
14,4800,0.059952386
14,4832,0.059913255
14,4864,0.059703093
14,4896,0.059779104
14,4928,0.059567183
14,4960,0.059591465
14,4992,0.05949796
14,5024,0.05925483
14,5056,0.059191916
14,5088,0.05922808
14,5120,0.059035245
14,5152,0.05911616
14,5184,0.059209876
14,5216,0.05918531
14,5248,0.059189
14,5280,0.058889825
14,5312,0.058896046
14,5344,0.058793295
14,5376,0.05872801
14,5408,0.058970034
14,5440,0.05895136
14,5472,0.05885902
14,5504,0.05868942
14,5536,0.058805104
14,5568,0.058739368
14,5600,0.0587287
14,5632,0.058481522
14,5664,0.060724616
14,5696,0.060791716
14,5728,0.060617577
14,5760,0.06065836
14,5792,0.060342483
14,5824,0.06012443
14,5856,0.060125712
14,5888,0.0600204
14,5920,0.059817456
14,5952,0.059764765
14,5984,0.059585605
14,6016,0.05954673
14,6048,0.059462987
14,6080,0.059598926
15,0,0.059559982
15,32,0.05948001
15,64,0.059272815
15,96,0.05924645
15,128,0.059356574
15,160,0.05939173
15,192,0.05907918
15,224,0.059148945
15,256,0.05918057
15,288,0.05901583
15,320,0.05904491
15,352,0.05912611
15,384,0.058931906
15,416,0.059057873
15,448,0.059020463
15,480,0.05880242
15,512,0.05910895
15,544,0.05901341
15,576,0.05769231
15,608,0.055995975
15,640,0.05547934
15,672,0.05538963
15,704,0.055369496
15,736,0.05511863
15,768,0.055051263
15,800,0.05505063
15,832,0.054863043
15,864,0.054651596
15,896,0.054580893
15,928,0.05470682
15,960,0.05461527
15,992,0.054484937
15,1024,0.05447338
15,1056,0.054436203
15,1088,0.05443649
15,1120,0.05438857
15,1152,0.054166492
15,1184,0.054266375
15,1216,0.054197636
15,1248,0.054236636
15,1280,0.054009557
15,1312,0.05404241
15,1344,0.05418111
15,1376,0.05398371
15,1408,0.05391175
15,1440,0.054020952
15,1472,0.054004975
15,1504,0.053790893
15,1536,0.053886145
15,1568,0.05391391
15,1600,0.059734583
15,1632,0.06427886
15,1664,0.06409491
15,1696,0.063835934
15,1728,0.063709825
15,1760,0.06372558
15,1792,0.06346207
15,1824,0.06336263
15,1856,0.063415565
15,1888,0.06297213
15,1920,0.06308808
15,1952,0.06308403
15,1984,0.063015826
15,2016,0.062986396
15,2048,0.062843844
15,2080,0.062812276
15,2112,0.062576935
15,2144,0.06267845
15,2176,0.062803544
15,2208,0.062658824
15,2240,0.062436506
15,2272,0.06242607
15,2304,0.06259751
15,2336,0.062458068
15,2368,0.062442254
15,2400,0.062290605
15,2432,0.06206244
15,2464,0.062286273
15,2496,0.06235797
15,2528,0.062472794
15,2560,0.062304337
15,2592,0.062162574
15,2624,0.06293632
15,2656,0.06334078
15,2688,0.06320312
15,2720,0.06277093
15,2752,0.062886894
15,2784,0.062801994
15,2816,0.06224523
15,2848,0.062325764
15,2880,0.06209911
15,2912,0.06221444
15,2944,0.062106803
15,2976,0.062190596
15,3008,0.061983533
15,3040,0.062065147
15,3072,0.06183316
15,3104,0.0618164
15,3136,0.06169927
15,3168,0.06149848
15,3200,0.061578456
15,3232,0.06170838
15,3264,0.06148636
15,3296,0.06146126
15,3328,0.061700195
15,3360,0.06155573
15,3392,0.061418895
15,3424,0.06142926
15,3456,0.0614651
15,3488,0.061381117
15,3520,0.061309107
15,3552,0.06116
15,3584,0.061263412
15,3616,0.06110707
15,3648,0.062305566
15,3680,0.06263073
15,3712,0.06226526
15,3744,0.06199226
15,3776,0.061879694
15,3808,0.061825607
15,3840,0.06170634
15,3872,0.061716583
15,3904,0.0614726
15,3936,0.061282363
15,3968,0.061294395
15,4000,0.06139858
15,4032,0.061225973
15,4064,0.061061163
15,4096,0.06086284
15,4128,0.061099254
15,4160,0.06099537
15,4192,0.06098639
15,4224,0.06088542
15,4256,0.060968343
15,4288,0.060862593
15,4320,0.06077868
15,4352,0.060942028
15,4384,0.060838774
15,4416,0.060597133
15,4448,0.06072217
15,4480,0.06071075
15,4512,0.06050442
15,4544,0.060568355
15,4576,0.060465734
15,4608,0.06062293
15,4640,0.060357783
15,4672,0.059955254
15,4704,0.058577362
15,4736,0.058545753
15,4768,0.058206335
15,4800,0.058210086
15,4832,0.058004737
15,4864,0.058032766
15,4896,0.057739906
15,4928,0.05770283
15,4960,0.05758225
15,4992,0.057625156
15,5024,0.05735624
15,5056,0.05746474
15,5088,0.057387825
15,5120,0.057354357
15,5152,0.057389308
15,5184,0.05707246
15,5216,0.057237998
15,5248,0.05703626
15,5280,0.05708548
15,5312,0.057075314
15,5344,0.057015076
15,5376,0.05682394
15,5408,0.057053823
15,5440,0.05700133
15,5472,0.05707334
15,5504,0.056801114
15,5536,0.056894705
15,5568,0.056833792
15,5600,0.05664464
15,5632,0.05673013
15,5664,0.05665793
15,5696,0.056339044
15,5728,0.056065813
15,5760,0.055573165
15,5792,0.055423297
15,5824,0.055357948
15,5856,0.05526347
15,5888,0.05491179
15,5920,0.055055175
15,5952,0.05493857
15,5984,0.054704655
15,6016,0.05483784
15,6048,0.054658797
15,6080,0.0545797
16,0,0.054621283
16,32,0.054619078
16,64,0.05440256
16,96,0.05445357
16,128,0.054309513
16,160,0.05437603
16,192,0.05428987
16,224,0.054135006
16,256,0.05426778
16,288,0.054028925
16,320,0.05434195
16,352,0.054172687
16,384,0.054093562
16,416,0.054118928
16,448,0.054199055
16,480,0.054083426
16,512,0.054102205
16,544,0.054172855
16,576,0.054143738
16,608,0.05481339
16,640,0.056773476
16,672,0.056183487
16,704,0.055925578
16,736,0.055933602
16,768,0.055703584
16,800,0.055431873
16,832,0.05539318
16,864,0.055292413
16,896,0.0553349
16,928,0.055297863
16,960,0.055260025
16,992,0.05502909
16,1024,0.055169646
16,1056,0.05496059
16,1088,0.055030435
16,1120,0.054936375
16,1152,0.054975323
16,1184,0.054741714
16,1216,0.05476383
16,1248,0.054802142
16,1280,0.054610044
16,1312,0.054717384
16,1344,0.054635078
16,1376,0.054692496
16,1408,0.05454809
16,1440,0.054651834
16,1472,0.054606307
16,1504,0.054445013
16,1536,0.054335594
16,1568,0.054372497
16,1600,0.054604508
16,1632,0.056901604
16,1664,0.06306078
16,1696,0.06330481
16,1728,0.0629512
16,1760,0.062725596
16,1792,0.06250718
16,1824,0.062418643
16,1856,0.062373586
16,1888,0.06213443
16,1920,0.06223448
16,1952,0.06209156
16,1984,0.061935395
16,2016,0.061836254
16,2048,0.061992742
16,2080,0.061764155
16,2112,0.061963446
16,2144,0.061703987
16,2176,0.061769307
16,2208,0.061655845
16,2240,0.06137169
16,2272,0.06173036
16,2304,0.061521545
16,2336,0.06131454
16,2368,0.061507057
16,2400,0.061206687
16,2432,0.061469704
16,2464,0.061373755
16,2496,0.061379533
16,2528,0.06107971
16,2560,0.061390296
16,2592,0.061167
16,2624,0.061226398
16,2656,0.061440915
16,2688,0.062008683
16,2720,0.061688654
16,2752,0.061577182
16,2784,0.061300706
16,2816,0.061163645
16,2848,0.061068647
16,2880,0.060794722
16,2912,0.060736496
16,2944,0.060772512
16,2976,0.060861416
16,3008,0.060559176
16,3040,0.06067148
16,3072,0.06037499
16,3104,0.060533885
16,3136,0.06042517
16,3168,0.060533438
16,3200,0.06018259
16,3232,0.06023463
16,3264,0.060223024
16,3296,0.060182843
16,3328,0.05998271
16,3360,0.059903245
16,3392,0.060065128
16,3424,0.060115255
16,3456,0.059842214
16,3488,0.05965195
16,3520,0.059908576
16,3552,0.060033873
16,3584,0.059796497
16,3616,0.0598219
16,3648,0.05993058
16,3680,0.059851386
16,3712,0.05891445
16,3744,0.05854874
16,3776,0.05823725
16,3808,0.058142815
16,3840,0.058010127
16,3872,0.058106087
16,3904,0.058003835
16,3936,0.057924982
16,3968,0.05760815
16,4000,0.057515472
16,4032,0.057480816
16,4064,0.057440482
16,4096,0.057551596
16,4128,0.05743404
16,4160,0.057446368
16,4192,0.057129562
16,4224,0.057210773
16,4256,0.056959316
16,4288,0.05717136
16,4320,0.057183158
16,4352,0.057266112
16,4384,0.056971557
16,4416,0.057035025
16,4448,0.05689861
16,4480,0.05707625
16,4512,0.05696128
16,4544,0.05691548
16,4576,0.056788158
16,4608,0.05670945
16,4640,0.05675341
16,4672,0.0567352
16,4704,0.05797272
16,4736,0.06015744
16,4768,0.060094386
16,4800,0.059779484
16,4832,0.059784945
16,4864,0.059855714
16,4896,0.059542455
16,4928,0.05935176
16,4960,0.059275284
16,4992,0.059037346
16,5024,0.05908377
16,5056,0.058943164
16,5088,0.058789533
16,5120,0.058815166
16,5152,0.058670707
16,5184,0.058845844
16,5216,0.05886251
16,5248,0.058879845
16,5280,0.058729373
16,5312,0.05841721
16,5344,0.058751043
16,5376,0.058633044
16,5408,0.058512524
16,5440,0.058366094
16,5472,0.058446877
16,5504,0.058432184
16,5536,0.058455463
16,5568,0.058440935
16,5600,0.058301363
16,5632,0.05834709
16,5664,0.058098353
16,5696,0.058213018
16,5728,0.057617888
16,5760,0.055565737
16,5792,0.055035327
16,5824,0.05486134
16,5856,0.054801233
16,5888,0.054622665
16,5920,0.054361995
16,5952,0.054364085
16,5984,0.054216642
16,6016,0.05417686
16,6048,0.054234445
16,6080,0.054163657
17,0,0.054173097
17,32,0.054159433
17,64,0.054111816
17,96,0.053896397
17,128,0.053703994
17,160,0.053993173
17,192,0.053850755
17,224,0.053587083
17,256,0.053778164
17,288,0.05352153
17,320,0.053617373
17,352,0.053702213
17,384,0.053671356
17,416,0.053516854
17,448,0.05355966
17,480,0.053452425
17,512,0.053498898
17,544,0.053451568
17,576,0.053367764
17,608,0.053202603
17,640,0.053542446
17,672,0.060258437
17,704,0.060189802
17,736,0.059920367
17,768,0.05962986
17,800,0.05948898
17,832,0.059403054
17,864,0.059362765
17,896,0.059354007
17,928,0.059141308
17,960,0.059209146
17,992,0.059017234
17,1024,0.059115544
17,1056,0.05885246
17,1088,0.05869794
17,1120,0.058762126
17,1152,0.058630757
17,1184,0.058755048
17,1216,0.05863454
17,1248,0.058589812
17,1280,0.058549676
17,1312,0.058534976
17,1344,0.058561258
17,1376,0.058490753
17,1408,0.058531124
17,1440,0.05835455
17,1472,0.05835309
17,1504,0.058452792
17,1536,0.0583039
17,1568,0.058436573
17,1600,0.058323514
17,1632,0.058350813
17,1664,0.058326975
17,1696,0.06276701
17,1728,0.062471624
17,1760,0.06231999
17,1792,0.06190171
17,1824,0.062064335
17,1856,0.06179833
17,1888,0.061837107
17,1920,0.061695244
17,1952,0.06159637
17,1984,0.061261427
17,2016,0.061178595
17,2048,0.061278053
17,2080,0.061144855
17,2112,0.06102504
17,2144,0.061338313
17,2176,0.061036535
17,2208,0.06107402
17,2240,0.060987588
17,2272,0.0609887
17,2304,0.06080951
17,2336,0.06075059
17,2368,0.060948513
17,2400,0.06079717
17,2432,0.060728077
17,2464,0.060666323
17,2496,0.060750898
17,2528,0.060599882
17,2560,0.060670678
17,2592,0.06047904
17,2624,0.06046799
17,2656,0.06035348
17,2688,0.0608022
17,2720,0.06536619
17,2752,0.065100074
17,2784,0.06485385
17,2816,0.06454222
17,2848,0.06448111
17,2880,0.06439925
17,2912,0.064279735
17,2944,0.06436768
17,2976,0.06385173
17,3008,0.06407811
17,3040,0.06404322
17,3072,0.06401184
17,3104,0.06376959
17,3136,0.06380192
17,3168,0.06385797
17,3200,0.06364707
17,3232,0.063668385
17,3264,0.06352943
17,3296,0.06354423
17,3328,0.06342367
17,3360,0.063172154
17,3392,0.063108586
17,3424,0.06334762
17,3456,0.063240655
17,3488,0.06310948
17,3520,0.063257046
17,3552,0.06338519
17,3584,0.06317923
17,3616,0.06310778
17,3648,0.06302944
17,3680,0.06306489
17,3712,0.06305281
17,3744,0.06107699
17,3776,0.060579497
17,3808,0.060359612
17,3840,0.060164306
17,3872,0.06008106
17,3904,0.059964105
17,3936,0.059956666
17,3968,0.05975782
17,4000,0.05949115
17,4032,0.05960619
17,4064,0.05926681
17,4096,0.059316162
17,4128,0.059542634
17,4160,0.05941385
17,4192,0.05923645
17,4224,0.059220366
17,4256,0.059087764
17,4288,0.059005104
17,4320,0.05910774
17,4352,0.05901435
17,4384,0.05928901
17,4416,0.05899194
17,4448,0.05881343
17,4480,0.05883967
17,4512,0.058830913
17,4544,0.058932386
17,4576,0.05902452
17,4608,0.058849607
17,4640,0.058833405
17,4672,0.058593668
17,4704,0.0587419
17,4736,0.058707025
17,4768,0.055383366
17,4800,0.054926444
17,4832,0.054862905
17,4864,0.054776832
17,4896,0.054700967
17,4928,0.054359905
17,4960,0.0543979
17,4992,0.054148655
17,5024,0.0543036
17,5056,0.054252826
17,5088,0.053949494
17,5120,0.053882387
17,5152,0.054042373
17,5184,0.053870644
17,5216,0.05391116
17,5248,0.053825628
17,5280,0.053804256
17,5312,0.053725585
17,5344,0.05360199
17,5376,0.053797353
17,5408,0.053647235
17,5440,0.053567138
17,5472,0.05368901
17,5504,0.053604055
17,5536,0.053674467
17,5568,0.05369221
17,5600,0.05343229
17,5632,0.053254895
17,5664,0.0533769
17,5696,0.053521186
17,5728,0.053381853
17,5760,0.053622097
17,5792,0.05805541
17,5824,0.05789073
17,5856,0.057437755
17,5888,0.057541303
17,5920,0.057357494
17,5952,0.0573789
17,5984,0.057066023
17,6016,0.05716378
17,6048,0.056834433
17,6080,0.056880064
18,0,0.057037685
18,32,0.05669185
18,64,0.0568156
18,96,0.056698326
18,128,0.05649776
18,160,0.056572683
18,192,0.05657505
18,224,0.056699887
18,256,0.056500077
18,288,0.056418393
18,320,0.056391653
18,352,0.05636687
18,384,0.056242954
18,416,0.056428805
18,448,0.056190494
18,480,0.056189977
18,512,0.05617689
18,544,0.056056954
18,576,0.056129724
18,608,0.05621387
18,640,0.056052912
18,672,0.056130778
18,704,0.059032068
18,736,0.05963216
18,768,0.05936249
18,800,0.059238665
18,832,0.059082057
18,864,0.059160512
18,896,0.058856316
18,928,0.05876467
18,960,0.058831684
18,992,0.058749296
18,1024,0.05854239
18,1056,0.058542702
18,1088,0.058723144
18,1120,0.058609802
18,1152,0.058347672
18,1184,0.058251984
18,1216,0.05842025
18,1248,0.0581922
18,1280,0.05831093
18,1312,0.057998072
18,1344,0.05824542
18,1376,0.058090575
18,1408,0.05805753
18,1440,0.058077537
18,1472,0.057880618
18,1504,0.058123432
18,1536,0.057638396
18,1568,0.05785587
18,1600,0.057987705
18,1632,0.05788165
18,1664,0.057863142
18,1696,0.057796903
18,1728,0.059552297
18,1760,0.059525497
18,1792,0.059285358
18,1824,0.059140846
18,1856,0.05906853
18,1888,0.05891212
18,1920,0.05904267
18,1952,0.05881879
18,1984,0.05898005
18,2016,0.05893443
18,2048,0.058571722
18,2080,0.058674373
18,2112,0.058609154
18,2144,0.058541045
18,2176,0.05835039
18,2208,0.058341153
18,2240,0.05821924
18,2272,0.05824478
18,2304,0.05816746
18,2336,0.058118552
18,2368,0.05800881
18,2400,0.05800572
18,2432,0.058021516
18,2464,0.05800963
18,2496,0.057963904
18,2528,0.057888016
18,2560,0.058155987
18,2592,0.0579476
18,2624,0.057938024
18,2656,0.057788417
18,2688,0.058124118
18,2720,0.05794735
18,2752,0.05825155
18,2784,0.05816198
18,2816,0.0579046
18,2848,0.057841428
18,2880,0.057527073
18,2912,0.057436552
18,2944,0.05746062
18,2976,0.057153203
18,3008,0.057044588
18,3040,0.057384238
18,3072,0.05694996
18,3104,0.056789253
18,3136,0.05687517
18,3168,0.05671554
18,3200,0.05688214
18,3232,0.05672426
18,3264,0.05675262
18,3296,0.05678024
18,3328,0.056753796
18,3360,0.05662678
18,3392,0.056685492
18,3424,0.056528427
18,3456,0.05652988
18,3488,0.05650047
18,3520,0.056440294
18,3552,0.056486346
18,3584,0.056481432
18,3616,0.056497138
18,3648,0.056195695
18,3680,0.05656255
18,3712,0.056325298
18,3744,0.056373585
18,3776,0.058097966
18,3808,0.058328304
18,3840,0.05810031
18,3872,0.05771791
18,3904,0.05783392
18,3936,0.057773445
18,3968,0.057709605
18,4000,0.057488065
18,4032,0.05733158
18,4064,0.057386965
18,4096,0.057201006
18,4128,0.057207186
18,4160,0.057039704
18,4192,0.057143353
18,4224,0.057063084
18,4256,0.057067074
18,4288,0.056988396
18,4320,0.05672605
18,4352,0.05686
18,4384,0.05656361
18,4416,0.056867983
18,4448,0.05668334
18,4480,0.056652587
18,4512,0.056797154
18,4544,0.05674582
18,4576,0.056533594
18,4608,0.056727357
18,4640,0.056600675
18,4672,0.056623153
18,4704,0.05651036
18,4736,0.056614615
18,4768,0.056537464
18,4800,0.059878416
18,4832,0.06039063
18,4864,0.06035748
18,4896,0.06014674
18,4928,0.060097333
18,4960,0.0599436
18,4992,0.05968086
18,5024,0.05971197
18,5056,0.059543017
18,5088,0.059524097
18,5120,0.059371915
18,5152,0.059465386
18,5184,0.05948679
18,5216,0.05908092
18,5248,0.059065312
18,5280,0.058932897
18,5312,0.05916968
18,5344,0.058809172
18,5376,0.058921225
18,5408,0.05919087
18,5440,0.058828782
18,5472,0.058920503
18,5504,0.058733348
18,5536,0.058867685
18,5568,0.0589569
18,5600,0.058700334
18,5632,0.05870623
18,5664,0.058644496
18,5696,0.058598895
18,5728,0.058697324
18,5760,0.05864685
18,5792,0.058848996
18,5824,0.06059531
18,5856,0.060723625
18,5888,0.06060781
18,5920,0.06040851
18,5952,0.060049072
18,5984,0.060054474
18,6016,0.059918303
18,6048,0.05996426
18,6080,0.05998051
19,0,0.059849877
19,32,0.059829015
19,64,0.059480797
19,96,0.059647586
19,128,0.05968947
19,160,0.059638236
19,192,0.059488826
19,224,0.059388854
19,256,0.059275575
19,288,0.0593589
19,320,0.059302166
19,352,0.059187952
19,384,0.0592645
19,416,0.05906562
19,448,0.05922964
19,480,0.05903737
19,512,0.059025154
19,544,0.05898857
19,576,0.05897817
19,608,0.059003998
19,640,0.058970977
19,672,0.058865376
19,704,0.05873498
19,736,0.059167754
19,768,0.059122443
19,800,0.058675162
19,832,0.058529112
19,864,0.05839545
19,896,0.058181077
19,928,0.05803615
19,960,0.058141742
19,992,0.05796575
19,1024,0.057918146
19,1056,0.0578486
19,1088,0.05767301
19,1120,0.057636898
19,1152,0.05769127
19,1184,0.05762426
19,1216,0.057324365
19,1248,0.05747225
19,1280,0.057390723
19,1312,0.05742819
19,1344,0.057138395
19,1376,0.057132166
19,1408,0.057208776
19,1440,0.057170246
19,1472,0.057126716
19,1504,0.057191983
19,1536,0.057113096
19,1568,0.057234783
19,1600,0.057122417
19,1632,0.057023276
19,1664,0.05716309
19,1696,0.05696035
19,1728,0.056945227
19,1760,0.057972904
19,1792,0.05869007
19,1824,0.0582945
19,1856,0.058221474
19,1888,0.058097504
19,1920,0.057863563
19,1952,0.057921518
19,1984,0.05757676
19,2016,0.057773072
19,2048,0.057608414
19,2080,0.057741936
19,2112,0.0574118
19,2144,0.057505608
19,2176,0.05723351
19,2208,0.05723117
19,2240,0.057222184
19,2272,0.057206113
19,2304,0.057079528
19,2336,0.057087157
19,2368,0.057022274
19,2400,0.056979243
19,2432,0.057060156
19,2464,0.05706702
19,2496,0.056966793
19,2528,0.05699312
19,2560,0.056914333
19,2592,0.056983147
19,2624,0.056903753
19,2656,0.056873195
19,2688,0.05674384
19,2720,0.057056073
19,2752,0.056838337
19,2784,0.05801198
19,2816,0.058663968
19,2848,0.058397334
19,2880,0.058173083
19,2912,0.058059894
19,2944,0.057848636
19,2976,0.057760816
19,3008,0.0576344
19,3040,0.0575545
19,3072,0.057612713
19,3104,0.05748551
19,3136,0.05750274
19,3168,0.05740477
19,3200,0.057171844
19,3232,0.057356443
19,3264,0.05716047
19,3296,0.057119697
19,3328,0.05696462
19,3360,0.05712976
19,3392,0.05731915
19,3424,0.05689625
19,3456,0.056783844
19,3488,0.056747023
19,3520,0.056836877
19,3552,0.05674119
19,3584,0.05697075
19,3616,0.056965657
19,3648,0.05687329
19,3680,0.056824587
19,3712,0.056737937
19,3744,0.056645483
19,3776,0.05665954
19,3808,0.05783241
19,3840,0.058543198
19,3872,0.05832188
19,3904,0.058277614
19,3936,0.058044977
19,3968,0.057930697
19,4000,0.057815254
19,4032,0.057746675
19,4064,0.057551708
19,4096,0.057420332
19,4128,0.057519715
19,4160,0.057494536
19,4192,0.057569727
19,4224,0.0573836
19,4256,0.057294033
19,4288,0.057379343
19,4320,0.05706929
19,4352,0.057105366
19,4384,0.057331424
19,4416,0.056944657
19,4448,0.056838337
19,4480,0.057012185
19,4512,0.0569149
19,4544,0.056909923
19,4576,0.056959767
19,4608,0.056829344
19,4640,0.05682803
19,4672,0.056862313
19,4704,0.056891844
19,4736,0.056848057
19,4768,0.057052888
19,4800,0.05671606
19,4832,0.058722198
19,4864,0.060459957
19,4896,0.060124256
19,4928,0.060084794
19,4960,0.05971393
19,4992,0.059784096
19,5024,0.059767835
19,5056,0.059551075
19,5088,0.059475075
19,5120,0.059517305
19,5152,0.059318725
19,5184,0.059443165
19,5216,0.059239108
19,5248,0.05905081
19,5280,0.059354596
19,5312,0.059058636
19,5344,0.059030272
19,5376,0.05890176
19,5408,0.05903205
19,5440,0.058956433
19,5472,0.058750182
19,5504,0.05880515
19,5536,0.058866635
19,5568,0.05860416
19,5600,0.058515754
19,5632,0.058604192
19,5664,0.058682226
19,5696,0.05870218
19,5728,0.058595046
19,5760,0.058653522
19,5792,0.05837194
19,5824,0.058378052
19,5856,0.05953257
19,5888,0.059904177
19,5920,0.059844323
19,5952,0.059480075
19,5984,0.059111364
19,6016,0.059202604
19,6048,0.058984622
19,6080,0.059052993
20,0,0.059094667
20,32,0.058886442
20,64,0.05891481
20,96,0.058789104
20,128,0.058623627
20,160,0.05856033
20,192,0.058656283
20,224,0.05857145
20,256,0.05855568
20,288,0.05860046
20,320,0.05841373
20,352,0.058560774
20,384,0.058171585
20,416,0.0584044
20,448,0.058257185
20,480,0.05824696
20,512,0.058140274
20,544,0.05810739
20,576,0.058021422
20,608,0.05815231
20,640,0.05790299
20,672,0.058134433
20,704,0.058013245
20,736,0.058265656
20,768,0.058945004
20,800,0.06134769
20,832,0.060793478
20,864,0.06075619
20,896,0.06079138
20,928,0.06035985
20,960,0.060359612
20,992,0.060392153
20,1024,0.060388725
20,1056,0.060309887
20,1088,0.060240764
20,1120,0.059888262
20,1152,0.059920713
20,1184,0.05992602
20,1216,0.05979241
20,1248,0.059928376
20,1280,0.059773687
20,1312,0.059616953
20,1344,0.059986096
20,1376,0.059726156
20,1408,0.059577454
20,1440,0.059466887
20,1472,0.059440378
20,1504,0.059687257
20,1536,0.059479333
20,1568,0.059316564
20,1600,0.059570573
20,1632,0.059380718
20,1664,0.059336502
20,1696,0.059451528
20,1728,0.05939902
20,1760,0.05925432
20,1792,0.05930196
20,1824,0.058442067
20,1856,0.058433563
20,1888,0.05808077
20,1920,0.057861224
20,1952,0.057715446
20,1984,0.057548855
20,2016,0.05755485
20,2048,0.05734159
20,2080,0.057427064
20,2112,0.05737778
20,2144,0.057250254
20,2176,0.05704656
20,2208,0.057148993
20,2240,0.057008673
20,2272,0.057051145
20,2304,0.056956053
20,2336,0.05691579
20,2368,0.0570437
20,2400,0.05716798
20,2432,0.056834638
20,2464,0.05699351
20,2496,0.05680767
20,2528,0.056813233
20,2560,0.056798406
20,2592,0.05661672
20,2624,0.05673477
20,2656,0.057029746
20,2688,0.056719843
20,2720,0.056627322
20,2752,0.05657408
20,2784,0.05648796
20,2816,0.057137214
20,2848,0.0583337
20,2880,0.057995122
20,2912,0.05777914
20,2944,0.057614967
20,2976,0.057548553
20,3008,0.057418514
20,3040,0.05725089
20,3072,0.057240687
20,3104,0.057168126
20,3136,0.057192087
20,3168,0.057084322
20,3200,0.05694668
20,3232,0.056976505
20,3264,0.057000395
20,3296,0.056947067
20,3328,0.056686245
20,3360,0.05685858
20,3392,0.05666477
20,3424,0.056806095
20,3456,0.05677859
20,3488,0.056719545
20,3520,0.056595434
20,3552,0.056470696
20,3584,0.05641165
20,3616,0.05643888
20,3648,0.056496233
20,3680,0.056328665
20,3712,0.056361992
20,3744,0.056488443
20,3776,0.056511585
20,3808,0.056350432
20,3840,0.05821938
20,3872,0.062572226
20,3904,0.0622026
20,3936,0.061893526
20,3968,0.061664175
20,4000,0.061684757
20,4032,0.06161189
20,4064,0.061607167
20,4096,0.061565164
20,4128,0.061414655
20,4160,0.06107657
20,4192,0.061373163
20,4224,0.061309896
20,4256,0.061062068
20,4288,0.06097951
20,4320,0.061030574
20,4352,0.06125454
20,4384,0.060993847
20,4416,0.061040096
20,4448,0.0608012
20,4480,0.06088126
20,4512,0.06092529
20,4544,0.06066332
20,4576,0.060989093
20,4608,0.060746953
20,4640,0.060874958
20,4672,0.060519185
20,4704,0.060569026
20,4736,0.060680468
20,4768,0.06061908
20,4800,0.060802598
20,4832,0.060558178
20,4864,0.061062157
20,4896,0.061848935
20,4928,0.061472017
20,4960,0.061542362
20,4992,0.061353683
20,5024,0.06096517
20,5056,0.061056662
20,5088,0.06094462
20,5120,0.06063487
20,5152,0.060703427
20,5184,0.060756207
20,5216,0.06062701
20,5248,0.06046353
20,5280,0.060182456
20,5312,0.060385972
20,5344,0.060495745
20,5376,0.06027693
20,5408,0.06020476
20,5440,0.06012695
20,5472,0.060331352
20,5504,0.06015465
20,5536,0.06012967
20,5568,0.060172617
20,5600,0.06028255
20,5632,0.060127027
20,5664,0.059882257
20,5696,0.05986518
20,5728,0.05991132
20,5760,0.059820462
20,5792,0.059735153
20,5824,0.05977242
20,5856,0.059878882
20,5888,0.059535965
20,5920,0.058419365
20,5952,0.058000125
20,5984,0.057861935
20,6016,0.057867367
20,6048,0.05737509
20,6080,0.057342917
21,0,0.057234053
21,32,0.057195682
21,64,0.0572511
21,96,0.057191893
21,128,0.0570114
21,160,0.057178266
21,192,0.057056557
21,224,0.05703705
21,256,0.057091247
21,288,0.05680254
21,320,0.056776438
21,352,0.057015236
21,384,0.056651194
21,416,0.056795493
21,448,0.05679251
21,480,0.05663229
21,512,0.056815296
21,544,0.056631833
21,576,0.05665502
21,608,0.05641642
21,640,0.05637211
21,672,0.056413148
21,704,0.056452885
21,736,0.05650735
21,768,0.05619556
21,800,0.056635298
21,832,0.061515
21,864,0.061258093
21,896,0.061386373
21,928,0.060943987
21,960,0.060893882
21,992,0.060851038
21,1024,0.060736235
21,1056,0.060696162
21,1088,0.06063329
21,1120,0.060420107
21,1152,0.060346074
21,1184,0.060363166
21,1216,0.060260154
21,1248,0.0601399
21,1280,0.06016393
21,1312,0.060214028
21,1344,0.060168028
21,1376,0.060176287
21,1408,0.060161322
21,1440,0.0599383
21,1472,0.06002851
21,1504,0.05989717
21,1536,0.059993464
21,1568,0.059771113
21,1600,0.059886716
21,1632,0.0598666
21,1664,0.059729554
21,1696,0.059636757
21,1728,0.059738785
21,1760,0.059886113
21,1792,0.059783358
21,1824,0.0597962
21,1856,0.062413596
21,1888,0.061991327
21,1920,0.061781626
21,1952,0.061672408
21,1984,0.06152615
21,2016,0.06161817
21,2048,0.061407793
21,2080,0.06134942
21,2112,0.061352205
21,2144,0.061239492
21,2176,0.06091466
21,2208,0.060945325
21,2240,0.061139353
21,2272,0.061013304
21,2304,0.060908467
21,2336,0.06080455
21,2368,0.060824722
21,2400,0.060704734
21,2432,0.060528155
21,2464,0.060688883
21,2496,0.06065156
21,2528,0.060836878
21,2560,0.06048551
21,2592,0.060518485
21,2624,0.060404826
21,2656,0.060387023
21,2688,0.060505744
21,2720,0.06047589
21,2752,0.06043821
21,2784,0.06016811
21,2816,0.060389116
21,2848,0.060195237
21,2880,0.055383723
21,2912,0.05526301
21,2944,0.054984998
21,2976,0.054676685
21,3008,0.05465156
21,3040,0.054626223
21,3072,0.054702785
21,3104,0.054463957
21,3136,0.054383207
21,3168,0.054500364
21,3200,0.054229736
21,3232,0.05419912
21,3264,0.054099083
21,3296,0.054108493
21,3328,0.054056294
21,3360,0.05391733
21,3392,0.053967997
21,3424,0.054114815
21,3456,0.05394552
21,3488,0.053855438
21,3520,0.05380366
21,3552,0.05368348
21,3584,0.053805795
21,3616,0.053577766
21,3648,0.053697087
21,3680,0.05369722
21,3712,0.053638045
21,3744,0.05345813
21,3776,0.053401783
21,3808,0.05371058
21,3840,0.053528786
21,3872,0.053673953
21,3904,0.05814345
21,3936,0.058086485
21,3968,0.057828765
21,4000,0.05767176
21,4032,0.057671215
21,4064,0.057576142
21,4096,0.057499226
21,4128,0.057407226
21,4160,0.05724045
21,4192,0.05726883
21,4224,0.057086524
21,4256,0.057082716
21,4288,0.057013813
21,4320,0.057077665
21,4352,0.056793947
21,4384,0.05680076
21,4416,0.056787003
21,4448,0.056879632
21,4480,0.056884333
21,4512,0.056804564
21,4544,0.056761023
21,4576,0.056677878
21,4608,0.056645475
21,4640,0.056709096
21,4672,0.05672246
21,4704,0.056656465
21,4736,0.056559496
21,4768,0.056659363
21,4800,0.05643365
21,4832,0.056539893
21,4864,0.056333553
21,4896,0.05656907
21,4928,0.06083249
21,4960,0.060426734
21,4992,0.06012036
21,5024,0.060234673
21,5056,0.060127325
21,5088,0.059695106
21,5120,0.059749976
21,5152,0.059708938
21,5184,0.059841555
21,5216,0.05939301
21,5248,0.059438925
21,5280,0.0593464
21,5312,0.059332017
21,5344,0.05927072
21,5376,0.05925184
21,5408,0.05935131
21,5440,0.059289895
21,5472,0.059290465
21,5504,0.05926083
21,5536,0.05938674
21,5568,0.059279557
21,5600,0.058960844
21,5632,0.05883841
21,5664,0.059060227
21,5696,0.058798112
21,5728,0.058924176
21,5760,0.05889271
21,5792,0.05890566
21,5824,0.05884241
21,5856,0.058844842
21,5888,0.05896565
21,5920,0.058825724
21,5952,0.05971519
21,5984,0.05925005
21,6016,0.059261926
21,6048,0.0591384
21,6080,0.058919985
22,0,0.059033018
22,32,0.058816157
22,64,0.058964185
22,96,0.058822647
22,128,0.05858777
22,160,0.05832353
22,192,0.058436003
22,224,0.058389813
22,256,0.05839445
22,288,0.058320023
22,320,0.05821118
22,352,0.05831182
22,384,0.057902366
22,416,0.05815861
22,448,0.058060583
22,480,0.057967678
22,512,0.058133643
22,544,0.05784244
22,576,0.057814453
22,608,0.057984293
22,640,0.057799365
22,672,0.05776282
22,704,0.057946112
22,736,0.057799444
22,768,0.05782214
22,800,0.057732843
22,832,0.05791889
22,864,0.060422152
22,896,0.06110415
22,928,0.06071749
22,960,0.060618594
22,992,0.0606208
22,1024,0.06051748
22,1056,0.060286053
22,1088,0.06022244
22,1120,0.06023217
22,1152,0.060091954
22,1184,0.059906773
22,1216,0.060073357
22,1248,0.05999682
22,1280,0.059929796
22,1312,0.059852693
22,1344,0.05989755
22,1376,0.06000235
22,1408,0.0596384
22,1440,0.059825037
22,1472,0.05966597
22,1504,0.059531312
22,1536,0.059591208
22,1568,0.05956366
22,1600,0.059377853
22,1632,0.059555955
22,1664,0.059480038
22,1696,0.059462205
22,1728,0.059375484
22,1760,0.059198685
22,1792,0.059446365
22,1824,0.059379946
22,1856,0.05934826
22,1888,0.059364937
22,1920,0.059354894
22,1952,0.059246447
22,1984,0.059168026
22,2016,0.058983017
22,2048,0.058814436
22,2080,0.058738396
22,2112,0.058873728
22,2144,0.058623664
22,2176,0.058446657
22,2208,0.0585601
22,2240,0.058431458
22,2272,0.05864018
22,2304,0.05839759
22,2336,0.05818016
22,2368,0.058443666
22,2400,0.058291122
22,2432,0.058106948
22,2464,0.058185868
22,2496,0.05809153
22,2528,0.05830761
22,2560,0.057958156
22,2592,0.057859436
22,2624,0.05794312
22,2656,0.05791143
22,2688,0.058113646
22,2720,0.057896286
22,2752,0.057943515
22,2784,0.057948273
22,2816,0.057925172
22,2848,0.057709567
22,2880,0.057831988
22,2912,0.059576932
22,2944,0.05971033
22,2976,0.05982685
22,3008,0.05955387
22,3040,0.059384357
22,3072,0.05967419
22,3104,0.059174065
22,3136,0.059041552
22,3168,0.059174698
22,3200,0.059001394
22,3232,0.05881574
22,3264,0.05854809
22,3296,0.05878541
22,3328,0.058725856
22,3360,0.05864671
22,3392,0.058576155
22,3424,0.058361992
22,3456,0.058602657
22,3488,0.05851526
22,3520,0.05835773
22,3552,0.05833384
22,3584,0.058369428
22,3616,0.058388546
22,3648,0.0581955
22,3680,0.058334254
22,3712,0.058386873
22,3744,0.058234956
22,3776,0.05827945
22,3808,0.058308914
22,3840,0.058167037
22,3872,0.058239162
22,3904,0.058345757
22,3936,0.06310845
22,3968,0.06425442
22,4000,0.063870795
22,4032,0.063756526
22,4064,0.06392788
22,4096,0.063514136
22,4128,0.06333093
22,4160,0.063569896
22,4192,0.063181214
22,4224,0.06333187
22,4256,0.06325017
22,4288,0.06313735
22,4320,0.06324399
22,4352,0.06314968
22,4384,0.06297315
22,4416,0.062899224
22,4448,0.06291947
22,4480,0.062989876
22,4512,0.062806174
22,4544,0.06294878
22,4576,0.06278796
22,4608,0.06251657
22,4640,0.06283451
22,4672,0.062851645
22,4704,0.062594414
22,4736,0.06270331
22,4768,0.062612124
22,4800,0.06282194
22,4832,0.062403478
22,4864,0.062192887
22,4896,0.062573805
22,4928,0.06245568
22,4960,0.059920724
22,4992,0.05874553
22,5024,0.058627255
22,5056,0.058149137
22,5088,0.05804072
22,5120,0.05816967
22,5152,0.057816356
22,5184,0.057952218
22,5216,0.057748824
22,5248,0.057727102
22,5280,0.057875283
22,5312,0.057696514
22,5344,0.057641037
22,5376,0.057598576
22,5408,0.057458747
22,5440,0.057342377
22,5472,0.057193927
22,5504,0.057379853
22,5536,0.057151034
22,5568,0.057311933
22,5600,0.05728041
22,5632,0.05722559
22,5664,0.057107892
22,5696,0.057141356
22,5728,0.057226177
22,5760,0.057059918
22,5792,0.057101585
22,5824,0.05697017
22,5856,0.056678027
22,5888,0.056923628
22,5920,0.057000767
22,5952,0.056791253
22,5984,0.05900959
22,6016,0.0596691
22,6048,0.05936649
22,6080,0.059081204
23,0,0.05904801
23,32,0.059023216
23,64,0.058683664
23,96,0.05887725
23,128,0.05868661
23,160,0.05851942
23,192,0.058608398
23,224,0.058561314
23,256,0.058495976
23,288,0.058480434
23,320,0.05845646
23,352,0.05839835
23,384,0.058246143
23,416,0.058414444
23,448,0.058266625
23,480,0.058138877
23,512,0.058232382
23,544,0.05820801
23,576,0.058058232
23,608,0.058146626
23,640,0.058082934
23,672,0.058364205
23,704,0.057926547
23,736,0.057988167
23,768,0.057963848
23,800,0.05783529
23,832,0.05799839
23,864,0.057962995
23,896,0.0584238
23,928,0.058417417
23,960,0.058414802
23,992,0.05821017
23,1024,0.05809275
23,1056,0.05823641
23,1088,0.057790305
23,1120,0.057768542
23,1152,0.05794391
23,1184,0.057532303
23,1216,0.057546396
23,1248,0.05741823
23,1280,0.05749768
23,1312,0.05728554
23,1344,0.057486005
23,1376,0.05730157
23,1408,0.057195388
23,1440,0.05743356
23,1472,0.057220075
23,1504,0.057152748
23,1536,0.057130557
23,1568,0.057062007
23,1600,0.057199035
23,1632,0.057180155
23,1664,0.056958273
23,1696,0.056978863
23,1728,0.056878183
23,1760,0.056734364
23,1792,0.05701849
23,1824,0.056922525
23,1856,0.05702874
23,1888,0.056851044
23,1920,0.05770284
23,1952,0.05813236
23,1984,0.058141567
23,2016,0.057804167
23,2048,0.057588305
23,2080,0.057549663
23,2112,0.057458512
23,2144,0.057328038
23,2176,0.05740681
23,2208,0.057376456
23,2240,0.057155326
23,2272,0.05726965
23,2304,0.057242103
23,2336,0.057132717
23,2368,0.056899965
23,2400,0.05688913
23,2432,0.056886133
23,2464,0.05713437
23,2496,0.056851905
23,2528,0.056966674
23,2560,0.056891136
23,2592,0.056951948
23,2624,0.056736078
23,2656,0.056766566
23,2688,0.05667277
23,2720,0.056655053
23,2752,0.056720622
23,2784,0.056818016
23,2816,0.05657136
23,2848,0.05683127
23,2880,0.05652595
23,2912,0.05660897
23,2944,0.055869237
23,2976,0.05493311
23,3008,0.054940607
23,3040,0.05454836
23,3072,0.054539755
23,3104,0.054419603
23,3136,0.054304197
23,3168,0.054261554
23,3200,0.054206196
23,3232,0.054004613
23,3264,0.054008808
23,3296,0.054117855
23,3328,0.05398719
23,3360,0.053785603
23,3392,0.05382378
23,3424,0.053960633
23,3456,0.053851835
23,3488,0.053727843
23,3520,0.053672444
23,3552,0.053727955
23,3584,0.053683154
23,3616,0.053506304
23,3648,0.05358274
23,3680,0.053363018
23,3712,0.053577237
23,3744,0.05343023
23,3776,0.05350694
23,3808,0.05347748
23,3840,0.05337457
23,3872,0.0533289
23,3904,0.053531248
23,3936,0.053292643
23,3968,0.056663387
23,4000,0.05942454
23,4032,0.05938039
23,4064,0.05912798
23,4096,0.059066907
23,4128,0.058841918
23,4160,0.05865319
23,4192,0.058975574
23,4224,0.058608055
23,4256,0.058686905
23,4288,0.058487445
23,4320,0.058544643
23,4352,0.05827175
23,4384,0.058411777
23,4416,0.058326967
23,4448,0.05819922
23,4480,0.058240704
23,4512,0.05816358
23,4544,0.05829913
23,4576,0.058126245
23,4608,0.057973336
23,4640,0.05788936
23,4672,0.05797829
23,4704,0.058111906
23,4736,0.058011938
23,4768,0.057974793
23,4800,0.057942823
23,4832,0.057895947
23,4864,0.05798998
23,4896,0.057773735
23,4928,0.05778185
23,4960,0.05772176
23,4992,0.05918815
23,5024,0.060208496
23,5056,0.060016878
23,5088,0.059973385
23,5120,0.059876844
23,5152,0.059667267
23,5184,0.05975836
23,5216,0.059332654
23,5248,0.059452068
23,5280,0.059493605
23,5312,0.059260286
23,5344,0.059259728
23,5376,0.059136383
23,5408,0.05915789
23,5440,0.05921644
23,5472,0.058882836
23,5504,0.059120048
23,5536,0.058894124
23,5568,0.05903976
23,5600,0.058771666
23,5632,0.058947485
23,5664,0.058723927
23,5696,0.058614507
23,5728,0.058769178
23,5760,0.05875678
23,5792,0.058815848
23,5824,0.05892101
23,5856,0.058690995
23,5888,0.05877087
23,5920,0.05866345
23,5952,0.058523323
23,5984,0.058778025
23,6016,0.060210716
23,6048,0.06179589
23,6080,0.061510872
24,0,0.061145876
24,32,0.061215967
24,64,0.06129474
24,96,0.060978748
24,128,0.060925774
24,160,0.06092672
24,192,0.060846247
24,224,0.06091116
24,256,0.060740266
24,288,0.060528148
24,320,0.06043232
24,352,0.060690127
24,384,0.060546286
24,416,0.060514648
24,448,0.060442626
24,480,0.06020081
24,512,0.06044411
24,544,0.060081415
24,576,0.060421027
24,608,0.060341697
24,640,0.060052156
24,672,0.060266532
24,704,0.0603077
24,736,0.060105197
24,768,0.060154956
24,800,0.06025955
24,832,0.060106434
24,864,0.06004324
24,896,0.06000926
24,928,0.060357884
24,960,0.061084054
24,992,0.060784437
24,1024,0.060605105
24,1056,0.06042549
24,1088,0.060227744
24,1120,0.060328532
24,1152,0.060238916
24,1184,0.059958857
24,1216,0.05967876
24,1248,0.05982094
24,1280,0.059839174
24,1312,0.05959089
24,1344,0.05978133
24,1376,0.059606355
24,1408,0.059629224
24,1440,0.059667822
24,1472,0.059584197
24,1504,0.059585225
24,1536,0.059630476
24,1568,0.05945076
24,1600,0.059229266
24,1632,0.059443433
24,1664,0.059460636
24,1696,0.059137695
24,1728,0.059437454
24,1760,0.059245307
24,1792,0.05928954
24,1824,0.059093267
24,1856,0.05926295
24,1888,0.059231985
24,1920,0.059207547
24,1952,0.059547454
24,1984,0.06062354
24,2016,0.060228802
24,2048,0.060105365
24,2080,0.05983771
24,2112,0.05992451
24,2144,0.05986995
24,2176,0.05970364
24,2208,0.05975606
24,2240,0.059543625
24,2272,0.05956446
24,2304,0.05947185
24,2336,0.059388362
24,2368,0.059365768
24,2400,0.059395753
24,2432,0.059230078
24,2464,0.059244443
24,2496,0.0590814
24,2528,0.05920137
24,2560,0.0589948
24,2592,0.05905402
24,2624,0.058947403
24,2656,0.05890974
24,2688,0.058941394
24,2720,0.05886584
24,2752,0.05878435
24,2784,0.058820944
24,2816,0.058803402
24,2848,0.058962487
24,2880,0.058736738
24,2912,0.058727354
24,2944,0.05876498
24,2976,0.060418144
24,3008,0.063695185
24,3040,0.06375344
24,3072,0.06355207
24,3104,0.06315157
24,3136,0.06317921
24,3168,0.062761046
24,3200,0.06311254
24,3232,0.06280179
24,3264,0.062849835
24,3296,0.06294094
24,3328,0.062714085
24,3360,0.06257599
24,3392,0.06240112
24,3424,0.062413793
24,3456,0.062604375
24,3488,0.06247822
24,3520,0.062412586
24,3552,0.06227293
24,3584,0.062350072
24,3616,0.062146433
24,3648,0.06231314
24,3680,0.06225442
24,3712,0.062086444
24,3744,0.062028755
24,3776,0.06218327
24,3808,0.06217572
24,3840,0.061892945
24,3872,0.062012963
24,3904,0.062015012
24,3936,0.062006135
24,3968,0.06194745
24,4000,0.06153891
24,4032,0.06114957
24,4064,0.06082287
24,4096,0.060592145
24,4128,0.060331717
24,4160,0.060326003
24,4192,0.06019294
24,4224,0.05984094
24,4256,0.060123593
24,4288,0.060032677
24,4320,0.060066815
24,4352,0.059919756
24,4384,0.059735775
24,4416,0.059890527
24,4448,0.05975364
24,4480,0.059684455
24,4512,0.059740763
24,4544,0.059599824
24,4576,0.059610073
24,4608,0.059474304
24,4640,0.05950238
24,4672,0.05942456
24,4704,0.05950292
24,4736,0.059468463
24,4768,0.059365064
24,4800,0.059386514
24,4832,0.059349682
24,4864,0.059310775
24,4896,0.05917196
24,4928,0.059134785
24,4960,0.05908703
24,4992,0.0592865
24,5024,0.058705796
24,5056,0.05780031
24,5088,0.057532094
24,5120,0.057714123
24,5152,0.057413585
24,5184,0.057407957
24,5216,0.057357177
24,5248,0.0570249
24,5280,0.057035238
24,5312,0.057218425
24,5344,0.056954578
24,5376,0.056805305
24,5408,0.056874953
24,5440,0.056791596
24,5472,0.05665824
24,5504,0.056783613
24,5536,0.05650241
24,5568,0.056542672
24,5600,0.05668487
24,5632,0.05647328
24,5664,0.05652329
24,5696,0.05647986
24,5728,0.056621164
24,5760,0.05650675
24,5792,0.056544382
24,5824,0.056289274
24,5856,0.056499813
24,5888,0.05650239
24,5920,0.05641595
24,5952,0.05631114
24,5984,0.056408916
24,6016,0.056317043
24,6048,0.056191936
24,6080,0.055641666
25,0,0.05590023
25,32,0.05539357
25,64,0.055307977
25,96,0.055230092
25,128,0.055098597
25,160,0.055147067
25,192,0.05520616
25,224,0.055045538
25,256,0.055005886
25,288,0.054756608
25,320,0.054833017
25,352,0.054728653
25,384,0.05467574
25,416,0.05450023
25,448,0.05466207
25,480,0.05457617
25,512,0.05476886
25,544,0.054844525
25,576,0.05459039
25,608,0.054537997
25,640,0.054371417
25,672,0.054306764
25,704,0.054475408
25,736,0.054385133
25,768,0.054338053
25,800,0.054295767
25,832,0.054201204
25,864,0.05434434
25,896,0.054352786
25,928,0.054292355
25,960,0.054172873
25,992,0.05483307
25,1024,0.054923702
25,1056,0.054671213
25,1088,0.05416092
25,1120,0.054477327
25,1152,0.05423159
25,1184,0.054298628
25,1216,0.054155003
25,1248,0.054313086
25,1280,0.053874433
25,1312,0.054061547
25,1344,0.053945284
25,1376,0.053815763
25,1408,0.053887054
25,1440,0.053972255
25,1472,0.053735636
25,1504,0.053759106
25,1536,0.05391546
25,1568,0.053673245
25,1600,0.053674076
25,1632,0.05380393
25,1664,0.05354515
25,1696,0.053371288
25,1728,0.05360047
25,1760,0.053576957
25,1792,0.053469125
25,1824,0.05356084
25,1856,0.053310607
25,1888,0.053346038
25,1920,0.0534495
25,1952,0.053272534
25,1984,0.053521004
25,2016,0.05823517
25,2048,0.057964653
25,2080,0.057892494
25,2112,0.057636987
25,2144,0.05774147
25,2176,0.05760801
25,2208,0.057638302
25,2240,0.05752191
25,2272,0.05719776
25,2304,0.05733809
25,2336,0.057473496
25,2368,0.057285376
25,2400,0.057088245
25,2432,0.05702005
25,2464,0.057136994
25,2496,0.0571604
25,2528,0.05695434
25,2560,0.057012975
25,2592,0.05701576
25,2624,0.057083167
25,2656,0.05692488
25,2688,0.05684106
25,2720,0.057013478
25,2752,0.056861673
25,2784,0.05690516
25,2816,0.056915052
25,2848,0.056659684
25,2880,0.056742746
25,2912,0.056747437
25,2944,0.056680366
25,2976,0.056582186
25,3008,0.056720197
25,3040,0.062840395
25,3072,0.06275374
25,3104,0.06260073
25,3136,0.062461834
25,3168,0.0623548
25,3200,0.062313396
25,3232,0.06233972
25,3264,0.06208643
25,3296,0.062110584
25,3328,0.06214479
25,3360,0.06202151
25,3392,0.061889276
25,3424,0.061786704
25,3456,0.061967663
25,3488,0.06169304
25,3520,0.06171996
25,3552,0.061603844
25,3584,0.061457243
25,3616,0.06148041
25,3648,0.061481275
25,3680,0.06146766
25,3712,0.061533704
25,3744,0.06149964
25,3776,0.06126558
25,3808,0.06142624
25,3840,0.06130313
25,3872,0.06134352
25,3904,0.061400432
25,3936,0.061292283
25,3968,0.061286565
25,4000,0.061326895
25,4032,0.061146025
25,4064,0.059108343
25,4096,0.059107807
25,4128,0.058838356
25,4160,0.05884243
25,4192,0.05851241
25,4224,0.05863926
25,4256,0.058692683
25,4288,0.058329023
25,4320,0.058175694
25,4352,0.05838968
25,4384,0.05811661
25,4416,0.05819207
25,4448,0.057958618
25,4480,0.05814444
25,4512,0.05795511
25,4544,0.057971273
25,4576,0.058021348
25,4608,0.058121428
25,4640,0.058070887
25,4672,0.05770254
25,4704,0.057712127
25,4736,0.057920307
25,4768,0.057835724
25,4800,0.057615854
25,4832,0.05761389
25,4864,0.05758114
25,4896,0.057675716
25,4928,0.057582606
25,4960,0.05760471
25,4992,0.057557143
25,5024,0.05754968
25,5056,0.05775458
25,5088,0.06107823
25,5120,0.06096715
25,5152,0.06078432
25,5184,0.060728148
25,5216,0.06060485
25,5248,0.06070606
25,5280,0.060522832
25,5312,0.060155965
25,5344,0.060426503
25,5376,0.060240883
25,5408,0.06022109
25,5440,0.060068224
25,5472,0.060137548
25,5504,0.060273647
25,5536,0.05990947
25,5568,0.060037725
25,5600,0.06005373
25,5632,0.060120825
25,5664,0.05986784
25,5696,0.059905406
25,5728,0.059658285
25,5760,0.059722137
25,5792,0.05977052
25,5824,0.0599137
25,5856,0.059648268
25,5888,0.059914693
25,5920,0.059497837
25,5952,0.059571944
25,5984,0.05979029
25,6016,0.059431244
25,6048,0.059777196
25,6080,0.059681624
26,0,0.06254935
26,32,0.06237332
26,64,0.062464666
26,96,0.06231159
26,128,0.062188227
26,160,0.06225723
26,192,0.062017426
26,224,0.06205754
26,256,0.061850667
26,288,0.06178174
26,320,0.061882596
26,352,0.06180137
26,384,0.06173932
26,416,0.0616121
26,448,0.061535902
26,480,0.061845694
26,512,0.06135462
26,544,0.061607894
26,576,0.061621323
26,608,0.0613619
26,640,0.061235536
26,672,0.061424516
26,704,0.06129286
26,736,0.06122983
26,768,0.061299056
26,800,0.061248064
26,832,0.06123881
26,864,0.061205942
26,896,0.061431248
26,928,0.06103457
26,960,0.061240416
26,992,0.06105019
26,1024,0.059067566
26,1056,0.058393795
26,1088,0.058179677
26,1120,0.05795631
26,1152,0.057961583
26,1184,0.057832297
26,1216,0.057655267
26,1248,0.057498842
26,1280,0.057758253
26,1312,0.057603206
26,1344,0.057385914
26,1376,0.05750629
26,1408,0.057370335
26,1440,0.05742269
26,1472,0.057399113
26,1504,0.057282805
26,1536,0.05716377
26,1568,0.05720572
26,1600,0.05720688
26,1632,0.05713762
26,1664,0.057026833
26,1696,0.05710587
26,1728,0.057079602
26,1760,0.05702257
26,1792,0.05713131
26,1824,0.05700191
26,1856,0.056962047
26,1888,0.05687993
26,1920,0.05695912
26,1952,0.056957435
26,1984,0.05704627
26,2016,0.056997783
26,2048,0.057765912
26,2080,0.057589233
26,2112,0.057718378
26,2144,0.057595227
26,2176,0.057381388
26,2208,0.05731149
26,2240,0.05693281
26,2272,0.057152
26,2304,0.057067055
26,2336,0.056990918
26,2368,0.05711747
26,2400,0.05693585
26,2432,0.0569789
26,2464,0.057064675
26,2496,0.056946117
26,2528,0.056777943
26,2560,0.056854412
26,2592,0.056753814
26,2624,0.056966003
26,2656,0.05668697
26,2688,0.05675648
26,2720,0.05673402
26,2752,0.056726143
26,2784,0.056371957
26,2816,0.05664383
26,2848,0.0564124
26,2880,0.056543738
26,2912,0.05656998
26,2944,0.05637003
26,2976,0.056498688
26,3008,0.056578998
26,3040,0.05647924
26,3072,0.05901891
26,3104,0.059687577
26,3136,0.05938836
26,3168,0.05917875
26,3200,0.05921416
26,3232,0.059006605
26,3264,0.05890151
26,3296,0.059017256
26,3328,0.058961805
26,3360,0.05884241
26,3392,0.05895357
26,3424,0.058753572
26,3456,0.058581024
26,3488,0.05867541
26,3520,0.05859151
26,3552,0.05872972
26,3584,0.058645815
26,3616,0.05856523
26,3648,0.058580633
26,3680,0.058523286
26,3712,0.058550015
26,3744,0.058385707
26,3776,0.05839414
26,3808,0.058418155
26,3840,0.05823264
26,3872,0.058353834
26,3904,0.058348764
26,3936,0.058254775
26,3968,0.05822932
26,4000,0.0583792
26,4032,0.058282528
26,4064,0.05815976
26,4096,0.058427647
26,4128,0.058219317
26,4160,0.057849944
26,4192,0.057770837
26,4224,0.057787586
26,4256,0.057870097
26,4288,0.057600092
26,4320,0.057532743
26,4352,0.057670195
26,4384,0.057552624
26,4416,0.05737204
26,4448,0.0573413
26,4480,0.05741043
26,4512,0.057213213
26,4544,0.057069644
26,4576,0.05736242
26,4608,0.05697994
26,4640,0.057001825
26,4672,0.05705812
26,4704,0.05721243
26,4736,0.057117086
26,4768,0.056759797
26,4800,0.05690984
26,4832,0.056986034
26,4864,0.05694584
26,4896,0.05695883
26,4928,0.056821633
26,4960,0.05674953
26,4992,0.05670068
26,5024,0.056916703
26,5056,0.05671991
26,5088,0.056663547
26,5120,0.060777593
26,5152,0.06175603
26,5184,0.061690316
26,5216,0.061485037
26,5248,0.061321843
26,5280,0.061319686
26,5312,0.061060138
26,5344,0.06080084
26,5376,0.06105803
26,5408,0.061003037
26,5440,0.06086683
26,5472,0.060924627
26,5504,0.060855027
26,5536,0.06083569
26,5568,0.0606907
26,5600,0.06059572
26,5632,0.060696118
26,5664,0.0605831
26,5696,0.060710322
26,5728,0.06067216
26,5760,0.060310967
26,5792,0.060511567
26,5824,0.060583726
26,5856,0.060378283
26,5888,0.06041381
26,5920,0.06054464
26,5952,0.060369182
26,5984,0.060382374
26,6016,0.060416177
26,6048,0.060240313
26,6080,0.060218673
27,0,0.060252767
27,32,0.061459735
27,64,0.062743746
27,96,0.06247852
27,128,0.06255661
27,160,0.06252824
27,192,0.06247138
27,224,0.062169425
27,256,0.062145676
27,288,0.062073838
27,320,0.062007308
27,352,0.06170837
27,384,0.062072344
27,416,0.061886635
27,448,0.061664574
27,480,0.061740413
27,512,0.061659846
27,544,0.0614658
27,576,0.06183387
27,608,0.061617225
27,640,0.06154927
27,672,0.06166518
27,704,0.06157639
27,736,0.061572403
27,768,0.061453853
27,800,0.061596192
27,832,0.061408006
27,864,0.06146756
27,896,0.06136733
27,928,0.061407335
27,960,0.061394468
27,992,0.061412994
27,1024,0.061453257
27,1056,0.062087443
27,1088,0.062432364
27,1120,0.062119775
27,1152,0.06209246
27,1184,0.062301412
27,1216,0.06191077
27,1248,0.062151868
27,1280,0.061728835
27,1312,0.06191271
27,1344,0.061708342
27,1376,0.061648466
27,1408,0.061701957
27,1440,0.061586343
27,1472,0.061624374
27,1504,0.061568797
27,1536,0.061472267
27,1568,0.06140335
27,1600,0.061463486
27,1632,0.06135017
27,1664,0.061175868
27,1696,0.06139048
27,1728,0.061121292
27,1760,0.061164852
27,1792,0.06121599
27,1824,0.0612132
27,1856,0.061116096
27,1888,0.06105331
27,1920,0.061017536
27,1952,0.061010897
27,1984,0.061085537
27,2016,0.061011
27,2048,0.06095164
27,2080,0.059795566
27,2112,0.05858399
27,2144,0.058650058
27,2176,0.058399078
27,2208,0.058098882
27,2240,0.058321882
27,2272,0.058329016
27,2304,0.058236457
27,2336,0.058037274
27,2368,0.05805057
27,2400,0.0579252
27,2432,0.05795115
27,2464,0.057858553
27,2496,0.057869397
27,2528,0.057881925
27,2560,0.057743046
27,2592,0.057799913
27,2624,0.057833515
27,2656,0.057590086
27,2688,0.05782421
27,2720,0.057486255
27,2752,0.057482496
27,2784,0.057473768
27,2816,0.05749781
27,2848,0.057291918
27,2880,0.057535276
27,2912,0.05724056
27,2944,0.057419237
27,2976,0.057403058
27,3008,0.057502195
27,3040,0.057357173
27,3072,0.057474952
27,3104,0.059036966
27,3136,0.0604019
27,3168,0.0602399
27,3200,0.06016671
27,3232,0.06001846
27,3264,0.060087323
27,3296,0.059805557
27,3328,0.059812192
27,3360,0.059626542
27,3392,0.059690222
27,3424,0.059756465
27,3456,0.05943072
27,3488,0.059690177
27,3520,0.05952286
27,3552,0.059410565
27,3584,0.059525218
27,3616,0.05956053
27,3648,0.059469238
27,3680,0.05934371
27,3712,0.059330225
27,3744,0.059353925
27,3776,0.05927247
27,3808,0.05922108
27,3840,0.05946606
27,3872,0.05934206
27,3904,0.059283365
27,3936,0.059177436
27,3968,0.05923939
27,4000,0.059083305
27,4032,0.05899651
27,4064,0.059221156
27,4096,0.059062187
27,4128,0.058833085
27,4160,0.058108117
27,4192,0.057996266
27,4224,0.05776502
27,4256,0.057679612
27,4288,0.057684015
27,4320,0.05760978
27,4352,0.057499807
27,4384,0.057509795
27,4416,0.0575103
27,4448,0.057484522
27,4480,0.057355117
27,4512,0.057335462
27,4544,0.057273198
27,4576,0.057329927
27,4608,0.057144262
27,4640,0.056952015
27,4672,0.057183728
27,4704,0.05715823
27,4736,0.056927856
27,4768,0.05703934
27,4800,0.056892022
27,4832,0.057029504
27,4864,0.057079982
27,4896,0.05690209
27,4928,0.056973398
27,4960,0.056928582
27,4992,0.056860335
27,5024,0.056794945
27,5056,0.056862783
27,5088,0.05695757
27,5120,0.05701617
27,5152,0.060595248
27,5184,0.06381681
27,5216,0.06362041
27,5248,0.06369398
27,5280,0.063684076
27,5312,0.06322748
27,5344,0.06331252
27,5376,0.06322318
27,5408,0.06324846
27,5440,0.06315722
27,5472,0.063046664
27,5504,0.06317969
27,5536,0.0629562
27,5568,0.06301418
27,5600,0.06294073
27,5632,0.062987216
27,5664,0.06297476
27,5696,0.062899426
27,5728,0.06266117
27,5760,0.06283953
27,5792,0.062752575
27,5824,0.06284463
27,5856,0.06277638
27,5888,0.06263975
27,5920,0.06251023
27,5952,0.06259152
27,5984,0.062382314
27,6016,0.06256191
27,6048,0.06255809
27,6080,0.062512815
28,0,0.06272605
28,32,0.0623533
28,64,0.061956897
28,96,0.061605245
28,128,0.061425574
28,160,0.06151434
28,192,0.061225288
28,224,0.06101807
28,256,0.061263442
28,288,0.060853742
28,320,0.060818333
28,352,0.06097189
28,384,0.06097258
28,416,0.060751174
28,448,0.06068863
28,480,0.060693175
28,512,0.060706418
28,544,0.060432408
28,576,0.060603872
28,608,0.060456365
28,640,0.06069024
28,672,0.06050621
28,704,0.060562715
28,736,0.060542166
28,768,0.060396723
28,800,0.060449295
28,832,0.060376056
28,864,0.060315292
28,896,0.060306482
28,928,0.06052407
28,960,0.06037165
28,992,0.060346145
28,1024,0.06029852
28,1056,0.060430977
28,1088,0.060515624
28,1120,0.060807027
28,1152,0.06063547
28,1184,0.060440246
28,1216,0.06039928
28,1248,0.060319804
28,1280,0.060271323
28,1312,0.060095854
28,1344,0.0600271
28,1376,0.060012084
28,1408,0.060117196
28,1440,0.060054887
28,1472,0.060008213
28,1504,0.05995773
28,1536,0.059876952
28,1568,0.05985544
28,1600,0.059841197
28,1632,0.0598836
28,1664,0.059957244
28,1696,0.059848398
28,1728,0.059819728
28,1760,0.059637804
28,1792,0.05963455
28,1824,0.059576195
28,1856,0.05956811
28,1888,0.059615485
28,1920,0.059458002
28,1952,0.059688568
28,1984,0.0595303
28,2016,0.059569515
28,2048,0.05946053
28,2080,0.059411526
28,2112,0.058572967
28,2144,0.05653132
28,2176,0.056468055
28,2208,0.056438155
28,2240,0.056410413
28,2272,0.056265883
28,2304,0.056205593
28,2336,0.05605744
28,2368,0.05612649
28,2400,0.055930406
28,2432,0.055903267
28,2464,0.055953637
28,2496,0.05591698
28,2528,0.05582098
28,2560,0.055689692
28,2592,0.05589144
28,2624,0.05561612
28,2656,0.055635218
28,2688,0.05563567
28,2720,0.05553209
28,2752,0.055534653
28,2784,0.05549401
28,2816,0.05558537
28,2848,0.055495307
28,2880,0.055395246
28,2912,0.055512834
28,2944,0.05544313
28,2976,0.05565825
28,3008,0.055459846
28,3040,0.055317864
28,3072,0.055392407
28,3104,0.055178195
28,3136,0.05567716
28,3168,0.056199465
28,3200,0.056290343
28,3232,0.05590172
28,3264,0.055887632
28,3296,0.055807382
28,3328,0.055884123
28,3360,0.05557649
28,3392,0.05577518
28,3424,0.05566697
28,3456,0.055474125
28,3488,0.055479765
28,3520,0.05555984
28,3552,0.055626683
28,3584,0.055452965
28,3616,0.05540656
28,3648,0.05536674
28,3680,0.055364855
28,3712,0.05536902
28,3744,0.0552501
28,3776,0.05535979
28,3808,0.05497819
28,3840,0.05508845
28,3872,0.05520941
28,3904,0.055393796
28,3936,0.055116244
28,3968,0.055166878
28,4000,0.054962967
28,4032,0.0550339
28,4064,0.054983232
28,4096,0.05499561
28,4128,0.05504865
28,4160,0.055192407
28,4192,0.055604294
28,4224,0.05543702
28,4256,0.055433862
28,4288,0.055188693
28,4320,0.05505486
28,4352,0.05512945
28,4384,0.05500508
28,4416,0.0548715
28,4448,0.05465667
28,4480,0.05476037
28,4512,0.054793898
28,4544,0.054736268
28,4576,0.054692186
28,4608,0.054688744
28,4640,0.054735757
28,4672,0.054662496
28,4704,0.054516483
28,4736,0.0545825
28,4768,0.054329507
28,4800,0.0544886
28,4832,0.054509755
28,4864,0.054345954
28,4896,0.054594174
28,4928,0.054624915
28,4960,0.054224778
28,4992,0.054422714
28,5024,0.05431384
28,5056,0.054236293
28,5088,0.05417004
28,5120,0.05434288
28,5152,0.054330334
28,5184,0.055981107
28,5216,0.059778478
28,5248,0.059856735
28,5280,0.059699014
28,5312,0.05942574
28,5344,0.059463106
28,5376,0.059469644
28,5408,0.059295613
28,5440,0.05908671
28,5472,0.059343062
28,5504,0.05918093
28,5536,0.059017066
28,5568,0.059081767
28,5600,0.05909392
28,5632,0.059133362
28,5664,0.05894042
28,5696,0.05893661
28,5728,0.05898916
28,5760,0.05867104
28,5792,0.058888577
28,5824,0.05875783
28,5856,0.05889499
28,5888,0.058846008
28,5920,0.058757693
28,5952,0.05883899
28,5984,0.058796298
28,6016,0.058674105
28,6048,0.058682896
28,6080,0.0586438
29,0,0.05875476
29,32,0.058455143
29,64,0.058576033
29,96,0.058768544
29,128,0.06318046
29,160,0.062956974
29,192,0.062977076
29,224,0.06300583
29,256,0.06290211
29,288,0.06262079
29,320,0.06255104
29,352,0.062422387
29,384,0.06258285
29,416,0.06253632
29,448,0.062307745
29,480,0.062345423
29,512,0.062468268
29,544,0.06254243
29,576,0.062224537
29,608,0.062397838
29,640,0.062340856
29,672,0.06224563
29,704,0.062128786
29,736,0.062223617
29,768,0.061980926
29,800,0.062051766
29,832,0.061948754
29,864,0.06193142
29,896,0.061833967
29,928,0.06177648
29,960,0.062006973
29,992,0.06189995
29,1024,0.06170054
29,1056,0.0618613
29,1088,0.061984003
29,1120,0.061487965
29,1152,0.05738744
29,1184,0.05723024
29,1216,0.057323776
29,1248,0.057071183
29,1280,0.05675545
29,1312,0.056952823
29,1344,0.05687212
29,1376,0.05686441
29,1408,0.05672181
29,1440,0.05679477
29,1472,0.056609802
29,1504,0.056554377
29,1536,0.05644399
29,1568,0.056421075
29,1600,0.0563888
29,1632,0.05636856
29,1664,0.056397915
29,1696,0.05651617
29,1728,0.056411162
29,1760,0.05633719
29,1792,0.056202415
29,1824,0.05635746
29,1856,0.056254562
29,1888,0.05620694
29,1920,0.056219116
29,1952,0.056133904
29,1984,0.0560136
29,2016,0.0560686
29,2048,0.056032352
29,2080,0.055988345
29,2112,0.05606769
29,2144,0.056283064
29,2176,0.05886763
29,2208,0.05880416
29,2240,0.05859711
29,2272,0.058609493
29,2304,0.058622252
29,2336,0.05831868
29,2368,0.058349993
29,2400,0.05803253
29,2432,0.058221884
29,2464,0.05829045
29,2496,0.05824645
29,2528,0.058114134
29,2560,0.058149494
29,2592,0.05787152
29,2624,0.058007408
29,2656,0.05810372
29,2688,0.057857558
29,2720,0.057940263
29,2752,0.05776362
29,2784,0.05793582
29,2816,0.057671588
29,2848,0.05794953
29,2880,0.057805028
29,2912,0.057984345
29,2944,0.057829484
29,2976,0.057850417
29,3008,0.057711277
29,3040,0.057567786
29,3072,0.05780232
29,3104,0.058004808
29,3136,0.0577565
29,3168,0.057767347
29,3200,0.059614222
29,3232,0.059459493
29,3264,0.059555046
29,3296,0.05929694
29,3328,0.059312027
29,3360,0.059276752
29,3392,0.059244405
29,3424,0.0592341
29,3456,0.059043422
29,3488,0.059139065
29,3520,0.059063304
29,3552,0.05903362
29,3584,0.059035037
29,3616,0.058967147
29,3648,0.058876894
29,3680,0.058691412
29,3712,0.05881165
29,3744,0.05878629
29,3776,0.058800556
29,3808,0.058755703
29,3840,0.058723047
29,3872,0.058669604
29,3904,0.058758102
29,3936,0.058519762
29,3968,0.05841922
29,4000,0.058695674
29,4032,0.058509722
29,4064,0.05849893
29,4096,0.058606237
29,4128,0.05860342
29,4160,0.058302682
29,4192,0.0584983
29,4224,0.058793783
29,4256,0.05837769
29,4288,0.05861793
29,4320,0.05835751
29,4352,0.058216866
29,4384,0.05822597
29,4416,0.058009617
29,4448,0.058139816
29,4480,0.057994872
29,4512,0.058160987
29,4544,0.057953432
29,4576,0.058075577
29,4608,0.05800427
29,4640,0.057948906
29,4672,0.05794641
29,4704,0.05779783
29,4736,0.058104414
29,4768,0.057750043
29,4800,0.05784617
29,4832,0.057691798
29,4864,0.057674274
29,4896,0.057484586
29,4928,0.057743873
29,4960,0.057740327
29,4992,0.057490908
29,5024,0.057707574
29,5056,0.057478428
29,5088,0.05751592
29,5120,0.057636183
29,5152,0.057303634
29,5184,0.057523355
29,5216,0.057426177
29,5248,0.05517834
29,5280,0.05513873
29,5312,0.055037983
29,5344,0.054813683
29,5376,0.05472116
29,5408,0.054755062
29,5440,0.05459292
29,5472,0.054470398
29,5504,0.054569095
29,5536,0.054524247
29,5568,0.054453935
29,5600,0.054404907
29,5632,0.054375764
29,5664,0.05437213
29,5696,0.054336432
29,5728,0.054222953
29,5760,0.054520555
29,5792,0.05425812
29,5824,0.054209474
29,5856,0.05405461
29,5888,0.05421396
29,5920,0.05420345
29,5952,0.0541101
29,5984,0.054076318
29,6016,0.05421847
29,6048,0.05407315
29,6080,0.05399954
30,0,0.05430883
30,32,0.05395815
30,64,0.054079022
30,96,0.053883478
30,128,0.05387487
30,160,0.05911996
30,192,0.060178332
30,224,0.060004868
30,256,0.05999896
30,288,0.060160488
30,320,0.060000617
30,352,0.059930127
30,384,0.06000535
30,416,0.059698172
30,448,0.059739824
30,480,0.059725575
30,512,0.059713237
30,544,0.05949371
30,576,0.05957808
30,608,0.05960366
30,640,0.05954433
30,672,0.05952453
30,704,0.059414063
30,736,0.05950745
30,768,0.059341177
30,800,0.05937806
30,832,0.05942733
30,864,0.059427988
30,896,0.05942087
30,928,0.059349645
30,960,0.05903748
30,992,0.059145074
30,1024,0.05907488
30,1056,0.059196047
30,1088,0.05910567
30,1120,0.059190877
30,1152,0.05898036
30,1184,0.06013135
30,1216,0.060123276
30,1248,0.060153823
30,1280,0.060080152
30,1312,0.05999779
30,1344,0.05977264
30,1376,0.059865545
30,1408,0.05972458
30,1440,0.059747644
30,1472,0.059608836
30,1504,0.059842136
30,1536,0.0598012
30,1568,0.059468947
30,1600,0.05959374
30,1632,0.059802204
30,1664,0.05941431
30,1696,0.05966504
30,1728,0.059368294
30,1760,0.059502315
30,1792,0.059530474
30,1824,0.059401337
30,1856,0.059453
30,1888,0.05930442
30,1920,0.059404396
30,1952,0.059335142
30,1984,0.05927944
30,2016,0.059101485
30,2048,0.05923234
30,2080,0.059087813
30,2112,0.05932527
30,2144,0.059175577
30,2176,0.05927823
30,2208,0.061865102
30,2240,0.06233342
30,2272,0.062351905
30,2304,0.062465202
30,2336,0.062164046
30,2368,0.062105358
30,2400,0.062112585
30,2432,0.062044688
30,2464,0.062212396
30,2496,0.06187308
30,2528,0.06202744
30,2560,0.06186507
30,2592,0.061798453
30,2624,0.061922684
30,2656,0.061687592
30,2688,0.061915588
30,2720,0.061960258
30,2752,0.061702322
30,2784,0.06172294
30,2816,0.062035844
30,2848,0.061595403
30,2880,0.06149342
30,2912,0.061636757
30,2944,0.061622914
30,2976,0.061442155
30,3008,0.061641272
30,3040,0.061411615
30,3072,0.061485976
30,3104,0.061501548
30,3136,0.06145102
30,3168,0.061493948
30,3200,0.061291702
30,3232,0.057432525
30,3264,0.0561873
30,3296,0.056064244
30,3328,0.055887938
30,3360,0.05575905
30,3392,0.05588402
30,3424,0.055831257
30,3456,0.055866674
30,3488,0.055674985
30,3520,0.055674795
30,3552,0.055627417
30,3584,0.0555516
30,3616,0.05564909
30,3648,0.055530865
30,3680,0.055592373
30,3712,0.055535577
30,3744,0.055462368
30,3776,0.05539666
30,3808,0.055315126
30,3840,0.055372853
30,3872,0.055527866
30,3904,0.055597767
30,3936,0.05530139
30,3968,0.055083763
30,4000,0.055243865
30,4032,0.055317048
30,4064,0.05526597
30,4096,0.05515904
30,4128,0.05518328
30,4160,0.0551163
30,4192,0.055260226
30,4224,0.055079654
30,4256,0.05649031
30,4288,0.057030804
30,4320,0.05709778
30,4352,0.056691077
30,4384,0.056741126
30,4416,0.05692286
30,4448,0.05680292
30,4480,0.056440327
30,4512,0.056579854
30,4544,0.05635538
30,4576,0.056503966
30,4608,0.05641235
30,4640,0.056128517
30,4672,0.056312736
30,4704,0.056453355
30,4736,0.056436434
30,4768,0.056100022
30,4800,0.056194652
30,4832,0.056386113
30,4864,0.0562585
30,4896,0.056194875
30,4928,0.056091044
30,4960,0.056128643
30,4992,0.05611287
30,5024,0.0562009
30,5056,0.055984788
30,5088,0.056176502
30,5120,0.055939943
30,5152,0.056025926
30,5184,0.055925697
30,5216,0.05591515
30,5248,0.05609397
30,5280,0.056954905
30,5312,0.056965917
30,5344,0.057048053
30,5376,0.05699024
30,5408,0.05701716
30,5440,0.05681228
30,5472,0.056992363
30,5504,0.056894585
30,5536,0.056873377
30,5568,0.05684676
30,5600,0.05676091
30,5632,0.056695715
30,5664,0.05656347
30,5696,0.05684497
30,5728,0.056641653
30,5760,0.056698672
30,5792,0.056630604
30,5824,0.05667767
30,5856,0.056542102
30,5888,0.056617342
30,5920,0.05630795
30,5952,0.056394413
30,5984,0.05654245
30,6016,0.056383595
30,6048,0.056499913
30,6080,0.056441166
31,0,0.056291964
31,32,0.056257255
31,64,0.056382403
31,96,0.056211535
31,128,0.05617021
31,160,0.05634074
31,192,0.058185607
31,224,0.059849065
31,256,0.05984173
31,288,0.059790123
31,320,0.059764106
31,352,0.059542403
31,384,0.059750434
31,416,0.059562195
31,448,0.059622917
31,480,0.059631813
31,512,0.059483387
31,544,0.059500203
31,576,0.059330035
31,608,0.05948835
31,640,0.059279405
31,672,0.059390552
31,704,0.059360627
31,736,0.059149403
31,768,0.0592893
31,800,0.059193052
31,832,0.059215117
31,864,0.05912024
31,896,0.05919258
31,928,0.05903438
31,960,0.059089437
31,992,0.059100475
31,1024,0.05912735
31,1056,0.05913492
31,1088,0.059010606
31,1120,0.058955483
31,1152,0.059197526
31,1184,0.058896106
31,1216,0.058578447
31,1248,0.058239423
31,1280,0.058239993
31,1312,0.057832822
31,1344,0.058044277
31,1376,0.058141045
31,1408,0.058057718
31,1440,0.05795401
31,1472,0.057945073
31,1504,0.057851493
31,1536,0.057834424
31,1568,0.057819284
31,1600,0.057830673
31,1632,0.057676125
31,1664,0.05780149
31,1696,0.057799548
31,1728,0.057534996
31,1760,0.05772471
31,1792,0.057535667
31,1824,0.05766315
31,1856,0.057442017
31,1888,0.057720374
31,1920,0.05776493
31,1952,0.057472985
31,1984,0.057480805
31,2016,0.057334166
31,2048,0.057363
31,2080,0.057345077
31,2112,0.057475816
31,2144,0.057124414
31,2176,0.05744622
31,2208,0.057468146
31,2240,0.056037392
31,2272,0.05454649
31,2304,0.054776512
31,2336,0.054658573
31,2368,0.054622587
31,2400,0.054313473
31,2432,0.054521013
31,2464,0.05438953
31,2496,0.054337308
31,2528,0.05420486
31,2560,0.054168187
31,2592,0.054205224
31,2624,0.054066397
31,2656,0.05411814
31,2688,0.054263882
31,2720,0.054096356
31,2752,0.05403052
31,2784,0.054245614
31,2816,0.053864483
31,2848,0.05409665
31,2880,0.0541239
31,2912,0.05397166
31,2944,0.0539502
31,2976,0.053903755
31,3008,0.05394655
31,3040,0.05385504
31,3072,0.053794622
31,3104,0.05384622
31,3136,0.054004554
31,3168,0.053843502
31,3200,0.053742692
31,3232,0.053600293
31,3264,0.05819567
31,3296,0.06205036
31,3328,0.06183671
31,3360,0.061670665
31,3392,0.061863977
31,3424,0.061829727
31,3456,0.061361134
31,3488,0.06140431
31,3520,0.061435517
31,3552,0.06143689
31,3584,0.0613753
31,3616,0.06139516
31,3648,0.061389733
31,3680,0.06149114
31,3712,0.061477143
31,3744,0.061389156
31,3776,0.06113353
31,3808,0.06137434
31,3840,0.061091006
31,3872,0.061052084
31,3904,0.06112563
31,3936,0.061094075
31,3968,0.06105602
31,4000,0.061134886
31,4032,0.0609724
31,4064,0.06107466
31,4096,0.060985696
31,4128,0.060910158
31,4160,0.061151315
31,4192,0.060777977
31,4224,0.06101294
31,4256,0.060712233
31,4288,0.060189564
31,4320,0.05896914
31,4352,0.058891583
31,4384,0.059012674
31,4416,0.05903055
31,4448,0.058831826
31,4480,0.058929946
31,4512,0.058823895
31,4544,0.05857575
31,4576,0.058643915
31,4608,0.058938816
31,4640,0.058667265
31,4672,0.058696426
31,4704,0.058592115
31,4736,0.058383305
31,4768,0.05856631
31,4800,0.05856076
31,4832,0.058576293
31,4864,0.05851509
31,4896,0.058597714
31,4928,0.05842418
31,4960,0.058436636
31,4992,0.058480393
31,5024,0.05838857
31,5056,0.05838791
31,5088,0.05826495
31,5120,0.05822803
31,5152,0.058247514
31,5184,0.05812746
31,5216,0.058259275
31,5248,0.058072455
31,5280,0.0582853
31,5312,0.05799604
31,5344,0.057406034
31,5376,0.05740362
31,5408,0.05738122
31,5440,0.057396226
31,5472,0.057116043
31,5504,0.057110723
31,5536,0.057157144
31,5568,0.057251193
31,5600,0.057101127
31,5632,0.05693869
31,5664,0.056950234
31,5696,0.05692981
31,5728,0.05690221
31,5760,0.05695062
31,5792,0.05691611
31,5824,0.05678746
31,5856,0.05667211
31,5888,0.05696296
31,5920,0.05673951
31,5952,0.056741446
31,5984,0.056766354
31,6016,0.056784295
31,6048,0.056684744
31,6080,0.056621533
32,0,0.05651113
32,32,0.056519672
32,64,0.05647713
32,96,0.05659359
32,128,0.056696445
32,160,0.056487937
32,192,0.05676852
32,224,0.057657186
32,256,0.060788345
32,288,0.06066192
32,320,0.06058296
32,352,0.060428564
32,384,0.060651395
32,416,0.060487315
32,448,0.060423814
32,480,0.060442977
32,512,0.060428504
32,544,0.060396586
32,576,0.0604367
32,608,0.06031
32,640,0.060267292
32,672,0.060143277
32,704,0.060199387
32,736,0.060045425
32,768,0.06020723
32,800,0.060115732
32,832,0.060259677
32,864,0.06008322
32,896,0.060060553
32,928,0.06002498
32,960,0.060070466
32,992,0.059999168
32,1024,0.0597553
32,1056,0.05989109
32,1088,0.059937607
32,1120,0.059893258
32,1152,0.05980259
32,1184,0.05985791
32,1216,0.059964374
32,1248,0.06034829
32,1280,0.061277978
32,1312,0.061160002
32,1344,0.06112875
32,1376,0.061238017
32,1408,0.061170578
32,1440,0.061135344
32,1472,0.06096072
32,1504,0.061018486
32,1536,0.06095065
32,1568,0.06083062
32,1600,0.060993098
32,1632,0.06099235
32,1664,0.060683787
32,1696,0.06060078
32,1728,0.060696784
32,1760,0.0608532
32,1792,0.060624223
32,1824,0.060579453
32,1856,0.060720515
32,1888,0.060598545
32,1920,0.06083765
32,1952,0.060503814
32,1984,0.060618922
32,2016,0.060581192
32,2048,0.06067664
32,2080,0.060643476
32,2112,0.0605799
32,2144,0.060567196
32,2176,0.060431886
32,2208,0.060497254
32,2240,0.060502037
32,2272,0.06061572
32,2304,0.060425933
32,2336,0.060345292
32,2368,0.060480356
32,2400,0.060317583
32,2432,0.060167
32,2464,0.060250215
32,2496,0.06016123
32,2528,0.059946395
32,2560,0.059820347
32,2592,0.05997933
32,2624,0.05998567
32,2656,0.059703242
32,2688,0.060037836
32,2720,0.05991963
32,2752,0.059788723
32,2784,0.059937328
32,2816,0.059779078
32,2848,0.05972209
32,2880,0.05997467
32,2912,0.0597979
32,2944,0.05975192
32,2976,0.059531443
32,3008,0.059759617
32,3040,0.05955979
32,3072,0.059494965
32,3104,0.05960112
32,3136,0.059701107
32,3168,0.05962447
32,3200,0.059608668
32,3232,0.059431724
32,3264,0.0595776
32,3296,0.05983658
32,3328,0.06083275
32,3360,0.060591124
32,3392,0.06061038
32,3424,0.060580645
32,3456,0.06056275
32,3488,0.060533363
32,3520,0.060429096
32,3552,0.060359795
32,3584,0.060415283
32,3616,0.06040549
32,3648,0.060412087
32,3680,0.060371257
32,3712,0.06012282
32,3744,0.060177814
32,3776,0.060230725
32,3808,0.06012194
32,3840,0.060048603
32,3872,0.060365476
32,3904,0.05999192
32,3936,0.060245566
32,3968,0.0601079
32,4000,0.05989424
32,4032,0.059892345
32,4064,0.060141325
32,4096,0.05997343
32,4128,0.060030628
32,4160,0.059859715
32,4192,0.060111653
32,4224,0.060074735
32,4256,0.060149327
32,4288,0.05993487
32,4320,0.058539502
32,4352,0.05485929
32,4384,0.054784432
32,4416,0.05470325
32,4448,0.05464686
32,4480,0.054582246
32,4512,0.054475628
32,4544,0.054504294
32,4576,0.054556236
32,4608,0.054259904
32,4640,0.05421401
32,4672,0.05434525
32,4704,0.054618273
32,4736,0.05440745
32,4768,0.05444887
32,4800,0.054162186
32,4832,0.054150507
32,4864,0.054463286
32,4896,0.05440385
32,4928,0.054269433
32,4960,0.054333158
32,4992,0.054079335
32,5024,0.05437728
32,5056,0.054175466
32,5088,0.054039296
32,5120,0.054116357
32,5152,0.05410086
32,5184,0.05417377
32,5216,0.05411794
32,5248,0.05415412
32,5280,0.05405194
32,5312,0.05413979
32,5344,0.054862045
32,5376,0.056935973
32,5408,0.056810666
32,5440,0.056866724
32,5472,0.056725293
32,5504,0.05652879
32,5536,0.056556623
32,5568,0.056466926
32,5600,0.05668018
32,5632,0.056593813
32,5664,0.05665586
32,5696,0.056398317
32,5728,0.056417923
32,5760,0.05654856
32,5792,0.05648165
32,5824,0.056694403
32,5856,0.05639939
32,5888,0.05645334
32,5920,0.05638814
32,5952,0.056266595
32,5984,0.05635417
32,6016,0.056199044
32,6048,0.056370705
32,6080,0.05620193
33,0,0.056166697
33,32,0.056207214
33,64,0.056285072
33,96,0.056251474
33,128,0.05609575
33,160,0.055969078
33,192,0.056048654
33,224,0.056288786
33,256,0.056248423
33,288,0.05853025
33,320,0.05858166
33,352,0.05864717
33,384,0.058510058
33,416,0.05831619
33,448,0.058383066
33,480,0.058239944
33,512,0.058343936
33,544,0.058352187
33,576,0.05823312
33,608,0.05836357
33,640,0.05823187
33,672,0.058238626
33,704,0.058106378
33,736,0.05816758
33,768,0.058190465
33,800,0.057980668
33,832,0.058148075
33,864,0.058115482
33,896,0.05785079
33,928,0.05814852
33,960,0.058000404
33,992,0.05792107
33,1024,0.058144312
33,1056,0.057856344
33,1088,0.057893027
33,1120,0.05790032
33,1152,0.057960592
33,1184,0.057932418
33,1216,0.057920795
33,1248,0.057961553
33,1280,0.057977088
33,1312,0.05779729
33,1344,0.057464205
33,1376,0.057307452
33,1408,0.057302248
33,1440,0.057394702
33,1472,0.05707285
33,1504,0.05707266
33,1536,0.057146955
33,1568,0.056932434
33,1600,0.056869254
33,1632,0.057129383
33,1664,0.05706057
33,1696,0.057276223
33,1728,0.05694144
33,1760,0.056950707
33,1792,0.056936525
33,1824,0.057013605
33,1856,0.056970302
33,1888,0.056937005
33,1920,0.056820717
33,1952,0.056831177
33,1984,0.056955088
33,2016,0.056791566
33,2048,0.056842107
33,2080,0.056804333
33,2112,0.056708813
33,2144,0.05662791
33,2176,0.056696925
33,2208,0.05668181
33,2240,0.05677546
33,2272,0.05672595
33,2304,0.05665322
33,2336,0.05854802
33,2368,0.05870348
33,2400,0.058544826
33,2432,0.058306452
33,2464,0.05859993
33,2496,0.058372296
33,2528,0.058441546
33,2560,0.058320753
33,2592,0.058376532
33,2624,0.05819458
33,2656,0.058207992
33,2688,0.05831987
33,2720,0.058206942
33,2752,0.058013648
33,2784,0.058282744
33,2816,0.058213577
33,2848,0.058187414
33,2880,0.05803656
33,2912,0.05796194
33,2944,0.057921316
33,2976,0.05795858
33,3008,0.057950225
33,3040,0.058100633
33,3072,0.05815156
33,3104,0.057976484
33,3136,0.058114614
33,3168,0.05790755
33,3200,0.058000684
33,3232,0.057975195
33,3264,0.05816988
33,3296,0.057926167
33,3328,0.058114238
33,3360,0.056830067
33,3392,0.056959435
33,3424,0.056874063
33,3456,0.056859788
33,3488,0.056818515
33,3520,0.056698184
33,3552,0.056621023
33,3584,0.056597676
33,3616,0.05693517
33,3648,0.056744166
33,3680,0.0567289
33,3712,0.056630272
33,3744,0.056570694
33,3776,0.056542356
33,3808,0.056367364
33,3840,0.056527674
33,3872,0.05651893
33,3904,0.05642182
33,3936,0.056378223
33,3968,0.056296084
33,4000,0.0564365
33,4032,0.056427542
33,4064,0.05634547
33,4096,0.056255292
33,4128,0.056267507
33,4160,0.056441415
33,4192,0.056204263
33,4224,0.05640062
33,4256,0.056478772
33,4288,0.056370776
33,4320,0.056229882
33,4352,0.056407765
33,4384,0.060091387
33,4416,0.060185038
33,4448,0.059936054
33,4480,0.059942342
33,4512,0.059833713
33,4544,0.05991327
33,4576,0.05993663
33,4608,0.05977115
33,4640,0.059793282
33,4672,0.059801795
33,4704,0.059852846
33,4736,0.059893925
33,4768,0.05958665
33,4800,0.05986722
33,4832,0.059610166
33,4864,0.05966717
33,4896,0.05964295
33,4928,0.05945977
33,4960,0.059547663
33,4992,0.05964455
33,5024,0.059707835
33,5056,0.05955349
33,5088,0.059382614
33,5120,0.05964818
33,5152,0.05933124
33,5184,0.059590943
33,5216,0.05922542
33,5248,0.05936603
33,5280,0.059375774
33,5312,0.05935386
33,5344,0.05940051
33,5376,0.059406787
33,5408,0.06234177
33,5440,0.06222355
33,5472,0.062339522
33,5504,0.062237147
33,5536,0.062130872
33,5568,0.06224006
33,5600,0.062207066
33,5632,0.062156335
33,5664,0.06211694
33,5696,0.061901603
33,5728,0.06207829
33,5760,0.061865885
33,5792,0.061893497
33,5824,0.061881065
33,5856,0.062131293
33,5888,0.06204672
33,5920,0.06193114
33,5952,0.06189007
33,5984,0.061850302
33,6016,0.0617603
33,6048,0.06187094
33,6080,0.061766554
34,0,0.061658036
34,32,0.061562542
34,64,0.061629288
34,96,0.061770678
34,128,0.06170404
34,160,0.061811402
34,192,0.06180695
34,224,0.061623845
34,256,0.061675306
34,288,0.0615894
34,320,0.061981946
34,352,0.062122043
34,384,0.06205687
34,416,0.06198635
34,448,0.06191567
34,480,0.061928257
34,512,0.062012307
34,544,0.061815705
34,576,0.061892074
34,608,0.06177909
34,640,0.06179916
34,672,0.0618286
34,704,0.061632168
34,736,0.06165935
34,768,0.061590865
34,800,0.061834175
34,832,0.06180739
34,864,0.061662585
34,896,0.06168724
34,928,0.06152188
34,960,0.061515547
34,992,0.06176264
34,1024,0.061679866
34,1056,0.061580848
34,1088,0.06148911
34,1120,0.061581414
34,1152,0.061381288
34,1184,0.061579153
34,1216,0.061441973
34,1248,0.06156413
34,1280,0.061294567
34,1312,0.061402496
34,1344,0.059786182
34,1376,0.05923099
34,1408,0.05919003
34,1440,0.059216693
34,1472,0.05910201
34,1504,0.05920464
34,1536,0.059089117
34,1568,0.059081715
34,1600,0.059139937
34,1632,0.059057493
34,1664,0.05924529
34,1696,0.05894073
34,1728,0.05904589
34,1760,0.058980715
34,1792,0.05893326
34,1824,0.0588038
34,1856,0.05890196
34,1888,0.058729805
34,1920,0.05888318
34,1952,0.058794964
34,1984,0.059006516
34,2016,0.05869987
34,2048,0.05870692
34,2080,0.05907252
34,2112,0.05869489
34,2144,0.05863117
34,2176,0.058718316
34,2208,0.058787763
34,2240,0.05884692
34,2272,0.058681905
34,2304,0.05871631
34,2336,0.05882498
34,2368,0.0587771
34,2400,0.058915157
34,2432,0.05910873
34,2464,0.05891263
34,2496,0.058693502
34,2528,0.058896475
34,2560,0.058894712
34,2592,0.05881234
34,2624,0.05876247
34,2656,0.058871705
34,2688,0.058765866
34,2720,0.05869176
34,2752,0.05869209
34,2784,0.05898335
34,2816,0.05890589
34,2848,0.05862053
34,2880,0.058521397
34,2912,0.058558173
34,2944,0.058606375
34,2976,0.05854565
34,3008,0.0586383
34,3040,0.05856881
34,3072,0.05849451
34,3104,0.05846624
34,3136,0.05861739
34,3168,0.05871946
34,3200,0.058588844
34,3232,0.05855047
34,3264,0.058511734
34,3296,0.05841877
34,3328,0.058517274
34,3360,0.05834959
34,3392,0.05975849
34,3424,0.060042284
34,3456,0.05994332
34,3488,0.059890084
34,3520,0.059434157
34,3552,0.05979662
34,3584,0.059752457
34,3616,0.059782766
34,3648,0.059634883
34,3680,0.059795618
34,3712,0.059559446
34,3744,0.059676852
34,3776,0.05990484
34,3808,0.059609354
34,3840,0.059587624
34,3872,0.05967997
34,3904,0.059600886
34,3936,0.059413146
34,3968,0.05966415
34,4000,0.05947876
34,4032,0.059270483
34,4064,0.059497114
34,4096,0.059256982
34,4128,0.059424672
34,4160,0.05958357
34,4192,0.059269354
34,4224,0.05949405
34,4256,0.05939765
34,4288,0.059453066
34,4320,0.05951519
34,4352,0.059246197
34,4384,0.059252128
34,4416,0.05856353
34,4448,0.05817067
34,4480,0.058034174
34,4512,0.058007594
34,4544,0.05795966
34,4576,0.058060795
34,4608,0.058083408
34,4640,0.057897884
34,4672,0.05785038
34,4704,0.05791377
34,4736,0.057787307
34,4768,0.05794721
34,4800,0.05811624
34,4832,0.057858195
34,4864,0.057741564
34,4896,0.057794593
34,4928,0.05786587
34,4960,0.05784834
34,4992,0.05779749
34,5024,0.057795063
34,5056,0.05780777
34,5088,0.057899106
34,5120,0.057617676
34,5152,0.057663217
34,5184,0.0579124
34,5216,0.05762242
34,5248,0.05758682
34,5280,0.057623718
34,5312,0.05766858
34,5344,0.05763729
34,5376,0.057645317
34,5408,0.057743587
34,5440,0.06136335
34,5472,0.06221055
34,5504,0.062116213
34,5536,0.062327594
34,5568,0.062506974
34,5600,0.06217182
34,5632,0.06192077
34,5664,0.062248293
34,5696,0.06215624
34,5728,0.062164843
34,5760,0.061982438
34,5792,0.061952557
34,5824,0.06200231
34,5856,0.06194426
34,5888,0.06213744
34,5920,0.06197048
34,5952,0.061955206
34,5984,0.061823823
34,6016,0.061846714
34,6048,0.061949596
34,6080,0.06174373
35,0,0.062014133
35,32,0.061839994
35,64,0.061984558
35,96,0.061778754
35,128,0.061957534
35,160,0.061684065
35,192,0.061733738
35,224,0.06161972
35,256,0.061638236
35,288,0.061660297
35,320,0.061704013
35,352,0.060015127
35,384,0.058448505
35,416,0.0582284
35,448,0.058136992
35,480,0.05822738
35,512,0.05827813
35,544,0.058049474
35,576,0.058220863
35,608,0.058239643
35,640,0.058129087
35,672,0.058171522
35,704,0.057904907
35,736,0.05817299
35,768,0.058289815
35,800,0.05815841
35,832,0.058015447
35,864,0.05804459
35,896,0.058035083
35,928,0.05804766
35,960,0.058000643
35,992,0.057997182
35,1024,0.0580198
35,1056,0.05802955
35,1088,0.057966914
35,1120,0.057866156
35,1152,0.057941727
35,1184,0.05806966
35,1216,0.057791825
35,1248,0.058033872
35,1280,0.057874788
35,1312,0.057996463
35,1344,0.05802691
35,1376,0.060579218
35,1408,0.06273498
35,1440,0.0627737
35,1472,0.0628095
35,1504,0.062728114
35,1536,0.062576406
35,1568,0.062559664
35,1600,0.06248725
35,1632,0.062476777
35,1664,0.06275036
35,1696,0.06252224
35,1728,0.06250431
35,1760,0.06254971
35,1792,0.062442172
35,1824,0.06246829
35,1856,0.06236583
35,1888,0.062460296
35,1920,0.062387757
35,1952,0.062299617
35,1984,0.06239752
35,2016,0.062221944
35,2048,0.062308587
35,2080,0.0624263
35,2112,0.062272556
35,2144,0.06231471
35,2176,0.06222955
35,2208,0.06225439
35,2240,0.062470373
35,2272,0.06233352
35,2304,0.06230661
35,2336,0.062195256
35,2368,0.06191216
35,2400,0.060802862
35,2432,0.059538137
35,2464,0.059162464
35,2496,0.059046976
35,2528,0.05904713
35,2560,0.059328318
35,2592,0.05928126
35,2624,0.059074298
35,2656,0.059137516
35,2688,0.059042122
35,2720,0.059104864
35,2752,0.058915064
35,2784,0.058985967
35,2816,0.059160523
35,2848,0.059069764
35,2880,0.05878753
35,2912,0.058888804
35,2944,0.058974873
35,2976,0.05890257
35,3008,0.058995634
35,3040,0.058824357
35,3072,0.058688436
35,3104,0.059012834
35,3136,0.058980785
35,3168,0.058860984
35,3200,0.058942463
35,3232,0.058829103
35,3264,0.05895351
35,3296,0.058822285
35,3328,0.058916632
35,3360,0.058828264
35,3392,0.05882007
35,3424,0.05646358
35,3456,0.054605145
35,3488,0.054417577
35,3520,0.054372575
35,3552,0.05446186
35,3584,0.05442048
35,3616,0.0542165
35,3648,0.054231662
35,3680,0.05447942
35,3712,0.05416351
35,3744,0.054408416
35,3776,0.05416232
35,3808,0.054209895
35,3840,0.05436497
35,3872,0.054228105
35,3904,0.054365434
35,3936,0.0540479
35,3968,0.054019142
35,4000,0.054107696
35,4032,0.054215305
35,4064,0.054021187
35,4096,0.053837806
35,4128,0.05389521
35,4160,0.053990588
35,4192,0.05398714
35,4224,0.054043446
35,4256,0.054048076
35,4288,0.053991243
35,4320,0.053880867
35,4352,0.05399598
35,4384,0.05385361
35,4416,0.054141086
35,4448,0.054039773
35,4480,0.05440317
35,4512,0.05450699
35,4544,0.054421354
35,4576,0.054579712
35,4608,0.054256964
35,4640,0.054117925
35,4672,0.054187372
35,4704,0.054438587
35,4736,0.054258287
35,4768,0.054191247
35,4800,0.05415246
35,4832,0.054275118
35,4864,0.054225314
35,4896,0.054114148
35,4928,0.054264948
35,4960,0.05427003
35,4992,0.05424874
35,5024,0.05426768
35,5056,0.054065242
35,5088,0.054135974
35,5120,0.05410727
35,5152,0.054007366
35,5184,0.05401018
35,5216,0.054086287
35,5248,0.05418945
35,5280,0.05413729
35,5312,0.05398187
35,5344,0.05406421
35,5376,0.054109998
35,5408,0.05417484
35,5440,0.054115564
35,5472,0.05786088
35,5504,0.061045837
35,5536,0.061019957
35,5568,0.060817704
35,5600,0.06105305
35,5632,0.060823366
35,5664,0.060908206
35,5696,0.06092263
35,5728,0.06076686
35,5760,0.06091044
35,5792,0.06087709
35,5824,0.06081932
35,5856,0.06093191
35,5888,0.06067603
35,5920,0.060725845
35,5952,0.060762756
35,5984,0.060744453
35,6016,0.060685694
35,6048,0.060591716
35,6080,0.060608257
36,0,0.060565706
36,32,0.06083052
36,64,0.06060916
36,96,0.06050998
36,128,0.06068611
36,160,0.060810417
36,192,0.0605964
36,224,0.06061187
36,256,0.06072202
36,288,0.06053703
36,320,0.060624007
36,352,0.060614295
36,384,0.0605906
36,416,0.06002899
36,448,0.060160603
36,480,0.060257617
36,512,0.060271133
36,544,0.059972994
36,576,0.059980594
36,608,0.060060695
36,640,0.059963226
36,672,0.059633672
36,704,0.060095705
36,736,0.05987123
36,768,0.059904642
36,800,0.060010195
36,832,0.05976948
36,864,0.059866652
36,896,0.05982987
36,928,0.05982076
36,960,0.059769608
36,992,0.059981547
36,1024,0.05980555
36,1056,0.059691064
36,1088,0.05972699
36,1120,0.059771065
36,1152,0.059870053
36,1184,0.059786607
36,1216,0.0597738
36,1248,0.059775755
36,1280,0.059753306
36,1312,0.05977692
36,1344,0.05991905
36,1376,0.059474353
36,1408,0.059407864
36,1440,0.05868316
36,1472,0.058345404
36,1504,0.058583856
36,1536,0.05848944
36,1568,0.05856598
36,1600,0.058708977
36,1632,0.058374032
36,1664,0.05842352
36,1696,0.0585074
36,1728,0.058512248
36,1760,0.05842548
36,1792,0.058433976
36,1824,0.058295038
36,1856,0.058389477
36,1888,0.058460627
36,1920,0.058353454
36,1952,0.058307372
36,1984,0.058432527
36,2016,0.058039717
36,2048,0.0583482
36,2080,0.058516953
36,2112,0.05805773
36,2144,0.058243856
36,2176,0.058288798
36,2208,0.058453657
36,2240,0.05824725
36,2272,0.05826601
36,2304,0.05813586
36,2336,0.058187846
36,2368,0.058152474
36,2400,0.058188546
36,2432,0.058047608
36,2464,0.058215257
36,2496,0.058143392
36,2528,0.058119923
36,2560,0.058057517
36,2592,0.0580342
36,2624,0.05802084
36,2656,0.058265675
36,2688,0.05790655
36,2720,0.05812359
36,2752,0.05799876
36,2784,0.057986457
36,2816,0.057796042
36,2848,0.057949536
36,2880,0.05788377
36,2912,0.05787866
36,2944,0.057860494
36,2976,0.057794515
36,3008,0.057981446
36,3040,0.057726383
36,3072,0.05781031
36,3104,0.057963848
36,3136,0.05802621
36,3168,0.05768038
36,3200,0.057849113
36,3232,0.05797544
36,3264,0.0578737
36,3296,0.057768323
36,3328,0.0578072
36,3360,0.05781178
36,3392,0.05771992
36,3424,0.057795316
36,3456,0.058509428
36,3488,0.0601295
36,3520,0.060051218
36,3552,0.059891406
36,3584,0.0602103
36,3616,0.060029637
36,3648,0.060013782
36,3680,0.059893165
36,3712,0.059994824
36,3744,0.05989093
36,3776,0.06004107
36,3808,0.059785586
36,3840,0.0599719
36,3872,0.059755612
36,3904,0.059812892
36,3936,0.05995237
36,3968,0.06005126
36,4000,0.05974068
36,4032,0.059810195
36,4064,0.059893668
36,4096,0.059744425
36,4128,0.05969911
36,4160,0.059866935
36,4192,0.0596386
36,4224,0.05986538
36,4256,0.059913833
36,4288,0.059824802
36,4320,0.05978237
36,4352,0.059756648
36,4384,0.059640203
36,4416,0.059856273
36,4448,0.05960459
36,4480,0.05796989
36,4512,0.05427309
36,4544,0.0543864
36,4576,0.05413341
36,4608,0.054282676
36,4640,0.054140378
36,4672,0.05431717
36,4704,0.054047216
36,4736,0.054371003
36,4768,0.054108825
36,4800,0.05429127
36,4832,0.054029256
36,4864,0.054138396
36,4896,0.054107975
36,4928,0.05405042
36,4960,0.054166574
36,4992,0.054089516
36,5024,0.05424398
36,5056,0.054070465
36,5088,0.053921506
36,5120,0.054117277
36,5152,0.05410988
36,5184,0.05409718
36,5216,0.05416052
36,5248,0.0540139
36,5280,0.053984802
36,5312,0.053854264
36,5344,0.05400436
36,5376,0.054026365
36,5408,0.05410995
36,5440,0.054058168
36,5472,0.053929426
36,5504,0.054858323
36,5536,0.057687223
36,5568,0.057689123
36,5600,0.057760704
36,5632,0.05771622
36,5664,0.057753146
36,5696,0.05774828
36,5728,0.05771485
36,5760,0.05763122
36,5792,0.057530094
36,5824,0.057635333
36,5856,0.057653733
36,5888,0.057476643
36,5920,0.05755299
36,5952,0.057621267
36,5984,0.05764495
36,6016,0.057293434
36,6048,0.05761552
36,6080,0.057550702
37,0,0.057432514
37,32,0.057705987
37,64,0.05761543
37,96,0.05737975
37,128,0.057374857
37,160,0.0574557
37,192,0.05746936
37,224,0.057314113
37,256,0.057423633
37,288,0.05744049
37,320,0.057512794
37,352,0.057646498
37,384,0.057518546
37,416,0.057497285
37,448,0.059642244
37,480,0.059601948
37,512,0.059655383
37,544,0.059320685
37,576,0.059507914
37,608,0.059511974
37,640,0.059468985
37,672,0.059425652
37,704,0.05927006
37,736,0.05947625
37,768,0.05946892
37,800,0.059369322
37,832,0.059585296
37,864,0.05939712
37,896,0.059549205
37,928,0.059446033
37,960,0.059609428
37,992,0.059446048
37,1024,0.059451077
37,1056,0.059392598
37,1088,0.059370816
37,1120,0.05949305
37,1152,0.05939201
37,1184,0.059408184
37,1216,0.059338413
37,1248,0.059308033
37,1280,0.05933079
37,1312,0.05948689
37,1344,0.05944772
37,1376,0.059407216
37,1408,0.05921296
37,1440,0.059347495
37,1472,0.061572123
37,1504,0.061512858
37,1536,0.0615667
37,1568,0.06133097
37,1600,0.06137808
37,1632,0.061253365
37,1664,0.06138909
37,1696,0.0613285
37,1728,0.061464153
37,1760,0.061322834
37,1792,0.06117158
37,1824,0.061353426
37,1856,0.06134866
37,1888,0.06130725
37,1920,0.06132018
37,1952,0.06133317
37,1984,0.061284177
37,2016,0.061264947
37,2048,0.061393354
37,2080,0.061239026
37,2112,0.06144628
37,2144,0.061347924
37,2176,0.06132024
37,2208,0.06124322
37,2240,0.061184745
37,2272,0.06145918
37,2304,0.061313864
37,2336,0.061260525
37,2368,0.06118602
37,2400,0.06130821
37,2432,0.06123863
37,2464,0.061082274
37,2496,0.05788743
37,2528,0.057960104
37,2560,0.057785124
37,2592,0.057839233
37,2624,0.057646558
37,2656,0.057794638
37,2688,0.057995975
37,2720,0.057714287
37,2752,0.057831474
37,2784,0.05783344
37,2816,0.05780205
37,2848,0.05771069
37,2880,0.057906155
37,2912,0.05784128
37,2944,0.05766563
37,2976,0.05780147
37,3008,0.05756851
37,3040,0.057862416
37,3072,0.057716507
37,3104,0.057683915
37,3136,0.05766934
37,3168,0.057607062
37,3200,0.057623606
37,3232,0.05762993
37,3264,0.05749114
37,3296,0.05770364
37,3328,0.057761896
37,3360,0.057783373
37,3392,0.057726264
37,3424,0.057616055
37,3456,0.057652727
37,3488,0.057774797
37,3520,0.05868771
37,3552,0.058675576
37,3584,0.05879775
37,3616,0.058800157
37,3648,0.058728173
37,3680,0.058673605
37,3712,0.05889486
37,3744,0.058594946
37,3776,0.05877605
37,3808,0.058623612
37,3840,0.058490355
37,3872,0.05850111
37,3904,0.058343656
37,3936,0.058675185
37,3968,0.05868226
37,4000,0.058424525
37,4032,0.058419537
37,4064,0.05848134
37,4096,0.058435563
37,4128,0.05853617
37,4160,0.058705464
37,4192,0.058701787
37,4224,0.058566097
37,4256,0.05863967
37,4288,0.058482062
37,4320,0.05842352
37,4352,0.0587504
37,4384,0.058435578
37,4416,0.058620032
37,4448,0.05851929
37,4480,0.05873562
37,4512,0.0584361
37,4544,0.061080366
37,4576,0.061213236
37,4608,0.061149467
37,4640,0.06113401
37,4672,0.061126076
37,4704,0.0609608
37,4736,0.061018623
37,4768,0.061072193
37,4800,0.0609376
37,4832,0.06112486
37,4864,0.061203614
37,4896,0.061163645
37,4928,0.061259728
37,4960,0.060970042
37,4992,0.06097514
37,5024,0.061013825
37,5056,0.061193183
37,5088,0.06097976
37,5120,0.060917675
37,5152,0.061101563
37,5184,0.06085013
37,5216,0.061067197
37,5248,0.06076639
37,5280,0.060894135
37,5312,0.060819313
37,5344,0.06105302
37,5376,0.061045516
37,5408,0.06091979
37,5440,0.060856853
37,5472,0.060857713
37,5504,0.061039034
37,5536,0.06096952
37,5568,0.05935415
37,5600,0.05938515
37,5632,0.059307758
37,5664,0.058997724
37,5696,0.05936466
37,5728,0.05923387
37,5760,0.05943744
37,5792,0.05935878
37,5824,0.05944556
37,5856,0.059149772
37,5888,0.059049144
37,5920,0.05920439
37,5952,0.0591337
37,5984,0.05923027
37,6016,0.05931908
37,6048,0.059068535
37,6080,0.059196096
38,0,0.059197675
38,32,0.059272602
38,64,0.059051435
38,96,0.059148584
38,128,0.05913328
38,160,0.05923029
38,192,0.05926603
38,224,0.059122507
38,256,0.059181917
38,288,0.05916702
38,320,0.059178162
38,352,0.05918459
38,384,0.059282925
38,416,0.059127964
38,448,0.059045553
38,480,0.0594593
38,512,0.059225272
38,544,0.059370317
38,576,0.059203804
38,608,0.059353016
38,640,0.059111383
38,672,0.059423942
38,704,0.05921714
38,736,0.059357684
38,768,0.05931384
38,800,0.059295822
38,832,0.059339482
38,864,0.059338473
38,896,0.05911667
38,928,0.05912901
38,960,0.059257172
38,992,0.059250064
38,1024,0.059201635
38,1056,0.059325226
38,1088,0.059255816
38,1120,0.059357136
38,1152,0.059271764
38,1184,0.05924831
38,1216,0.059397068
38,1248,0.059126813
38,1280,0.05931021
38,1312,0.05926472
38,1344,0.05924429
38,1376,0.05913309
38,1408,0.059017386
38,1440,0.05919392
38,1472,0.05923868
38,1504,0.05847467
38,1536,0.05803806
38,1568,0.05819974
38,1600,0.05816893
38,1632,0.05831112
38,1664,0.058030423
38,1696,0.058352835
38,1728,0.05812738
38,1760,0.058226228
38,1792,0.058296036
38,1824,0.058297027
38,1856,0.058057263
38,1888,0.05844731
38,1920,0.05811447
38,1952,0.058369298
38,1984,0.058222204
38,2016,0.058172263
38,2048,0.058159877
38,2080,0.05802783
38,2112,0.05832637
38,2144,0.058181673
38,2176,0.057995852
38,2208,0.058090415
38,2240,0.058176696
38,2272,0.058372833
38,2304,0.05795444
38,2336,0.058078658
38,2368,0.058207124
38,2400,0.05813551
38,2432,0.058235202
38,2464,0.058027353
38,2496,0.058091994
38,2528,0.05963114
38,2560,0.059904434
38,2592,0.059938736
38,2624,0.06005074
38,2656,0.059860244
38,2688,0.06000377
38,2720,0.0596534
38,2752,0.05994393
38,2784,0.059939075
38,2816,0.059864916
38,2848,0.059684787
38,2880,0.06001334
38,2912,0.05973742
38,2944,0.05977272
38,2976,0.059864078
38,3008,0.059828855
38,3040,0.05975838
38,3072,0.059843387
38,3104,0.059767902
38,3136,0.059799597
38,3168,0.06001862
38,3200,0.05968313
38,3232,0.059718005
38,3264,0.05991776
38,3296,0.05981984
38,3328,0.059916418
38,3360,0.059683204
38,3392,0.05987782
38,3424,0.059832796
38,3456,0.059861585
38,3488,0.059794683
38,3520,0.05989577
38,3552,0.058562357
38,3584,0.05784086
38,3616,0.057973154
38,3648,0.057883613
38,3680,0.058022466
38,3712,0.057903104
38,3744,0.05781018
38,3776,0.05771483
38,3808,0.057772737
38,3840,0.05776366
38,3872,0.057907093
38,3904,0.057808887
38,3936,0.057802714
38,3968,0.057850145
38,4000,0.057743568
38,4032,0.057724316
38,4064,0.05785178
38,4096,0.05774032
38,4128,0.057859324
38,4160,0.0578695
38,4192,0.057777405
38,4224,0.058005612
38,4256,0.057931084
38,4288,0.05776501
38,4320,0.057813153
38,4352,0.057781
38,4384,0.05793862
38,4416,0.057892922
38,4448,0.05780764
38,4480,0.057767782
38,4512,0.057897996
38,4544,0.05769135
38,4576,0.060630094
38,4608,0.061414827
38,4640,0.061375704
38,4672,0.061594907
38,4704,0.06123336
38,4736,0.061460078
38,4768,0.06138049
38,4800,0.061340153
38,4832,0.061496444
38,4864,0.06142023
38,4896,0.061275214
38,4928,0.061235264
38,4960,0.061293017
38,4992,0.061519463
38,5024,0.06113611
38,5056,0.061113935
38,5088,0.061484754
38,5120,0.06136369
38,5152,0.0612169
38,5184,0.061391775
38,5216,0.06116433
38,5248,0.06119922
38,5280,0.0614173
38,5312,0.06113744
38,5344,0.061164018
38,5376,0.061345745
38,5408,0.06139443
38,5440,0.06108494
38,5472,0.061190642
38,5504,0.06126977
38,5536,0.06132415
38,5568,0.061234243
38,5600,0.06119437
38,5632,0.061076265
38,5664,0.061062273
38,5696,0.060918257
38,5728,0.061037913
38,5760,0.061006498
38,5792,0.06077216
38,5824,0.06112433
38,5856,0.06091304
38,5888,0.06093654
38,5920,0.060990926
38,5952,0.060910013
38,5984,0.06072985
38,6016,0.0609479
38,6048,0.060861472
38,6080,0.06081902
39,0,0.060817596
39,32,0.06088501
39,64,0.060839925
39,96,0.060887188
39,128,0.061111495
39,160,0.060751516
39,192,0.06082645
39,224,0.061039742
39,256,0.06100213
39,288,0.061114375
39,320,0.060823858
39,352,0.061065797
39,384,0.060859345
39,416,0.060927592
39,448,0.060735807
39,480,0.06096184
39,512,0.059118968
39,544,0.057938024
39,576,0.057823256
39,608,0.05775016
39,640,0.057820994
39,672,0.05770987
39,704,0.05772545
39,736,0.05785258
39,768,0.057700288
39,800,0.057594597
39,832,0.05775186
39,864,0.05782829
39,896,0.057898507
39,928,0.057772126
39,960,0.057822432
39,992,0.057695393
39,1024,0.057676278
39,1056,0.057634067
39,1088,0.05765663
39,1120,0.0577963
39,1152,0.057706654
39,1184,0.05767508
39,1216,0.057643928
39,1248,0.05795146
39,1280,0.057595354
39,1312,0.05772468
39,1344,0.05780067
39,1376,0.05757185
39,1408,0.05778065
39,1440,0.05756199
39,1472,0.057529576
39,1504,0.05761908
39,1536,0.059131905
39,1568,0.060892325
39,1600,0.06063089
39,1632,0.060471427
39,1664,0.060683064
39,1696,0.060646538
39,1728,0.060812388
39,1760,0.06063751
39,1792,0.060884956
39,1824,0.060896292
39,1856,0.06048716
39,1888,0.0606024
39,1920,0.060664937
39,1952,0.060523793
39,1984,0.06072125
39,2016,0.06068364
39,2048,0.060516644
39,2080,0.060740884
39,2112,0.060587786
39,2144,0.06063465
39,2176,0.060565885
39,2208,0.060620036
39,2240,0.06068657
39,2272,0.060552735
39,2304,0.060687754
39,2336,0.060640857
39,2368,0.0605684
39,2400,0.060738176
39,2432,0.060713693
39,2464,0.06060124
39,2496,0.060613025
39,2528,0.060710058
39,2560,0.05831481
39,2592,0.056038138
39,2624,0.056216363
39,2656,0.056018397
39,2688,0.0561607
39,2720,0.05607349
39,2752,0.056284793
39,2784,0.05604815
39,2816,0.056175716
39,2848,0.056185734
39,2880,0.056224614
39,2912,0.05599397
39,2944,0.056014154
39,2976,0.056177642
39,3008,0.056387816
39,3040,0.056140836
39,3072,0.0562771
39,3104,0.055999495
39,3136,0.056237865
39,3168,0.05605092
39,3200,0.05611083
39,3232,0.055926606
39,3264,0.05605505
39,3296,0.05609729
39,3328,0.055873286
39,3360,0.056049034
39,3392,0.05611229
39,3424,0.056279503
39,3456,0.05615846
39,3488,0.0559945
39,3520,0.0560035
39,3552,0.05602316
39,3584,0.057520755
39,3616,0.058732137
39,3648,0.05876893
39,3680,0.058915503
39,3712,0.05893721
39,3744,0.05872727
39,3776,0.058648765
39,3808,0.058754943
39,3840,0.058786523
39,3872,0.058705922
39,3904,0.058835756
39,3936,0.058814254
39,3968,0.058719926
39,4000,0.058788143
39,4032,0.058982633
39,4064,0.058920614
39,4096,0.058905628
39,4128,0.05893735
39,4160,0.05870515
39,4192,0.05869849
39,4224,0.059002627
39,4256,0.05878073
39,4288,0.058685914
39,4320,0.058720518
39,4352,0.05892286
39,4384,0.058766115
39,4416,0.058828536
39,4448,0.05882197
39,4480,0.05877115
39,4512,0.058959812
39,4544,0.05879179
39,4576,0.05883006
39,4608,0.058677666
39,4640,0.05843835
39,4672,0.058813628
39,4704,0.05839923
39,4736,0.058506466
39,4768,0.058383614
39,4800,0.058432397
39,4832,0.0583878
39,4864,0.058219854
39,4896,0.058534417
39,4928,0.05856287
39,4960,0.058420353
39,4992,0.058438156
39,5024,0.058531407
39,5056,0.05855233
39,5088,0.05848115
39,5120,0.058569968
39,5152,0.05834106
39,5184,0.058428388
39,5216,0.05835959
39,5248,0.05839626
39,5280,0.058469903
39,5312,0.05847886
39,5344,0.058439065
39,5376,0.058516786
39,5408,0.05867718
39,5440,0.058305033
39,5472,0.058424607
39,5504,0.058306105
39,5536,0.058542736
39,5568,0.05842314
39,5600,0.058437772
39,5632,0.058033586
39,5664,0.057891954
39,5696,0.057878647
39,5728,0.057692498
39,5760,0.057761148
39,5792,0.05776821
39,5824,0.05808989
39,5856,0.057709493
39,5888,0.057718057
39,5920,0.057765156
39,5952,0.05792178
39,5984,0.057579022
39,6016,0.0577912
39,6048,0.05780933
39,6080,0.057499785
40,0,0.05791037
40,32,0.05769282
40,64,0.05768149
40,96,0.057962894
40,128,0.057727907
40,160,0.057802297
40,192,0.05755596
40,224,0.057715513
40,256,0.05765183
40,288,0.057692755
40,320,0.05786331
40,352,0.057736527
40,384,0.057773277
40,416,0.057650737
40,448,0.05762669
40,480,0.057777617
40,512,0.05766607
40,544,0.058934923
40,576,0.06184114
40,608,0.0617535
40,640,0.06177312
40,672,0.06190258
40,704,0.061791457
40,736,0.061735738
40,768,0.06180143
40,800,0.06159614
40,832,0.061832916
40,864,0.061627924
40,896,0.06160338
40,928,0.06196658
40,960,0.061852016
40,992,0.0618616
40,1024,0.06172035
40,1056,0.061918512
40,1088,0.061829608
40,1120,0.06174326
40,1152,0.06180471
40,1184,0.061506517
40,1216,0.061771266
40,1248,0.06161018
40,1280,0.06152689
40,1312,0.06171109
40,1344,0.061641127
40,1376,0.061539657
40,1408,0.061646424
40,1440,0.06176602
40,1472,0.06171978
40,1504,0.061626103
40,1536,0.06163397
40,1568,0.059785288
40,1600,0.054478586
40,1632,0.054476
40,1664,0.05449598
40,1696,0.05443654
40,1728,0.054243773
40,1760,0.054264415
40,1792,0.054366056
40,1824,0.054428317
40,1856,0.054334316
40,1888,0.05434288
40,1920,0.054598413
40,1952,0.054434747
40,1984,0.054494493
40,2016,0.054409586
40,2048,0.05466965
40,2080,0.054407742
40,2112,0.054367017
40,2144,0.0543975
40,2176,0.05438035
40,2208,0.054603405
40,2240,0.054545004
40,2272,0.054449804
40,2304,0.05447224
40,2336,0.054420512
40,2368,0.05452714
40,2400,0.05451222
40,2432,0.054288477
40,2464,0.054419655
40,2496,0.054443277
40,2528,0.05455388
40,2560,0.054518614
40,2592,0.05435944
40,2624,0.05388138
40,2656,0.05410925
40,2688,0.053939156
40,2720,0.054057084
40,2752,0.054099306
40,2784,0.05404451
40,2816,0.054073863
40,2848,0.054113187
40,2880,0.054114535
40,2912,0.0539412
40,2944,0.05403501
40,2976,0.053934462
40,3008,0.054205675
40,3040,0.053885665
40,3072,0.054012373
40,3104,0.054028884
40,3136,0.05406039
40,3168,0.054132715
40,3200,0.054055594
40,3232,0.053994987
40,3264,0.054170378
40,3296,0.05395244
40,3328,0.053941615
40,3360,0.054145887
40,3392,0.05403328
40,3424,0.05420176
40,3456,0.05390568
40,3488,0.053992283
40,3520,0.054009788
40,3552,0.054046825
40,3584,0.054103058
40,3616,0.05605958
40,3648,0.06090011
40,3680,0.06069272
40,3712,0.06069756
40,3744,0.06068957
40,3776,0.06076946
40,3808,0.060708147
40,3840,0.06072644
40,3872,0.060737982
40,3904,0.0609334
40,3936,0.06060172
40,3968,0.061003584
40,4000,0.060717247
40,4032,0.06085408
40,4064,0.060756512
40,4096,0.060704965
40,4128,0.060816694
40,4160,0.060825754
40,4192,0.060700554
40,4224,0.060880102
40,4256,0.06082009
40,4288,0.060794424
40,4320,0.060583245
40,4352,0.060720265
40,4384,0.060730852
40,4416,0.06087961
40,4448,0.060550768
40,4480,0.060727727
40,4512,0.060808297
40,4544,0.06077153
40,4576,0.060708508
40,4608,0.060655203
40,4640,0.059949584
40,4672,0.058467586
40,4704,0.058588132
40,4736,0.058447737
40,4768,0.058581244
40,4800,0.058685686
40,4832,0.05851441
40,4864,0.058515467
40,4896,0.05857415
40,4928,0.058562268
40,4960,0.05817306
40,4992,0.058668174
40,5024,0.058595575
40,5056,0.058490798
40,5088,0.05841096
40,5120,0.05846106
40,5152,0.058432948
40,5184,0.05856292
40,5216,0.05843548
40,5248,0.058578882
40,5280,0.058359724
40,5312,0.05849615
40,5344,0.058373872
40,5376,0.058582664
40,5408,0.058322188
40,5440,0.058317654
40,5472,0.0583492
40,5504,0.058474712
40,5536,0.058439754
40,5568,0.058329675
40,5600,0.058515146
40,5632,0.05830778
40,5664,0.059628166
40,5696,0.062777966
40,5728,0.06295892
40,5760,0.06267089
40,5792,0.062925585
40,5824,0.06264495
40,5856,0.062747695
40,5888,0.062613636
40,5920,0.062365167
40,5952,0.06250026
40,5984,0.06286804
40,6016,0.06262559
40,6048,0.06275151
40,6080,0.06274693
