1,0,0.122194745
1,32,0.087235
1,64,0.057194978
1,96,0.051766615
1,128,0.05052507
1,160,0.049719337
1,192,0.049161237
1,224,0.048583016
1,256,0.04817823
1,288,0.047819294
1,320,0.04763483
1,352,0.047533385
1,384,0.046950486
1,416,0.04711624
1,448,0.046944834
1,480,0.046827875
1,512,0.046781547
1,544,0.046374474
1,576,0.0465305
1,608,0.04634939
1,640,0.046003666
1,672,0.046168536
1,704,0.045923695
1,736,0.046015643
1,768,0.045914546
1,800,0.046039026
1,832,0.04575248
1,864,0.045833364
1,896,0.045580246
1,928,0.045640808
1,960,0.045624733
1,992,0.045384612
1,1024,0.045397516
1,1056,0.0473586
1,1088,0.047044568
1,1120,0.04685074
1,1152,0.0466
1,1184,0.04668968
1,1216,0.046365682
1,1248,0.04640049
1,1280,0.046233453
1,1312,0.046100527
1,1344,0.046105564
1,1376,0.045898814
1,1408,0.045724247
1,1440,0.045742746
1,1472,0.045521278
1,1504,0.045534864
1,1536,0.04563592
1,1568,0.045478016
1,1600,0.045502268
1,1632,0.04529806
1,1664,0.04532669
1,1696,0.045380626
1,1728,0.045398127
1,1760,0.04495156
1,1792,0.045207486
1,1824,0.04504784
1,1856,0.04514538
1,1888,0.045201708
1,1920,0.0451538
1,1952,0.04516971
1,1984,0.044946823
1,2016,0.04490001
1,2048,0.04510342
1,2080,0.04697723
1,2112,0.046649043
1,2144,0.04665617
1,2176,0.046481777
1,2208,0.046333883
1,2240,0.046083957
1,2272,0.046026226
1,2304,0.046067175
1,2336,0.045871116
1,2368,0.045931146
1,2400,0.04585052
1,2432,0.04580287
1,2464,0.045588933
1,2496,0.045602378
1,2528,0.045606785
1,2560,0.045535866
1,2592,0.045493938
1,2624,0.045448914
1,2656,0.045378998
1,2688,0.045423135
1,2720,0.045217436
1,2752,0.04519573
1,2784,0.045218457
1,2816,0.045144893
1,2848,0.04514811
1,2880,0.045341782
1,2912,0.04510896
1,2944,0.04499542
1,2976,0.044698417
1,3008,0.044981416
1,3040,0.044972472
1,3072,0.044927973
1,3104,0.04679598
1,3136,0.046320144
1,3168,0.046279397
1,3200,0.046333645
1,3232,0.046217937
1,3264,0.04579238
1,3296,0.04589856
1,3328,0.04594866
1,3360,0.045692276
1,3392,0.045536935
1,3424,0.04550782
1,3456,0.045324296
1,3488,0.045426648
1,3520,0.045374714
1,3552,0.045338754
1,3584,0.04508494
1,3616,0.045326952
1,3648,0.045214064
1,3680,0.045101378
1,3712,0.044665013
1,3744,0.044890225
1,3776,0.04486173
1,3808,0.044900496
1,3840,0.044980127
1,3872,0.044952966
1,3904,0.044641465
1,3936,0.04482512
1,3968,0.044904027
1,4000,0.044582848
1,4032,0.044684708
1,4064,0.044722147
1,4096,0.044689756
1,4128,0.04611785
1,4160,0.04592475
1,4192,0.045737837
1,4224,0.045411862
1,4256,0.04552894
1,4288,0.04539787
1,4320,0.045299385
1,4352,0.045221068
1,4384,0.045366194
1,4416,0.044932187
1,4448,0.044994026
1,4480,0.04487136
1,4512,0.044834927
1,4544,0.044748172
1,4576,0.044958334
1,4608,0.044748675
1,4640,0.04469417
1,4672,0.04474341
1,4704,0.044560548
1,4736,0.044515014
1,4768,0.04456046
1,4800,0.044502042
1,4832,0.044450052
1,4864,0.044497818
1,4896,0.04432773
1,4928,0.044392142
1,4960,0.04425258
1,4992,0.04414487
1,5024,0.044252705
1,5056,0.04433009
1,5088,0.04417424
1,5120,0.044391003
1,5152,0.046006702
1,5184,0.04573469
1,5216,0.045399282
1,5248,0.045199696
1,5280,0.045028858
1,5312,0.044955958
1,5344,0.044956833
1,5376,0.04525756
1,5408,0.04505973
1,5440,0.04489878
1,5472,0.04471084
1,5504,0.044583093
1,5536,0.044530693
1,5568,0.04454306
1,5600,0.044490457
1,5632,0.044302825
1,5664,0.04444007
1,5696,0.044221133
1,5728,0.044299684
1,5760,0.04439414
1,5792,0.04418722
1,5824,0.044326194
1,5856,0.044245306
1,5888,0.044321064
1,5920,0.044105057
1,5952,0.04416449
1,5984,0.04403605
1,6016,0.04400987
1,6048,0.04382369
1,6080,0.043940917
2,0,0.044000506
2,32,0.04389765
2,64,0.04586817
2,96,0.045867454
2,128,0.04580939
2,160,0.045577712
2,192,0.04543684
2,224,0.045113645
2,256,0.045154992
2,288,0.044996165
2,320,0.045123186
2,352,0.044908907
2,384,0.04488794
2,416,0.044880424
2,448,0.044664927
2,480,0.044834007
2,512,0.044684693
2,544,0.04445253
2,576,0.044497944
2,608,0.044592433
2,640,0.0444699
2,672,0.044676647
2,704,0.044596728
2,736,0.044475507
2,768,0.04428991
2,800,0.044566315
2,832,0.044285413
2,864,0.044373464
2,896,0.044005357
2,928,0.044180226
2,960,0.044236343
2,992,0.04431135
2,1024,0.04427733
2,1056,0.044320855
2,1088,0.045696687
2,1120,0.045780644
2,1152,0.045361646
2,1184,0.045235984
2,1216,0.044998214
2,1248,0.045288682
2,1280,0.045037765
2,1312,0.044899233
2,1344,0.044872034
2,1376,0.044820547
2,1408,0.044622418
2,1440,0.044852138
2,1472,0.04451649
2,1504,0.04459205
2,1536,0.044500653
2,1568,0.0445467
2,1600,0.044427782
2,1632,0.044416554
2,1664,0.044508737
2,1696,0.044390235
2,1728,0.044144742
2,1760,0.044169027
2,1792,0.044212475
2,1824,0.04430823
2,1856,0.044241883
2,1888,0.044301853
2,1920,0.044188544
2,1952,0.044018213
2,1984,0.044078257
2,2016,0.04418162
2,2048,0.043839995
2,2080,0.04388559
2,2112,0.0454528
2,2144,0.045645755
2,2176,0.04534057
2,2208,0.0451253
2,2240,0.044976678
2,2272,0.04487688
2,2304,0.044624716
2,2336,0.04470793
2,2368,0.044498097
2,2400,0.04433225
2,2432,0.044359
2,2464,0.044314366
2,2496,0.04445061
2,2528,0.044264007
2,2560,0.044252865
2,2592,0.04433297
2,2624,0.04430837
2,2656,0.044231236
2,2688,0.043944694
2,2720,0.044076443
2,2752,0.04395284
2,2784,0.04404649
2,2816,0.043936327
2,2848,0.04403186
2,2880,0.044042576
2,2912,0.04387773
2,2944,0.043916874
2,2976,0.04390261
2,3008,0.043929234
2,3040,0.043628417
2,3072,0.043961976
2,3104,0.043704595
2,3136,0.045168646
2,3168,0.045414265
2,3200,0.045103587
2,3232,0.0451028
2,3264,0.04491279
2,3296,0.04462676
2,3328,0.044664405
2,3360,0.044773005
2,3392,0.04463147
2,3424,0.044451397
2,3456,0.044300955
2,3488,0.044334367
2,3520,0.044132315
2,3552,0.044257786
2,3584,0.044287585
2,3616,0.044209834
2,3648,0.044288583
2,3680,0.044145107
2,3712,0.044232976
2,3744,0.044172518
2,3776,0.043888785
2,3808,0.043992553
2,3840,0.043854877
2,3872,0.043733522
2,3904,0.043829735
2,3936,0.043731347
2,3968,0.043641202
2,4000,0.04379671
2,4032,0.043686405
2,4064,0.043690763
2,4096,0.043578696
2,4128,0.043604217
2,4160,0.045052372
2,4192,0.045208253
2,4224,0.045170188
2,4256,0.045100447
2,4288,0.04471947
2,4320,0.044859402
2,4352,0.04441206
2,4384,0.04444626
2,4416,0.04440509
2,4448,0.04431625
2,4480,0.04431397
2,4512,0.044237085
2,4544,0.044230673
2,4576,0.043929007
2,4608,0.04406174
2,4640,0.043980625
2,4672,0.044040937
2,4704,0.04390698
2,4736,0.043833867
2,4768,0.043829598
2,4800,0.043935932
2,4832,0.043816272
2,4864,0.04385542
2,4896,0.043659903
2,4928,0.043969776
2,4960,0.043469284
2,4992,0.043661695
2,5024,0.04377339
2,5056,0.043615587
2,5088,0.04377227
2,5120,0.04347535
2,5152,0.04361996
2,5184,0.045487322
2,5216,0.045425627
2,5248,0.045229577
2,5280,0.04517414
2,5312,0.04499107
2,5344,0.044964224
2,5376,0.044945847
2,5408,0.044710126
2,5440,0.04468313
2,5472,0.04448587
2,5504,0.044558063
2,5536,0.04441963
2,5568,0.044482376
2,5600,0.044255268
2,5632,0.044380184
2,5664,0.04423515
2,5696,0.044181593
2,5728,0.044201333
2,5760,0.044034604
2,5792,0.044318832
2,5824,0.04406708
2,5856,0.04403781
2,5888,0.04411087
2,5920,0.044011343
2,5952,0.043997742
2,5984,0.04389166
2,6016,0.04399354
2,6048,0.043763816
2,6080,0.04388406
3,0,0.04379045
3,32,0.043819718
3,64,0.043783188
3,96,0.044966143
3,128,0.045569528
3,160,0.04534658
3,192,0.045239776
3,224,0.044849064
3,256,0.04484071
3,288,0.04462626
3,320,0.044599317
3,352,0.04464863
3,384,0.044419236
3,416,0.044423092
3,448,0.044337057
3,480,0.04442075
3,512,0.044056017
3,544,0.04423925
3,576,0.044157997
3,608,0.04402392
3,640,0.044122696
3,672,0.04410511
3,704,0.043876383
3,736,0.043881185
3,768,0.04379632
3,800,0.044003576
3,832,0.04390504
3,864,0.043804236
3,896,0.0436858
3,928,0.043701574
3,960,0.04388097
3,992,0.04381851
3,1024,0.043827113
3,1056,0.043738082
3,1088,0.043785032
3,1120,0.04455016
3,1152,0.0453409
3,1184,0.0450454
3,1216,0.04489252
3,1248,0.044773255
3,1280,0.044708464
3,1312,0.04429621
3,1344,0.044524606
3,1376,0.04430568
3,1408,0.04424042
3,1440,0.044252858
3,1472,0.044187427
3,1504,0.044224028
3,1536,0.0438779
3,1568,0.043968547
3,1600,0.04385075
3,1632,0.04373394
3,1664,0.043747734
3,1696,0.043725565
3,1728,0.043758273
3,1760,0.043809924
3,1792,0.043742117
3,1824,0.04394057
3,1856,0.043626577
3,1888,0.043544
3,1920,0.043499082
3,1952,0.0435189
3,1984,0.043605015
3,2016,0.043538652
3,2048,0.043581698
3,2080,0.043617092
3,2112,0.04350314
3,2144,0.044479236
3,2176,0.045365766
3,2208,0.04510496
3,2240,0.044699844
3,2272,0.044563647
3,2304,0.044513512
3,2336,0.044346396
3,2368,0.04424793
3,2400,0.044300515
3,2432,0.04410483
3,2464,0.04403157
3,2496,0.04412118
3,2528,0.044113476
3,2560,0.043886673
3,2592,0.043941174
3,2624,0.043929722
3,2656,0.04380681
3,2688,0.043743335
3,2720,0.04373552
3,2752,0.043477893
3,2784,0.043653574
3,2816,0.043544896
3,2848,0.043678295
3,2880,0.04341816
3,2912,0.043586038
3,2944,0.043636773
3,2976,0.04341802
3,3008,0.04348049
3,3040,0.04335876
3,3072,0.043311067
3,3104,0.043502744
3,3136,0.04334869
3,3168,0.044704285
3,3200,0.045337267
3,3232,0.045132123
3,3264,0.044974446
3,3296,0.044765607
3,3328,0.044813816
3,3360,0.04442645
3,3392,0.044281404
3,3424,0.044374775
3,3456,0.04436822
3,3488,0.044233352
3,3520,0.04428459
3,3552,0.043915845
3,3584,0.043881748
3,3616,0.04407268
3,3648,0.044090617
3,3680,0.043988124
3,3712,0.043950163
3,3744,0.043789703
3,3776,0.043904327
3,3808,0.043854553
3,3840,0.043585435
3,3872,0.04381312
3,3904,0.043653995
3,3936,0.0438003
3,3968,0.04359487
3,4000,0.043844413
3,4032,0.04345496
3,4064,0.043698907
3,4096,0.043621495
3,4128,0.043442886
3,4160,0.043634262
3,4192,0.044662677
3,4224,0.045352478
3,4256,0.045244925
3,4288,0.04509
3,4320,0.04478836
3,4352,0.044983525
3,4384,0.044645302
3,4416,0.044466335
3,4448,0.04441785
3,4480,0.04443319
3,4512,0.044233013
3,4544,0.044230603
3,4576,0.044193268
3,4608,0.044035353
3,4640,0.044081908
3,4672,0.044000268
3,4704,0.044206418
3,4736,0.04413089
3,4768,0.043942317
3,4800,0.044006165
3,4832,0.04378099
3,4864,0.043895368
3,4896,0.043995705
3,4928,0.043885548
3,4960,0.043921307
3,4992,0.043804556
3,5024,0.043720793
3,5056,0.043747988
3,5088,0.043821096
3,5120,0.04374182
3,5152,0.0436129
3,5184,0.04368599
3,5216,0.04459095
3,5248,0.04534023
3,5280,0.04499159
3,5312,0.04487298
3,5344,0.04468252
3,5376,0.04439121
3,5408,0.04452312
3,5440,0.044334803
3,5472,0.0441576
3,5504,0.04415478
3,5536,0.044177182
3,5568,0.044061046
3,5600,0.044031717
3,5632,0.043807343
3,5664,0.04394373
3,5696,0.043908246
3,5728,0.043867778
3,5760,0.043820117
3,5792,0.04370282
3,5824,0.043780997
3,5856,0.043619275
3,5888,0.043898467
3,5920,0.04364505
3,5952,0.0435659
3,5984,0.043477863
3,6016,0.04359334
3,6048,0.043528512
3,6080,0.043505944
4,0,0.043536227
4,32,0.043325707
4,64,0.043518476
4,96,0.043558374
4,128,0.043926407
4,160,0.045369573
4,192,0.044871155
4,224,0.044816747
4,256,0.044607937
4,288,0.04454455
4,320,0.044343468
4,352,0.044171624
4,384,0.04417676
4,416,0.04396723
4,448,0.044020057
4,480,0.04403708
4,512,0.04377926
4,544,0.04383444
4,576,0.043859098
4,608,0.043823417
4,640,0.043565575
4,672,0.0436816
4,704,0.04362201
4,736,0.043665715
4,768,0.04360218
4,800,0.04368345
4,832,0.043503817
4,864,0.043581896
4,896,0.043406855
4,928,0.043344896
4,960,0.04339445
4,992,0.043342307
4,1024,0.043357752
4,1056,0.04338028
4,1088,0.04322609
4,1120,0.043223433
4,1152,0.043865856
4,1184,0.045301437
4,1216,0.045280654
4,1248,0.04463254
4,1280,0.04470156
4,1312,0.044534706
4,1344,0.0443033
4,1376,0.044329934
4,1408,0.04395171
4,1440,0.044141
4,1472,0.043955315
4,1504,0.04409359
4,1536,0.04394663
4,1568,0.04391307
4,1600,0.04393486
4,1632,0.043626178
4,1664,0.043721877
4,1696,0.04344968
4,1728,0.043593377
4,1760,0.043544073
4,1792,0.043556258
4,1824,0.043326035
4,1856,0.043483123
4,1888,0.043456912
4,1920,0.043296415
4,1952,0.043246746
4,1984,0.04338233
4,2016,0.04340347
4,2048,0.04335155
4,2080,0.04334187
4,2112,0.0433911
4,2144,0.043212377
4,2176,0.04381436
4,2208,0.045437947
4,2240,0.04523681
4,2272,0.044943713
4,2304,0.044883277
4,2336,0.044747077
4,2368,0.044553425
4,2400,0.04452058
4,2432,0.0443213
4,2464,0.04421711
4,2496,0.04462249
4,2528,0.044136267
4,2560,0.04417491
4,2592,0.044198923
4,2624,0.043965347
4,2656,0.043896537
4,2688,0.043861695
4,2720,0.04387513
4,2752,0.043649234
4,2784,0.043948516
4,2816,0.043872163
4,2848,0.04367323
4,2880,0.04368781
4,2912,0.043826517
4,2944,0.04363572
4,2976,0.04349897
4,3008,0.04362351
4,3040,0.043691326
4,3072,0.043636683
4,3104,0.043671887
4,3136,0.04337926
4,3168,0.043468982
4,3200,0.044149153
4,3232,0.045314796
4,3264,0.045161936
4,3296,0.044752173
4,3328,0.044687737
4,3360,0.044789247
4,3392,0.044461608
4,3424,0.044311136
4,3456,0.04432211
4,3488,0.044306207
4,3520,0.044201303
4,3552,0.043957368
4,3584,0.044148885
4,3616,0.04403898
4,3648,0.044056512
4,3680,0.043951992
4,3712,0.04395584
4,3744,0.04382066
4,3776,0.043843336
4,3808,0.043562923
4,3840,0.04362817
4,3872,0.043719098
4,3904,0.043627944
4,3936,0.043577645
4,3968,0.043779857
4,4000,0.04366026
4,4032,0.043656398
4,4064,0.04331691
4,4096,0.043495424
4,4128,0.043565523
4,4160,0.04350474
4,4192,0.043221354
4,4224,0.043883137
4,4256,0.04504536
4,4288,0.044837333
4,4320,0.04470198
4,4352,0.04465439
4,4384,0.0444587
4,4416,0.044322506
4,4448,0.044335812
4,4480,0.044170447
4,4512,0.043898985
4,4544,0.043872137
4,4576,0.04399013
4,4608,0.043694418
4,4640,0.043726347
4,4672,0.043838892
4,4704,0.043667287
4,4736,0.043549184
4,4768,0.04358597
4,4800,0.043582782
4,4832,0.043460444
4,4864,0.0434694
4,4896,0.04348954
4,4928,0.043392293
4,4960,0.043586344
4,4992,0.043490574
4,5024,0.043594524
4,5056,0.043295573
4,5088,0.04329007
4,5120,0.043276384
4,5152,0.04334431
4,5184,0.043105938
4,5216,0.043230932
4,5248,0.04397368
4,5280,0.045182828
4,5312,0.044872165
4,5344,0.044782624
4,5376,0.044536337
4,5408,0.044510305
4,5440,0.04426239
4,5472,0.044239823
4,5504,0.044159655
4,5536,0.044144414
4,5568,0.04392734
4,5600,0.043806363
4,5632,0.04379136
4,5664,0.04358395
4,5696,0.043794677
4,5728,0.04365442
4,5760,0.04375087
4,5792,0.043573093
4,5824,0.043582723
4,5856,0.043656208
4,5888,0.04346243
4,5920,0.04347784
4,5952,0.043420307
4,5984,0.043485884
4,6016,0.0432428
4,6048,0.043201674
4,6080,0.043502968
5,0,0.043498565
5,32,0.043406438
5,64,0.043302845
5,96,0.042981442
5,128,0.04338451
5,160,0.04332738
5,192,0.045187723
5,224,0.04500056
5,256,0.04468562
5,288,0.044501826
5,320,0.044345792
5,352,0.044297237
5,384,0.044241425
5,416,0.04422745
5,448,0.044223603
5,480,0.04408244
5,512,0.043930233
5,544,0.04377329
5,576,0.04392654
5,608,0.04374276
5,640,0.04367329
5,672,0.043699116
5,704,0.043641478
5,736,0.043513402
5,768,0.043517616
5,800,0.043529868
5,832,0.0436088
5,864,0.043521687
5,896,0.043363888
5,928,0.043465987
5,960,0.04331126
5,992,0.0432445
5,1024,0.043240417
5,1056,0.04335288
5,1088,0.043285824
5,1120,0.042977545
5,1152,0.043265827
5,1184,0.0431948
5,1216,0.045379553
5,1248,0.044991378
5,1280,0.04498583
5,1312,0.044797394
5,1344,0.044589154
5,1376,0.044441186
5,1408,0.04432259
5,1440,0.044345
5,1472,0.04433616
5,1504,0.04400771
5,1536,0.04421002
5,1568,0.043981347
5,1600,0.044141274
5,1632,0.04397636
5,1664,0.04383607
5,1696,0.044049364
5,1728,0.04395297
5,1760,0.043739684
5,1792,0.04362046
5,1824,0.043832544
5,1856,0.043782793
5,1888,0.043657336
5,1920,0.043556325
5,1952,0.04362093
5,1984,0.043554857
5,2016,0.04363995
5,2048,0.04357614
5,2080,0.043561555
5,2112,0.043432433
5,2144,0.04351179
5,2176,0.0433401
5,2208,0.04354652
5,2240,0.045496605
5,2272,0.04503136
5,2304,0.04480077
5,2336,0.04452133
5,2368,0.04461641
5,2400,0.04433069
5,2432,0.044481494
5,2464,0.04407893
5,2496,0.04432055
5,2528,0.04413717
5,2560,0.04391854
5,2592,0.04356772
5,2624,0.043816052
5,2656,0.043948002
5,2688,0.043760967
5,2720,0.043897726
5,2752,0.04366491
5,2784,0.04371286
5,2816,0.0436334
5,2848,0.04366543
5,2880,0.04366668
5,2912,0.043656275
5,2944,0.043343667
5,2976,0.043635793
5,3008,0.043359883
5,3040,0.043452457
5,3072,0.04360026
5,3104,0.043179724
5,3136,0.04331084
5,3168,0.043385405
5,3200,0.043311983
5,3232,0.043249816
5,3264,0.045202665
5,3296,0.04488438
5,3328,0.044620063
5,3360,0.044564515
5,3392,0.04447113
5,3424,0.0442788
5,3456,0.04419634
5,3488,0.044098977
5,3520,0.044123285
5,3552,0.043966092
5,3584,0.04402283
5,3616,0.043850332
5,3648,0.043756276
5,3680,0.043644622
5,3712,0.043586023
5,3744,0.04366322
5,3776,0.043499924
5,3808,0.043485317
5,3840,0.043498173
5,3872,0.043558963
5,3904,0.04338676
5,3936,0.04351263
5,3968,0.043393392
5,4000,0.04335846
5,4032,0.043325253
5,4064,0.04322725
5,4096,0.043214925
5,4128,0.04310197
5,4160,0.04314531
5,4192,0.043337975
5,4224,0.043090045
5,4256,0.043227542
5,4288,0.045086823
5,4320,0.044661824
5,4352,0.044680778
5,4384,0.044376895
5,4416,0.044286102
5,4448,0.04408938
5,4480,0.04410282
5,4512,0.044128858
5,4544,0.044089064
5,4576,0.0437496
5,4608,0.043844383
5,4640,0.043741696
5,4672,0.043543696
5,4704,0.043698855
5,4736,0.043627247
5,4768,0.04344258
5,4800,0.043527484
5,4832,0.04359274
5,4864,0.043389313
5,4896,0.04350791
5,4928,0.043351546
5,4960,0.043433566
5,4992,0.043366443
5,5024,0.043339398
5,5056,0.04319925
5,5088,0.043212764
5,5120,0.04305087
5,5152,0.043262556
5,5184,0.043162942
5,5216,0.042967737
5,5248,0.043109313
5,5280,0.0433619
5,5312,0.045370765
5,5344,0.045096375
5,5376,0.044905495
5,5408,0.0446044
5,5440,0.044498004
5,5472,0.044199966
5,5504,0.04445365
5,5536,0.044297762
5,5568,0.04407958
5,5600,0.04390503
5,5632,0.04402999
5,5664,0.043814354
5,5696,0.043906607
5,5728,0.044028588
5,5760,0.043902025
5,5792,0.04368154
5,5824,0.04373671
5,5856,0.04373381
5,5888,0.04376818
5,5920,0.04363525
5,5952,0.043752145
5,5984,0.043720096
5,6016,0.04372816
5,6048,0.043527693
5,6080,0.043317437
6,0,0.043373447
6,32,0.043455925
6,64,0.04330638
6,96,0.043418273
6,128,0.043396927
6,160,0.04316169
6,192,0.0433041
6,224,0.044883505
6,256,0.044997573
6,288,0.04479153
6,320,0.044645358
6,352,0.044506397
6,384,0.04430787
6,416,0.044280995
6,448,0.044278253
6,480,0.044172637
6,512,0.04388383
6,544,0.043952517
6,576,0.043900672
6,608,0.04393993
6,640,0.04395667
6,672,0.04374226
6,704,0.043753054
6,736,0.043720856
6,768,0.043767314
6,800,0.043683857
6,832,0.043501455
6,864,0.04370753
6,896,0.043375358
6,928,0.043615926
6,960,0.04355579
6,992,0.043571215
6,1024,0.043602355
6,1056,0.043299165
6,1088,0.043310083
6,1120,0.043393534
6,1152,0.04318239
6,1184,0.043303326
6,1216,0.043265298
6,1248,0.044610605
6,1280,0.04511287
6,1312,0.044591542
6,1344,0.044613265
6,1376,0.044419624
6,1408,0.044209607
6,1440,0.04392395
6,1472,0.04415071
6,1504,0.043878816
6,1536,0.043830156
6,1568,0.044032518
6,1600,0.04379546
6,1632,0.043523956
6,1664,0.04351635
6,1696,0.043435916
6,1728,0.043388397
6,1760,0.04354039
6,1792,0.04366721
6,1824,0.04333187
6,1856,0.04334218
6,1888,0.04317826
6,1920,0.04330862
6,1952,0.04321316
6,1984,0.043197155
6,2016,0.04335284
6,2048,0.04323975
6,2080,0.043113552
6,2112,0.043330826
6,2144,0.043284044
6,2176,0.04307835
6,2208,0.043154784
6,2240,0.043075807
6,2272,0.044622283
6,2304,0.044794884
6,2336,0.04472846
6,2368,0.044476848
6,2400,0.044274654
6,2432,0.04419555
6,2464,0.044269744
6,2496,0.04395323
6,2528,0.044074845
6,2560,0.04380059
6,2592,0.043676678
6,2624,0.043843497
6,2656,0.043741398
6,2688,0.04380399
6,2720,0.04370216
6,2752,0.04349028
6,2784,0.043652575
6,2816,0.04355974
6,2848,0.043547966
6,2880,0.04328195
6,2912,0.04367838
6,2944,0.043360572
6,2976,0.043337613
6,3008,0.043237
6,3040,0.043110695
6,3072,0.043199494
6,3104,0.04319086
6,3136,0.04308019
6,3168,0.043154523
6,3200,0.043057486
6,3232,0.04294176
6,3264,0.043023597
6,3296,0.044828057
6,3328,0.0450479
6,3360,0.044685706
6,3392,0.04454775
6,3424,0.044358995
6,3456,0.04408763
6,3488,0.04425638
6,3520,0.04416551
6,3552,0.044094976
6,3584,0.044136513
6,3616,0.043756835
6,3648,0.043773424
6,3680,0.043761984
6,3712,0.04344036
6,3744,0.043595266
6,3776,0.043574866
6,3808,0.043753274
6,3840,0.043355417
6,3872,0.04344029
6,3904,0.043482445
6,3936,0.04345504
6,3968,0.043305058
6,4000,0.0432256
6,4032,0.0431166
6,4064,0.043275442
6,4096,0.04337456
6,4128,0.043136105
6,4160,0.043321762
6,4192,0.04295772
6,4224,0.043070532
6,4256,0.043006632
6,4288,0.04300356
6,4320,0.044892948
6,4352,0.04500812
6,4384,0.044724658
6,4416,0.04456088
6,4448,0.04451349
6,4480,0.04423545
6,4512,0.044363465
6,4544,0.044294193
6,4576,0.04408422
6,4608,0.043947857
6,4640,0.043960955
6,4672,0.044038866
6,4704,0.04388005
6,4736,0.04365193
6,4768,0.04382613
6,4800,0.043595556
6,4832,0.043489285
6,4864,0.043738633
6,4896,0.043522332
6,4928,0.043595143
6,4960,0.043449424
6,4992,0.04360147
6,5024,0.04355468
6,5056,0.043519925
6,5088,0.043484926
6,5120,0.043546744
6,5152,0.04347387
6,5184,0.04345172
6,5216,0.043292165
6,5248,0.043183267
6,5280,0.04337323
6,5312,0.04319222
6,5344,0.044988457
6,5376,0.045092072
6,5408,0.044860978
6,5440,0.04471773
6,5472,0.044630267
6,5504,0.044197254
6,5536,0.04431782
6,5568,0.044200227
6,5600,0.0440727
6,5632,0.043991372
6,5664,0.043933928
6,5696,0.044022925
6,5728,0.04388735
6,5760,0.04374742
6,5792,0.043726124
6,5824,0.04379631
6,5856,0.043816447
6,5888,0.043502215
6,5920,0.043590967
6,5952,0.043613438
6,5984,0.043517716
6,6016,0.04358457
6,6048,0.043327663
6,6080,0.04343284
7,0,0.043599278
7,32,0.043489873
7,64,0.043246556
7,96,0.04320604
7,128,0.043469112
7,160,0.043161955
7,192,0.043256737
7,224,0.043177977
7,256,0.04444835
7,288,0.04494153
7,320,0.04464036
7,352,0.044527777
7,384,0.0443858
7,416,0.044030156
7,448,0.044098783
7,480,0.043952424
7,512,0.043828696
7,544,0.04402378
7,576,0.043776985
7,608,0.043712102
7,640,0.04363749
7,672,0.04348135
7,704,0.043663267
7,736,0.04347382
7,768,0.04346335
7,800,0.04344826
7,832,0.043581843
7,864,0.043314233
7,896,0.043176208
7,928,0.043248687
7,960,0.04335884
7,992,0.04322247
7,1024,0.043148674
7,1056,0.042999893
7,1088,0.043241773
7,1120,0.043059092
7,1152,0.043218732
7,1184,0.043192744
7,1216,0.04296418
7,1248,0.043118913
7,1280,0.04422188
7,1312,0.04481422
7,1344,0.04447282
7,1376,0.04423245
7,1408,0.044362284
7,1440,0.044158287
7,1472,0.043915782
7,1504,0.04397058
7,1536,0.043987814
7,1568,0.043512918
7,1600,0.043461073
7,1632,0.043583266
7,1664,0.043536533
7,1696,0.043566816
7,1728,0.0433773
7,1760,0.043241594
7,1792,0.04349317
7,1824,0.043305855
7,1856,0.043315023
7,1888,0.04315968
7,1920,0.043229
7,1952,0.043218262
7,1984,0.04298467
7,2016,0.042980403
7,2048,0.042823136
7,2080,0.043143634
7,2112,0.043017283
7,2144,0.042993635
7,2176,0.043130267
7,2208,0.042964302
7,2240,0.042765968
7,2272,0.043043472
7,2304,0.04430084
7,2336,0.045162994
7,2368,0.04496409
7,2400,0.044669304
7,2432,0.04452847
7,2464,0.044341322
7,2496,0.044453125
7,2528,0.044105474
7,2560,0.044270255
7,2592,0.044109736
7,2624,0.044146378
7,2656,0.04378596
7,2688,0.04388018
7,2720,0.043926094
7,2752,0.043795645
7,2784,0.04373269
7,2816,0.04379261
7,2848,0.04358291
7,2880,0.043642834
7,2912,0.04361104
7,2944,0.043412536
7,2976,0.043439295
7,3008,0.043557923
7,3040,0.043533456
7,3072,0.04359939
7,3104,0.04325195
7,3136,0.043297734
7,3168,0.043281235
7,3200,0.0434861
7,3232,0.043323986
7,3264,0.043170046
7,3296,0.04314043
7,3328,0.044556875
7,3360,0.044975463
7,3392,0.04481397
7,3424,0.044479817
7,3456,0.044480573
7,3488,0.044064857
7,3520,0.044249963
7,3552,0.044123624
7,3584,0.04398999
7,3616,0.044031456
7,3648,0.04392591
7,3680,0.043766625
7,3712,0.043840546
7,3744,0.044022154
7,3776,0.04351809
7,3808,0.043601986
7,3840,0.04368887
7,3872,0.043583695
7,3904,0.043455347
7,3936,0.043651868
7,3968,0.04341089
7,4000,0.043535803
7,4032,0.043401834
7,4064,0.04343753
7,4096,0.043388877
7,4128,0.04326839
7,4160,0.0432453
7,4192,0.04326541
7,4224,0.04323941
7,4256,0.04312827
7,4288,0.042934384
7,4320,0.04318717
7,4352,0.044198357
7,4384,0.044940945
7,4416,0.044642672
7,4448,0.04447311
7,4480,0.04425699
7,4512,0.044226773
7,4544,0.04405959
7,4576,0.04400495
7,4608,0.04399692
7,4640,0.043761536
7,4672,0.043709338
7,4704,0.043768704
7,4736,0.04398916
7,4768,0.043417938
7,4800,0.043699514
7,4832,0.043694895
7,4864,0.043613847
7,4896,0.04351275
7,4928,0.043463632
7,4960,0.043581005
7,4992,0.043419313
7,5024,0.043294657
7,5056,0.04332061
7,5088,0.04341245
7,5120,0.04317504
7,5152,0.04313621
7,5184,0.04324248
7,5216,0.043100957
7,5248,0.04307808
7,5280,0.04319343
7,5312,0.043073278
7,5344,0.043230463
7,5376,0.044228557
7,5408,0.044764187
7,5440,0.04473637
7,5472,0.04446488
7,5504,0.044200085
7,5536,0.04403814
7,5568,0.044046715
7,5600,0.043915756
7,5632,0.043865986
7,5664,0.04371633
7,5696,0.043584287
7,5728,0.043643296
7,5760,0.04353421
7,5792,0.043477643
7,5824,0.043397885
7,5856,0.043532066
7,5888,0.04339548
7,5920,0.04315614
7,5952,0.04347605
7,5984,0.0432804
7,6016,0.043138247
7,6048,0.043292005
7,6080,0.043074034
8,0,0.042999998
8,32,0.043118916
8,64,0.04306867
8,96,0.043099683
8,128,0.043046005
8,160,0.042880516
8,192,0.043168165
8,224,0.042889763
8,256,0.042942613
8,288,0.043533914
8,320,0.044898648
8,352,0.044534095
8,384,0.044367645
8,416,0.044197734
8,448,0.044180125
8,480,0.044020817
8,512,0.0438163
8,544,0.043808397
8,576,0.04397825
8,608,0.04392919
8,640,0.043678284
8,672,0.043610893
8,704,0.04356449
8,736,0.04344034
8,768,0.04357095
8,800,0.043280352
8,832,0.04334243
8,864,0.04319233
8,896,0.04317185
8,928,0.043280803
8,960,0.04328636
8,992,0.043142036
8,1024,0.043259975
8,1056,0.043180622
8,1088,0.04313031
8,1120,0.043125093
8,1152,0.043126144
8,1184,0.04302195
8,1216,0.043068666
8,1248,0.043045133
8,1280,0.04295895
8,1312,0.0435031
8,1344,0.04528316
8,1376,0.045007333
8,1408,0.04474701
8,1440,0.044545908
8,1472,0.044313688
8,1504,0.044314053
8,1536,0.044483677
8,1568,0.04415013
8,1600,0.044044834
8,1632,0.04415448
8,1664,0.04391634
8,1696,0.043864544
8,1728,0.043857265
8,1760,0.043603
8,1792,0.04364696
8,1824,0.043847788
8,1856,0.043505084
8,1888,0.04359024
8,1920,0.043668702
8,1952,0.04365347
8,1984,0.043570247
8,2016,0.043617323
8,2048,0.043504
8,2080,0.043552715
8,2112,0.043362543
8,2144,0.04339381
8,2176,0.043559305
8,2208,0.043319095
8,2240,0.043414366
8,2272,0.043183655
8,2304,0.043224923
8,2336,0.043714702
8,2368,0.04516561
8,2400,0.04487388
8,2432,0.044754636
8,2464,0.044305027
8,2496,0.044397894
8,2528,0.044009037
8,2560,0.04422239
8,2592,0.04404947
8,2624,0.044071395
8,2656,0.043979898
8,2688,0.04404521
8,2720,0.04372636
8,2752,0.04393851
8,2784,0.043691065
8,2816,0.04353716
8,2848,0.043527443
8,2880,0.04369523
8,2912,0.043583233
8,2944,0.04339711
8,2976,0.043498117
8,3008,0.043456055
8,3040,0.043344006
8,3072,0.043384574
8,3104,0.04321501
8,3136,0.043279875
8,3168,0.043294888
8,3200,0.043257546
8,3232,0.043264147
8,3264,0.043143198
8,3296,0.04323704
8,3328,0.043128025
8,3360,0.043655757
8,3392,0.045091614
8,3424,0.04450407
8,3456,0.044330172
8,3488,0.044273674
8,3520,0.044243712
8,3552,0.043830786
8,3584,0.04396711
8,3616,0.043824572
8,3648,0.043802913
8,3680,0.04376622
8,3712,0.043631725
8,3744,0.043637197
8,3776,0.043418918
8,3808,0.043320652
8,3840,0.043472696
8,3872,0.043264456
8,3904,0.043356482
8,3936,0.043190192
8,3968,0.043234896
8,4000,0.04342547
8,4032,0.043148864
8,4064,0.043166272
8,4096,0.04301924
8,4128,0.043052644
8,4160,0.043013025
8,4192,0.043028925
8,4224,0.0430231
8,4256,0.042935014
8,4288,0.043072727
8,4320,0.04297318
8,4352,0.042967822
8,4384,0.04340633
8,4416,0.04494783
8,4448,0.04461189
8,4480,0.044528153
8,4512,0.044078596
8,4544,0.04397367
8,4576,0.04398088
8,4608,0.043862887
8,4640,0.043809608
8,4672,0.043583058
8,4704,0.04369055
8,4736,0.04357187
8,4768,0.043384634
8,4800,0.04350394
8,4832,0.043478213
8,4864,0.04334723
8,4896,0.04343254
8,4928,0.043225296
8,4960,0.043361295
8,4992,0.043255158
8,5024,0.04326837
8,5056,0.043132618
8,5088,0.04330898
8,5120,0.043301195
8,5152,0.042957686
8,5184,0.04316494
8,5216,0.042994257
8,5248,0.04298409
8,5280,0.04288932
8,5312,0.042883784
8,5344,0.043081142
8,5376,0.04280293
8,5408,0.04345081
8,5440,0.044944514
8,5472,0.0446264
8,5504,0.044489358
8,5536,0.04426145
8,5568,0.044229645
8,5600,0.043782398
8,5632,0.044162408
8,5664,0.04394004
8,5696,0.043962896
8,5728,0.043616038
8,5760,0.043684036
8,5792,0.04353854
8,5824,0.043766186
8,5856,0.04346959
8,5888,0.0435511
8,5920,0.043353837
8,5952,0.043377787
8,5984,0.04347629
8,6016,0.043263163
8,6048,0.043358963
8,6080,0.043435916
9,0,0.043119635
9,32,0.043282893
9,64,0.043241665
9,96,0.043145716
9,128,0.043114506
9,160,0.043276843
9,192,0.043114554
9,224,0.043055333
9,256,0.043104
9,288,0.04296192
9,320,0.043321297
9,352,0.045149006
9,384,0.04488339
9,416,0.04471542
9,448,0.04455656
9,480,0.04436459
9,512,0.044350255
9,544,0.044092603
9,576,0.044237114
9,608,0.044048052
9,640,0.043803714
9,672,0.043836784
9,704,0.043816276
9,736,0.043729965
9,768,0.04376146
9,800,0.043527883
9,832,0.043614253
9,864,0.043460645
9,896,0.043487027
9,928,0.04340021
9,960,0.04346703
9,992,0.0435592
9,1024,0.04349628
9,1056,0.04336535
9,1088,0.043136213
9,1120,0.043443125
9,1152,0.04340167
9,1184,0.04331343
9,1216,0.043338373
9,1248,0.043237325
9,1280,0.043312363
9,1312,0.043173846
9,1344,0.04331128
9,1376,0.04502101
9,1408,0.044600632
9,1440,0.044474095
9,1472,0.044378188
9,1504,0.044004433
9,1536,0.0441687
9,1568,0.04399558
9,1600,0.043838378
9,1632,0.043879583
9,1664,0.043833185
9,1696,0.043744646
9,1728,0.0437909
9,1760,0.0434541
9,1792,0.043742117
9,1824,0.043445103
9,1856,0.043404475
9,1888,0.04345539
9,1920,0.043310206
9,1952,0.043158337
9,1984,0.043103613
9,2016,0.043434
9,2048,0.043310203
9,2080,0.043336563
9,2112,0.04313099
9,2144,0.043273147
9,2176,0.04320273
9,2208,0.04320162
9,2240,0.043104235
9,2272,0.043185767
9,2304,0.042774655
9,2336,0.04292933
9,2368,0.04306507
9,2400,0.04505253
9,2432,0.04469774
9,2464,0.044429336
9,2496,0.044311702
9,2528,0.043986328
9,2560,0.043948457
9,2592,0.043791544
9,2624,0.04372793
9,2656,0.043813806
9,2688,0.04363042
9,2720,0.043662
9,2752,0.043614868
9,2784,0.04328731
9,2816,0.043422826
9,2848,0.043455888
9,2880,0.043312214
9,2912,0.043220893
9,2944,0.04342779
9,2976,0.04336684
9,3008,0.043222025
9,3040,0.043093637
9,3072,0.043149892
9,3104,0.04306729
9,3136,0.0431412
9,3168,0.043044865
9,3200,0.043015067
9,3232,0.043055702
9,3264,0.042959414
9,3296,0.042901713
9,3328,0.042812914
9,3360,0.0430216
9,3392,0.04302471
9,3424,0.044829514
9,3456,0.044773817
9,3488,0.04457822
9,3520,0.044194102
9,3552,0.044172175
9,3584,0.04394771
9,3616,0.04389721
9,3648,0.04399801
9,3680,0.043679953
9,3712,0.043639477
9,3744,0.04372728
9,3776,0.043595776
9,3808,0.04368909
9,3840,0.04333085
9,3872,0.043367658
9,3904,0.04335281
9,3936,0.04335878
9,3968,0.04334266
9,4000,0.043210845
9,4032,0.04317852
9,4064,0.043173905
9,4096,0.04303552
9,4128,0.043088492
9,4160,0.04301366
9,4192,0.04305673
9,4224,0.043062184
9,4256,0.04315198
9,4288,0.043002725
9,4320,0.042990014
9,4352,0.042781632
9,4384,0.043023475
9,4416,0.04313975
9,4448,0.04516816
9,4480,0.044649206
9,4512,0.044526067
9,4544,0.04437026
9,4576,0.044391267
9,4608,0.044246502
9,4640,0.04414898
9,4672,0.043977845
9,4704,0.043947577
9,4736,0.0439484
9,4768,0.04383227
9,4800,0.043553934
9,4832,0.0438365
9,4864,0.043620218
9,4896,0.04372432
9,4928,0.043514892
9,4960,0.043610547
9,4992,0.043398086
9,5024,0.043510735
9,5056,0.04337366
9,5088,0.043290358
9,5120,0.043349035
9,5152,0.043147948
9,5184,0.04327476
9,5216,0.043294687
9,5248,0.043250516
9,5280,0.04319688
9,5312,0.04329435
9,5344,0.04331219
9,5376,0.04346875
9,5408,0.043286283
9,5440,0.043100394
9,5472,0.045116007
9,5504,0.044714563
9,5536,0.044744324
9,5568,0.044499837
9,5600,0.044405878
9,5632,0.04418949
9,5664,0.04420377
9,5696,0.044271357
9,5728,0.043963555
9,5760,0.043722767
9,5792,0.043685444
9,5824,0.043672655
9,5856,0.043609865
9,5888,0.043439273
9,5920,0.04366391
9,5952,0.04359404
9,5984,0.04341041
9,6016,0.04329482
9,6048,0.04353812
9,6080,0.043340415
10,0,0.043576013
10,32,0.043280244
10,64,0.043269422
10,96,0.043130793
10,128,0.043138385
10,160,0.043263983
10,192,0.043198917
10,224,0.043151937
10,256,0.04332032
10,288,0.043049596
10,320,0.042966794
10,352,0.04312108
10,384,0.04449015
10,416,0.044382505
10,448,0.044328973
10,480,0.044199605
10,512,0.04418324
10,544,0.04391693
10,576,0.043918084
10,608,0.04384028
10,640,0.043662444
10,672,0.04370236
10,704,0.043520402
10,736,0.04355984
10,768,0.043268897
10,800,0.043284424
10,832,0.043312695
10,864,0.043185037
10,896,0.04318934
10,928,0.043235682
10,960,0.043037202
10,992,0.043133456
10,1024,0.04307316
10,1056,0.043082647
10,1088,0.043122627
10,1120,0.0430283
10,1152,0.042868048
10,1184,0.0430332
10,1216,0.042981334
10,1248,0.04308815
10,1280,0.04280648
10,1312,0.042904392
10,1344,0.042837463
10,1376,0.042939
10,1408,0.044534154
10,1440,0.044564
10,1472,0.044389084
10,1504,0.044238858
10,1536,0.044143815
10,1568,0.044215202
10,1600,0.043971594
10,1632,0.04413916
10,1664,0.04381817
10,1696,0.043678977
10,1728,0.043710005
10,1760,0.043450028
10,1792,0.043658804
10,1824,0.04350802
10,1856,0.043352585
10,1888,0.043302376
10,1920,0.043348704
10,1952,0.043234818
10,1984,0.0433425
10,2016,0.043230534
10,2048,0.04324937
10,2080,0.043093238
10,2112,0.043095276
10,2144,0.04317294
10,2176,0.04318239
10,2208,0.043080926
10,2240,0.042952836
10,2272,0.042937204
10,2304,0.04311128
10,2336,0.042822286
10,2368,0.04308855
10,2400,0.04305109
10,2432,0.044432953
10,2464,0.04471476
10,2496,0.044365767
10,2528,0.044273704
10,2560,0.043971848
10,2592,0.044010833
10,2624,0.043908205
10,2656,0.04365574
10,2688,0.043715697
10,2720,0.04359257
10,2752,0.04366259
10,2784,0.043755554
10,2816,0.04332359
10,2848,0.04342496
10,2880,0.043298934
10,2912,0.043315835
10,2944,0.04329202
10,2976,0.043149825
10,3008,0.043040037
10,3040,0.04322529
10,3072,0.043072943
10,3104,0.043104015
10,3136,0.043094903
10,3168,0.043057
10,3200,0.042978942
10,3232,0.043158673
10,3264,0.043050643
10,3296,0.043056395
10,3328,0.04282432
10,3360,0.043037195
10,3392,0.04290905
10,3424,0.042900495
10,3456,0.04473312
10,3488,0.04481956
10,3520,0.044604998
10,3552,0.044456232
10,3584,0.044506237
10,3616,0.0442479
10,3648,0.044203833
10,3680,0.043925136
10,3712,0.04380791
10,3744,0.043940105
10,3776,0.043644246
10,3808,0.043882795
10,3840,0.043773573
10,3872,0.043674145
10,3904,0.043671586
10,3936,0.043632254
10,3968,0.043487802
10,4000,0.043572854
10,4032,0.04333387
10,4064,0.043409117
10,4096,0.043329205
10,4128,0.043306973
10,4160,0.043274757
10,4192,0.043425817
10,4224,0.043304756
10,4256,0.04330617
10,4288,0.043350883
10,4320,0.0432461
10,4352,0.043101028
10,4384,0.04309068
10,4416,0.04312024
10,4448,0.04329688
10,4480,0.044479843
10,4512,0.044841457
10,4544,0.04444404
10,4576,0.04419701
10,4608,0.044261694
10,4640,0.044029847
10,4672,0.04399473
10,4704,0.04390753
10,4736,0.043919403
10,4768,0.043865923
10,4800,0.04395485
10,4832,0.04370114
10,4864,0.043701693
10,4896,0.043406487
10,4928,0.04351375
10,4960,0.04343243
10,4992,0.043515205
10,5024,0.043369193
10,5056,0.043266807
10,5088,0.04336874
10,5120,0.043209076
10,5152,0.04334876
10,5184,0.04324624
10,5216,0.04315703
10,5248,0.04323752
10,5280,0.043133345
10,5312,0.04300658
10,5344,0.042935587
10,5376,0.04301672
10,5408,0.043049313
10,5440,0.043048166
10,5472,0.042888157
10,5504,0.04438473
10,5536,0.04454401
10,5568,0.044451587
10,5600,0.044241317
10,5632,0.044114284
10,5664,0.043967556
10,5696,0.044014234
10,5728,0.04383386
10,5760,0.043634746
10,5792,0.043612383
10,5824,0.04358458
10,5856,0.043446165
10,5888,0.043452386
10,5920,0.043371078
10,5952,0.043450203
10,5984,0.043260448
10,6016,0.043358315
10,6048,0.04320524
10,6080,0.043257274
11,0,0.043345932
11,32,0.04321856
11,64,0.043169796
11,96,0.042989444
11,128,0.042954434
11,160,0.043007586
11,192,0.042944066
11,224,0.043001547
11,256,0.042988125
11,288,0.0429313
11,320,0.042856295
11,352,0.04302291
11,384,0.042759735
11,416,0.043751407
11,448,0.04454285
11,480,0.04427638
11,512,0.04390914
11,544,0.04411475
11,576,0.043758776
11,608,0.043787796
11,640,0.043675564
11,672,0.04390954
11,704,0.04350067
11,736,0.04332984
11,768,0.043467052
11,800,0.04339509
11,832,0.043341007
11,864,0.04334453
11,896,0.043306813
11,928,0.043281335
11,960,0.04328594
11,992,0.043160588
11,1024,0.04296195
11,1056,0.04295017
11,1088,0.04292139
11,1120,0.042995535
11,1152,0.04292568
11,1184,0.042847063
11,1216,0.042830523
11,1248,0.04294002
11,1280,0.04290637
11,1312,0.042807512
11,1344,0.04282916
11,1376,0.042916033
11,1408,0.042943075
11,1440,0.044054706
11,1472,0.044883884
11,1504,0.044891533
11,1536,0.044489186
11,1568,0.044436585
11,1600,0.044257298
11,1632,0.04408549
11,1664,0.043932103
11,1696,0.043932684
11,1728,0.043720305
11,1760,0.043917682
11,1792,0.04391586
11,1824,0.0437788
11,1856,0.043649014
11,1888,0.04362591
11,1920,0.043398093
11,1952,0.043628402
11,1984,0.04329061
11,2016,0.04344718
11,2048,0.04334164
11,2080,0.043365058
11,2112,0.043480802
11,2144,0.043429393
11,2176,0.043133337
11,2208,0.043162473
11,2240,0.043297347
11,2272,0.043110594
11,2304,0.04298978
11,2336,0.043189555
11,2368,0.04324907
11,2400,0.04312305
11,2432,0.04316619
11,2464,0.044173177
11,2496,0.044866774
11,2528,0.044588853
11,2560,0.044503033
11,2592,0.04430183
11,2624,0.0440582
11,2656,0.043976203
11,2688,0.044077408
11,2720,0.04386468
11,2752,0.04386373
11,2784,0.043739296
11,2816,0.043775976
11,2848,0.043550637
11,2880,0.043636996
11,2912,0.043668754
11,2944,0.043659445
11,2976,0.04338588
11,3008,0.043393675
11,3040,0.04337898
11,3072,0.04338888
11,3104,0.043271676
11,3136,0.04331887
11,3168,0.043283798
11,3200,0.043247916
11,3232,0.043046042
11,3264,0.043264747
11,3296,0.04317289
11,3328,0.043099552
11,3360,0.043150667
11,3392,0.043068387
11,3424,0.04289592
11,3456,0.042915642
11,3488,0.043965153
11,3520,0.044596307
11,3552,0.044314716
11,3584,0.0443925
11,3616,0.044058457
11,3648,0.043875046
11,3680,0.043973126
11,3712,0.043824814
11,3744,0.04369708
11,3776,0.043773357
11,3808,0.043575604
11,3840,0.043370396
11,3872,0.04347535
11,3904,0.043457743
11,3936,0.043504223
11,3968,0.043186978
11,4000,0.04317999
11,4032,0.04310917
11,4064,0.043135583
11,4096,0.04310972
11,4128,0.042957783
11,4160,0.04292569
11,4192,0.043227915
11,4224,0.04310546
11,4256,0.043075204
11,4288,0.043069277
11,4320,0.04291689
11,4352,0.04289494
11,4384,0.04285076
11,4416,0.042889703
11,4448,0.04282479
11,4480,0.042788908
11,4512,0.043843336
11,4544,0.044663627
11,4576,0.044506434
11,4608,0.04423342
11,4640,0.04397004
11,4672,0.044129383
11,4704,0.043919865
11,4736,0.043845024
11,4768,0.043757506
11,4800,0.043703027
11,4832,0.04357606
11,4864,0.04360599
11,4896,0.043450218
11,4928,0.043485098
11,4960,0.04320649
11,4992,0.043364704
11,5024,0.043164764
11,5056,0.043124042
11,5088,0.043188985
11,5120,0.043277536
11,5152,0.043062594
11,5184,0.04323417
11,5216,0.043123476
11,5248,0.04313433
11,5280,0.04308185
11,5312,0.04283698
11,5344,0.042885978
11,5376,0.042832818
11,5408,0.042758495
11,5440,0.042837977
11,5472,0.04284902
11,5504,0.04265295
11,5536,0.043982994
11,5568,0.04465352
11,5600,0.044582676
11,5632,0.044142984
11,5664,0.0439392
11,5696,0.044093575
11,5728,0.0437839
11,5760,0.043706637
11,5792,0.04377177
11,5824,0.043799076
11,5856,0.04359402
11,5888,0.04330022
11,5920,0.043413468
11,5952,0.043339763
11,5984,0.043376412
11,6016,0.043142505
11,6048,0.04325777
11,6080,0.043119732
12,0,0.043029655
12,32,0.04289052
12,64,0.042920016
12,96,0.04309803
12,128,0.04302356
12,160,0.042916555
12,192,0.042826224
12,224,0.04288486
12,256,0.042616043
12,288,0.04290933
12,320,0.04288387
12,352,0.042774238
12,384,0.042699866
12,416,0.042806223
12,448,0.04323173
12,480,0.044977788
12,512,0.04469778
12,544,0.044604667
12,576,0.04443574
12,608,0.044337723
12,640,0.043989718
12,672,0.04428166
12,704,0.04401063
12,736,0.04380784
12,768,0.043752313
12,800,0.043896124
12,832,0.043864783
12,864,0.04369096
12,896,0.04367028
12,928,0.04341425
12,960,0.04355138
12,992,0.04347364
12,1024,0.043423206
12,1056,0.043373454
12,1088,0.04354225
12,1120,0.04332131
12,1152,0.043309715
12,1184,0.04332839
12,1216,0.043270107
12,1248,0.043269433
12,1280,0.04322225
12,1312,0.043339465
12,1344,0.04323071
12,1376,0.042945135
12,1408,0.04326197
12,1440,0.043025974
12,1472,0.04366079
12,1504,0.044723053
12,1536,0.044544235
12,1568,0.04431166
12,1600,0.044262033
12,1632,0.044033807
12,1664,0.04412779
12,1696,0.043895017
12,1728,0.043842066
12,1760,0.043668482
12,1792,0.04388144
12,1824,0.043565206
12,1856,0.043743793
12,1888,0.043492053
12,1920,0.04346742
12,1952,0.04341153
12,1984,0.04361178
12,2016,0.043439265
12,2048,0.04341943
12,2080,0.043243147
12,2112,0.04329369
12,2144,0.043346528
12,2176,0.043192796
12,2208,0.043180324
12,2240,0.043162376
12,2272,0.043193594
12,2304,0.04312917
12,2336,0.04299675
12,2368,0.042905632
12,2400,0.043111626
12,2432,0.042943347
12,2464,0.043172427
12,2496,0.043422814
12,2528,0.04482309
12,2560,0.044474315
12,2592,0.04403957
12,2624,0.044050306
12,2656,0.043909047
12,2688,0.043949723
12,2720,0.04375085
12,2752,0.04367209
12,2784,0.04361027
12,2816,0.043574587
12,2848,0.043653928
12,2880,0.043491207
12,2912,0.043402635
12,2944,0.04335232
12,2976,0.043305866
12,3008,0.04329449
12,3040,0.043217048
12,3072,0.043073025
12,3104,0.043096185
12,3136,0.04325056
12,3168,0.043045115
12,3200,0.04315235
12,3232,0.043049533
12,3264,0.04310607
12,3296,0.0429504
12,3328,0.04292501
12,3360,0.04304947
12,3392,0.0428888
12,3424,0.042804673
12,3456,0.0429267
12,3488,0.04281824
12,3520,0.04334147
12,3552,0.044591803
12,3584,0.044460703
12,3616,0.044191364
12,3648,0.0440396
12,3680,0.043823294
12,3712,0.04381959
12,3744,0.04353124
12,3776,0.043473788
12,3808,0.043461863
12,3840,0.04355911
12,3872,0.043283585
12,3904,0.04324319
12,3936,0.04318507
12,3968,0.043510076
12,4000,0.04320798
12,4032,0.043219954
12,4064,0.04311083
12,4096,0.0429816
12,4128,0.043035645
12,4160,0.043109126
12,4192,0.042919878
12,4224,0.04277913
12,4256,0.042869516
12,4288,0.04279472
12,4320,0.043003615
12,4352,0.042699043
12,4384,0.04277894
12,4416,0.042860366
12,4448,0.04294298
12,4480,0.042708643
12,4512,0.042482875
12,4544,0.043279663
12,4576,0.04496626
12,4608,0.044837043
12,4640,0.04433916
12,4672,0.044365562
12,4704,0.044146534
12,4736,0.043890618
12,4768,0.0438241
12,4800,0.043809753
12,4832,0.043655597
12,4864,0.043757513
12,4896,0.043757398
12,4928,0.043565046
12,4960,0.04354001
12,4992,0.043482725
12,5024,0.043621283
12,5056,0.04354696
12,5088,0.043619175
12,5120,0.043266796
12,5152,0.043205876
12,5184,0.043174304
12,5216,0.043228175
12,5248,0.043167643
12,5280,0.043123387
12,5312,0.043074735
12,5344,0.043145943
12,5376,0.043030094
12,5408,0.043066222
12,5440,0.04304025
12,5472,0.042963848
12,5504,0.042974614
12,5536,0.043192837
12,5568,0.043527544
12,5600,0.044934325
12,5632,0.0445884
12,5664,0.044466555
12,5696,0.04435459
12,5728,0.044269495
12,5760,0.04416501
12,5792,0.04398624
12,5824,0.043877136
12,5856,0.043711998
12,5888,0.043779958
12,5920,0.043643303
12,5952,0.043556575
12,5984,0.04328448
12,6016,0.04341255
12,6048,0.04350803
12,6080,0.04331639
13,0,0.04350285
13,32,0.043408692
13,64,0.043332282
13,96,0.04319775
13,128,0.043153852
13,160,0.043160703
13,192,0.04311192
13,224,0.043123677
13,256,0.043015096
13,288,0.04291112
13,320,0.043078996
13,352,0.04303235
13,384,0.042810224
13,416,0.043248963
13,448,0.042898845
13,480,0.043020267
13,512,0.0447606
13,544,0.044502307
13,576,0.044436857
13,608,0.044141028
13,640,0.04408459
13,672,0.04397873
13,704,0.043863833
13,736,0.043800313
13,768,0.04379811
13,800,0.04354409
13,832,0.043705404
13,864,0.0434342
13,896,0.04376144
13,928,0.043465544
13,960,0.043367542
13,992,0.04332885
13,1024,0.04336715
13,1056,0.043381363
13,1088,0.043156736
13,1120,0.04335554
13,1152,0.0431958
13,1184,0.043098886
13,1216,0.043141253
13,1248,0.04303501
13,1280,0.042995557
13,1312,0.04303863
13,1344,0.042978384
13,1376,0.042802814
13,1408,0.04295954
13,1440,0.043011628
13,1472,0.04281963
13,1504,0.043035906
13,1536,0.04474376
13,1568,0.044417415
13,1600,0.044420578
13,1632,0.044176027
13,1664,0.043888494
13,1696,0.043867305
13,1728,0.04384391
13,1760,0.04372939
13,1792,0.043522347
13,1824,0.043492842
13,1856,0.043460563
13,1888,0.043481477
13,1920,0.043386433
13,1952,0.043280967
13,1984,0.043251015
13,2016,0.043256022
13,2048,0.043052483
13,2080,0.043155435
13,2112,0.043254763
13,2144,0.043078024
13,2176,0.042978767
13,2208,0.04301184
13,2240,0.04307795
13,2272,0.04293876
13,2304,0.042978935
13,2336,0.04300455
13,2368,0.04289986
13,2400,0.042950287
13,2432,0.042947084
13,2464,0.042783204
13,2496,0.042987727
13,2528,0.04271152
13,2560,0.044350814
13,2592,0.044396374
13,2624,0.044097006
13,2656,0.04389347
13,2688,0.04407686
13,2720,0.0435923
13,2752,0.04369309
13,2784,0.04356046
13,2816,0.043532427
13,2848,0.043536764
13,2880,0.043560386
13,2912,0.04337981
13,2944,0.043354686
13,2976,0.043398425
13,3008,0.04322194
13,3040,0.04316099
13,3072,0.04311074
13,3104,0.04320576
13,3136,0.042943887
13,3168,0.043140665
13,3200,0.04310411
13,3232,0.04286336
13,3264,0.042965934
13,3296,0.042846426
13,3328,0.042821962
13,3360,0.042944316
13,3392,0.042998318
13,3424,0.04281572
13,3456,0.042606506
13,3488,0.042768102
13,3520,0.04262111
13,3552,0.042949986
13,3584,0.04497409
13,3616,0.04464536
13,3648,0.044591464
13,3680,0.044303127
13,3712,0.044366334
13,3744,0.04401597
13,3776,0.044030678
13,3808,0.043904282
13,3840,0.043795828
13,3872,0.04390278
13,3904,0.043733563
13,3936,0.043714534
13,3968,0.043498483
13,4000,0.043593705
13,4032,0.043451782
13,4064,0.043263473
13,4096,0.043422416
13,4128,0.043339368
13,4160,0.043341536
13,4192,0.043380357
13,4224,0.043356456
13,4256,0.04324271
13,4288,0.04331986
13,4320,0.04342503
13,4352,0.043097038
13,4384,0.04309109
13,4416,0.043203205
13,4448,0.042969834
13,4480,0.04301645
13,4512,0.043216776
13,4544,0.043161463
13,4576,0.04327514
13,4608,0.044950824
13,4640,0.04460798
13,4672,0.04442027
13,4704,0.044260465
13,4736,0.0439994
13,4768,0.044155654
13,4800,0.04400173
13,4832,0.04400149
13,4864,0.04365664
13,4896,0.043466065
13,4928,0.04366504
13,4960,0.043574102
13,4992,0.043457408
13,5024,0.043673214
13,5056,0.043336816
13,5088,0.04324147
13,5120,0.043284945
13,5152,0.04319013
13,5184,0.04325475
13,5216,0.043246787
13,5248,0.043239627
13,5280,0.0433299
13,5312,0.043270808
13,5344,0.042925417
13,5376,0.043166697
13,5408,0.042907756
13,5440,0.042989343
13,5472,0.04297506
13,5504,0.043094736
13,5536,0.04286287
13,5568,0.042983677
13,5600,0.043033917
13,5632,0.044620037
13,5664,0.04433844
13,5696,0.044303965
13,5728,0.044085935
13,5760,0.044010576
13,5792,0.04382087
13,5824,0.04382342
13,5856,0.043766662
13,5888,0.043759987
13,5920,0.043559983
13,5952,0.043534428
13,5984,0.043395612
13,6016,0.04337272
13,6048,0.043453492
13,6080,0.043256696
14,0,0.043209806
14,32,0.043163896
14,64,0.043285403
14,96,0.04324262
14,128,0.04303988
14,160,0.043105155
14,192,0.043015335
14,224,0.042937506
14,256,0.042866256
14,288,0.043032054
14,320,0.04285961
14,352,0.042970333
14,384,0.04287095
14,416,0.042945094
14,448,0.042856283
14,480,0.04287394
14,512,0.042880204
14,544,0.044297118
14,576,0.044385996
14,608,0.04420895
14,640,0.044087827
14,672,0.043725744
14,704,0.044018645
14,736,0.04381112
14,768,0.043532092
14,800,0.04372185
14,832,0.043405127
14,864,0.043425642
14,896,0.043429002
14,928,0.043291606
14,960,0.0432155
14,992,0.04328702
14,1024,0.043228045
14,1056,0.04300578
14,1088,0.043229233
14,1120,0.04315742
14,1152,0.04309558
14,1184,0.04319764
14,1216,0.042838365
14,1248,0.042796206
14,1280,0.042930868
14,1312,0.042942088
14,1344,0.04274955
14,1376,0.04276709
14,1408,0.04278438
14,1440,0.04284255
14,1472,0.042802125
14,1504,0.042753216
14,1536,0.042727813
14,1568,0.044325605
14,1600,0.044343345
14,1632,0.04429598
14,1664,0.04435953
14,1696,0.0438358
14,1728,0.043879632
14,1760,0.04384573
14,1792,0.04383243
14,1824,0.043619365
14,1856,0.043483842
14,1888,0.04350172
14,1920,0.04351795
14,1952,0.04338324
14,1984,0.04343235
14,2016,0.043306485
14,2048,0.04342908
14,2080,0.04321772
14,2112,0.043035332
14,2144,0.043014936
14,2176,0.043269128
14,2208,0.042965624
14,2240,0.04306806
14,2272,0.042986374
14,2304,0.04315851
14,2336,0.043154087
14,2368,0.042914905
14,2400,0.04287992
14,2432,0.0428869
14,2464,0.042893786
14,2496,0.042790007
14,2528,0.042719167
14,2560,0.04281616
14,2592,0.044565696
14,2624,0.044731915
14,2656,0.04450116
14,2688,0.044185128
14,2720,0.044106424
14,2752,0.04417741
14,2784,0.044129595
14,2816,0.043949597
14,2848,0.043863725
14,2880,0.04361025
14,2912,0.043893833
14,2944,0.043640092
14,2976,0.04386654
14,3008,0.043586224
14,3040,0.043463316
14,3072,0.043419864
14,3104,0.043519087
14,3136,0.043266032
14,3168,0.043358292
14,3200,0.04325855
14,3232,0.0431772
14,3264,0.043195136
14,3296,0.043124106
14,3328,0.04328469
14,3360,0.043331128
14,3392,0.043281633
14,3424,0.04299806
14,3456,0.043140978
14,3488,0.043078676
14,3520,0.042973865
14,3552,0.043147728
14,3584,0.043119002
14,3616,0.04429052
14,3648,0.04450285
14,3680,0.04449231
14,3712,0.04434425
14,3744,0.043963756
14,3776,0.04399854
14,3808,0.043754496
14,3840,0.04384021
14,3872,0.04357362
14,3904,0.043643236
14,3936,0.043516584
14,3968,0.043478414
14,4000,0.043626145
14,4032,0.04346843
14,4064,0.043315914
14,4096,0.043193415
14,4128,0.04344338
14,4160,0.04317346
14,4192,0.043234367
14,4224,0.04319924
14,4256,0.04313777
14,4288,0.04295256
14,4320,0.042891122
14,4352,0.0429989
14,4384,0.042972837
14,4416,0.042991728
14,4448,0.042857602
14,4480,0.042921413
14,4512,0.042887174
14,4544,0.042859934
14,4576,0.04308643
14,4608,0.042716913
14,4640,0.04439693
14,4672,0.044511773
14,4704,0.0442693
14,4736,0.043898758
14,4768,0.0439871
14,4800,0.0438896
14,4832,0.043690708
14,4864,0.043696117
14,4896,0.043675374
14,4928,0.04354672
14,4960,0.043468177
14,4992,0.043429133
14,5024,0.043383956
14,5056,0.04353015
14,5088,0.043266524
14,5120,0.04330245
14,5152,0.043233417
14,5184,0.043191448
14,5216,0.04313809
14,5248,0.043207005
14,5280,0.043182384
14,5312,0.04308653
14,5344,0.04295262
14,5376,0.043081306
14,5408,0.042920448
14,5440,0.042911828
14,5472,0.042770017
14,5504,0.042791404
14,5536,0.04288863
14,5568,0.042784818
14,5600,0.04280118
14,5632,0.042888317
14,5664,0.04433608
14,5696,0.044378925
14,5728,0.04421128
14,5760,0.043984596
14,5792,0.044008948
14,5824,0.043612503
14,5856,0.04373913
14,5888,0.0435907
14,5920,0.04359025
14,5952,0.04351457
14,5984,0.043463293
14,6016,0.0434005
14,6048,0.043365147
14,6080,0.043382958
15,0,0.04305539
15,32,0.043048337
15,64,0.043186847
15,96,0.04316303
15,128,0.042774573
15,160,0.042927094
15,192,0.04290251
15,224,0.04289349
15,256,0.042715434
15,288,0.042897023
15,320,0.043057404
15,352,0.042933453
15,384,0.0428057
15,416,0.042772986
15,448,0.042742033
15,480,0.042979397
15,512,0.04282579
15,544,0.04280285
15,576,0.043670088
15,608,0.044572
15,640,0.044455238
15,672,0.04424851
15,704,0.04420094
15,736,0.044193335
15,768,0.04410759
15,800,0.043802254
15,832,0.04379145
15,864,0.04377191
15,896,0.043734986
15,928,0.04353447
15,960,0.043551505
15,992,0.043656755
15,1024,0.04348429
15,1056,0.043491278
15,1088,0.04344767
15,1120,0.043167014
15,1152,0.043449506
15,1184,0.043602422
15,1216,0.043321993
15,1248,0.043275174
15,1280,0.04319084
15,1312,0.043119185
15,1344,0.04319154
15,1376,0.043085594
15,1408,0.04312127
15,1440,0.043126028
15,1472,0.042986743
15,1504,0.042919923
15,1536,0.043208316
15,1568,0.0430592
15,1600,0.04403176
15,1632,0.044525027
15,1664,0.044577897
15,1696,0.04435986
15,1728,0.044154234
15,1760,0.043983478
15,1792,0.043999895
15,1824,0.043879732
15,1856,0.04380045
15,1888,0.04371243
15,1920,0.043603577
15,1952,0.04349286
15,1984,0.043535408
15,2016,0.04331381
15,2048,0.043461885
15,2080,0.043340523
15,2112,0.043207437
15,2144,0.04330336
15,2176,0.043088075
15,2208,0.043252513
15,2240,0.04316472
15,2272,0.04332312
15,2304,0.043245498
15,2336,0.04302965
15,2368,0.043140646
15,2400,0.043069523
15,2432,0.04298759
15,2464,0.042961005
15,2496,0.042846523
15,2528,0.042965725
15,2560,0.04296159
15,2592,0.042948786
15,2624,0.04382832
15,2656,0.044438522
15,2688,0.044332296
15,2720,0.044072986
15,2752,0.043912105
15,2784,0.043706447
15,2816,0.04372884
15,2848,0.043703828
15,2880,0.043594193
15,2912,0.043457624
15,2944,0.043517243
15,2976,0.043593258
15,3008,0.04324886
15,3040,0.043178268
15,3072,0.04318109
15,3104,0.043214876
15,3136,0.0431507
15,3168,0.043061193
15,3200,0.04315173
15,3232,0.042950157
15,3264,0.043032337
15,3296,0.042863403
15,3328,0.043018878
15,3360,0.042888038
15,3392,0.042851735
15,3424,0.04283261
15,3456,0.042683493
15,3488,0.04259208
15,3520,0.04273737
15,3552,0.042950545
15,3584,0.042646468
15,3616,0.042792622
15,3648,0.04370151
15,3680,0.044477038
15,3712,0.044500295
15,3744,0.044209015
15,3776,0.04411169
15,3808,0.043805666
15,3840,0.043754194
15,3872,0.043764025
15,3904,0.043620393
15,3936,0.043606367
15,3968,0.043525405
15,4000,0.043231346
15,4032,0.04331747
15,4064,0.043310247
15,4096,0.043390375
15,4128,0.043203782
15,4160,0.043050874
15,4192,0.043147963
15,4224,0.04316674
15,4256,0.043233775
15,4288,0.043237347
15,4320,0.04299349
15,4352,0.043042634
15,4384,0.04302883
15,4416,0.043084804
15,4448,0.042947497
15,4480,0.042939544
15,4512,0.04274557
15,4544,0.042852245
15,4576,0.04275823
15,4608,0.04278591
15,4640,0.04281533
15,4672,0.043691855
15,4704,0.04450286
15,4736,0.044093676
15,4768,0.044083122
15,4800,0.043881055
15,4832,0.04385785
15,4864,0.04361508
15,4896,0.043487474
15,4928,0.04356182
15,4960,0.043449223
15,4992,0.043366212
15,5024,0.04343466
15,5056,0.04334401
15,5088,0.04314956
15,5120,0.04305332
15,5152,0.043216113
15,5184,0.043231808
15,5216,0.04306917
15,5248,0.04307071
15,5280,0.04307929
15,5312,0.043167602
15,5344,0.043026943
15,5376,0.042864434
15,5408,0.042991117
15,5440,0.042902447
15,5472,0.042896792
15,5504,0.042850144
15,5536,0.04287757
15,5568,0.0426024
15,5600,0.042992655
15,5632,0.042896796
15,5664,0.042830307
15,5696,0.04367193
15,5728,0.044625416
15,5760,0.04437049
15,5792,0.04433838
15,5824,0.04421622
15,5856,0.044071764
15,5888,0.043900542
15,5920,0.04369839
15,5952,0.04387164
15,5984,0.043698393
15,6016,0.04368454
15,6048,0.0437973
15,6080,0.04365526
16,0,0.04354705
16,32,0.043432266
16,64,0.043558493
16,96,0.04334911
16,128,0.043175004
16,160,0.043398455
16,192,0.043386754
16,224,0.043139126
16,256,0.043352034
16,288,0.04319968
16,320,0.0434037
16,352,0.043221984
16,384,0.043221015
16,416,0.043053407
16,448,0.043134276
16,480,0.0431733
16,512,0.043109924
16,544,0.043013573
16,576,0.04293785
16,608,0.043455686
16,640,0.04457746
16,672,0.044424213
16,704,0.044438925
16,736,0.044003308
16,768,0.044069897
16,800,0.043918367
16,832,0.04377421
16,864,0.043761693
16,896,0.043723475
16,928,0.04380547
16,960,0.043628022
16,992,0.043582957
16,1024,0.04360541
16,1056,0.043347135
16,1088,0.04342172
16,1120,0.04325724
16,1152,0.043305453
16,1184,0.04335487
16,1216,0.043309644
16,1248,0.043233067
16,1280,0.043164358
16,1312,0.043215666
16,1344,0.043205973
16,1376,0.043275807
16,1408,0.043075796
16,1440,0.043072022
16,1472,0.04306685
16,1504,0.04305051
16,1536,0.043141868
16,1568,0.04289492
16,1600,0.04314677
16,1632,0.043314602
16,1664,0.04435465
16,1696,0.044187948
16,1728,0.04406904
16,1760,0.043983985
16,1792,0.04382907
16,1824,0.043917928
16,1856,0.04383899
16,1888,0.043547887
16,1920,0.04362612
16,1952,0.043401968
16,1984,0.043326996
16,2016,0.043381236
16,2048,0.043174747
16,2080,0.043376375
16,2112,0.043392807
16,2144,0.04295514
16,2176,0.04316797
16,2208,0.043090615
16,2240,0.043146178
16,2272,0.042954855
16,2304,0.043010682
16,2336,0.042832565
16,2368,0.042982925
16,2400,0.042752653
16,2432,0.04298962
16,2464,0.042821728
16,2496,0.042793024
16,2528,0.04279529
16,2560,0.042600583
16,2592,0.042773306
16,2624,0.042837374
16,2656,0.04334485
16,2688,0.044524238
16,2720,0.04430151
16,2752,0.044012517
16,2784,0.043636948
16,2816,0.043690756
16,2848,0.043620303
16,2880,0.04356614
16,2912,0.043472525
16,2944,0.043435737
16,2976,0.043310083
16,3008,0.043191962
16,3040,0.043198686
16,3072,0.04312991
16,3104,0.043169226
16,3136,0.04321357
16,3168,0.043069545
16,3200,0.043120466
16,3232,0.04301545
16,3264,0.043085024
16,3296,0.043157265
16,3328,0.042949386
16,3360,0.042692214
16,3392,0.04291491
16,3424,0.042795368
16,3456,0.042851124
16,3488,0.042704105
16,3520,0.042826165
16,3552,0.0428151
16,3584,0.04255705
16,3616,0.04268144
16,3648,0.04260101
16,3680,0.043308828
16,3712,0.044823423
16,3744,0.044546742
16,3776,0.04439869
16,3808,0.044161074
16,3840,0.04392703
16,3872,0.044025283
16,3904,0.04386234
16,3936,0.043840308
16,3968,0.043833192
16,4000,0.043981757
16,4032,0.043663166
16,4064,0.043409545
16,4096,0.043561265
16,4128,0.04376819
16,4160,0.04330284
16,4192,0.0434555
16,4224,0.04354973
16,4256,0.043327536
16,4288,0.043238286
16,4320,0.043211505
16,4352,0.043191124
16,4384,0.043280248
16,4416,0.043252923
16,4448,0.043206334
16,4480,0.043238994
16,4512,0.042923532
16,4544,0.04309828
16,4576,0.04313195
16,4608,0.042975362
16,4640,0.043071248
16,4672,0.042975154
16,4704,0.043480366
16,4736,0.044702843
16,4768,0.04424726
16,4800,0.044489753
16,4832,0.044207904
16,4864,0.04425608
16,4896,0.043833006
16,4928,0.043931972
16,4960,0.04381265
16,4992,0.043659706
16,5024,0.04333706
16,5056,0.043580193
16,5088,0.04348236
16,5120,0.04359305
16,5152,0.04324929
16,5184,0.043465406
16,5216,0.04337846
16,5248,0.043207165
16,5280,0.04318437
16,5312,0.043359544
16,5344,0.043310635
16,5376,0.042969827
16,5408,0.04313655
16,5440,0.043241702
16,5472,0.043077473
16,5504,0.04307547
16,5536,0.04310594
16,5568,0.04292311
16,5600,0.043012634
16,5632,0.04276507
16,5664,0.042789467
16,5696,0.042879384
16,5728,0.043338157
16,5760,0.04437157
16,5792,0.04424436
16,5824,0.044222757
16,5856,0.043913998
16,5888,0.043943074
16,5920,0.04379904
16,5952,0.04367055
16,5984,0.043662462
16,6016,0.043492712
16,6048,0.04364807
16,6080,0.043371815
17,0,0.04351491
17,32,0.043389067
17,64,0.043327227
17,96,0.043387152
17,128,0.043156225
17,160,0.04323138
17,192,0.043218207
17,224,0.042955685
17,256,0.043033253
17,288,0.043105613
17,320,0.042913344
17,352,0.042957813
17,384,0.042977285
17,416,0.042876206
17,448,0.043017764
17,480,0.04280357
17,512,0.04267034
17,544,0.04269255
17,576,0.042686466
17,608,0.042777598
17,640,0.042880952
17,672,0.0444492
17,704,0.04428433
17,736,0.043980848
17,768,0.044164848
17,800,0.043723475
17,832,0.043704867
17,864,0.043522783
17,896,0.043521687
17,928,0.043481857
17,960,0.043303203
17,992,0.043231264
17,1024,0.043362696
17,1056,0.043210752
17,1088,0.04316388
17,1120,0.043096405
17,1152,0.04337805
17,1184,0.042945098
17,1216,0.0429995
17,1248,0.04303196
17,1280,0.042977802
17,1312,0.04307653
17,1344,0.043051463
17,1376,0.0430792
17,1408,0.042896353
17,1440,0.042904176
17,1472,0.04268413
17,1504,0.042670343
17,1536,0.042909488
17,1568,0.042791154
17,1600,0.042822562
17,1632,0.042722568
17,1664,0.042549767
17,1696,0.044478815
17,1728,0.04438236
17,1760,0.044228736
17,1792,0.04388879
17,1824,0.043874074
17,1856,0.0438424
17,1888,0.043734513
17,1920,0.043582678
17,1952,0.04363776
17,1984,0.04340947
17,2016,0.043434344
17,2048,0.043268725
17,2080,0.043333177
17,2112,0.04330637
17,2144,0.043308485
17,2176,0.043180007
17,2208,0.043218065
17,2240,0.04308808
17,2272,0.04307584
17,2304,0.04302078
17,2336,0.04310018
17,2368,0.043164328
17,2400,0.04304966
17,2432,0.042920105
17,2464,0.042874902
17,2496,0.042774547
17,2528,0.042848915
17,2560,0.04266976
17,2592,0.042803396
17,2624,0.04280249
17,2656,0.042938568
17,2688,0.04284553
17,2720,0.04472518
17,2752,0.04446273
17,2784,0.044310015
17,2816,0.044228673
17,2848,0.044209864
17,2880,0.044017386
17,2912,0.043904435
17,2944,0.043898556
17,2976,0.043714643
17,3008,0.043457635
17,3040,0.043707144
17,3072,0.0437506
17,3104,0.04340842
17,3136,0.043339044
17,3168,0.043381907
17,3200,0.043282006
17,3232,0.043585673
17,3264,0.04328448
17,3296,0.043382134
17,3328,0.043282386
17,3360,0.04311193
17,3392,0.04327496
17,3424,0.04329837
17,3456,0.043113753
17,3488,0.0431445
17,3520,0.043081805
17,3552,0.04303293
17,3584,0.04314303
17,3616,0.042889953
17,3648,0.043080688
17,3680,0.04318128
17,3712,0.0430564
17,3744,0.044607904
17,3776,0.0444995
17,3808,0.044498805
17,3840,0.04405026
17,3872,0.043965254
17,3904,0.043985177
17,3936,0.04376986
17,3968,0.043595448
17,4000,0.04368516
17,4032,0.04360527
17,4064,0.043553922
17,4096,0.043603554
17,4128,0.043461572
17,4160,0.043356035
17,4192,0.043426137
17,4224,0.043416247
17,4256,0.043350235
17,4288,0.043258913
17,4320,0.04321009
17,4352,0.043280367
17,4384,0.042979974
17,4416,0.043000847
17,4448,0.043149453
17,4480,0.043129552
17,4512,0.04294102
17,4544,0.043101635
17,4576,0.043019965
17,4608,0.042772092
17,4640,0.04296741
17,4672,0.043097354
17,4704,0.04301996
17,4736,0.043159477
17,4768,0.04447714
17,4800,0.04424917
17,4832,0.043941665
17,4864,0.043898273
17,4896,0.043953776
17,4928,0.043836378
17,4960,0.043595225
17,4992,0.043876674
17,5024,0.04365776
17,5056,0.043453697
17,5088,0.04356601
17,5120,0.043482706
17,5152,0.04342816
17,5184,0.04313471
17,5216,0.043286666
17,5248,0.04330981
17,5280,0.043199327
17,5312,0.04317472
17,5344,0.0430674
17,5376,0.042996466
17,5408,0.04304682
17,5440,0.042981975
17,5472,0.04303948
17,5504,0.04295248
17,5536,0.042772986
17,5568,0.042883098
17,5600,0.042831838
17,5632,0.04286457
17,5664,0.042751808
17,5696,0.042747747
17,5728,0.04282944
17,5760,0.042895537
17,5792,0.0444654
17,5824,0.04391742
17,5856,0.044025447
17,5888,0.044022508
17,5920,0.043977603
17,5952,0.043646116
17,5984,0.043746155
17,6016,0.043473374
17,6048,0.043376453
17,6080,0.043175932
18,0,0.043209255
18,32,0.043254483
18,64,0.043278757
18,96,0.04306579
18,128,0.043230556
18,160,0.04314411
18,192,0.04314798
18,224,0.04292041
18,256,0.043041646
18,288,0.042874582
18,320,0.04291474
18,352,0.04273112
18,384,0.04277439
18,416,0.04277844
18,448,0.042867966
18,480,0.042738073
18,512,0.04282036
18,544,0.042887185
18,576,0.04283724
18,608,0.04276788
18,640,0.042555265
18,672,0.04268208
18,704,0.04427716
18,736,0.044418573
18,768,0.04433288
18,800,0.044110518
18,832,0.044077847
18,864,0.043824375
18,896,0.04374266
18,928,0.04363309
18,960,0.043704644
18,992,0.043517184
18,1024,0.04343431
18,1056,0.043558788
18,1088,0.043234926
18,1120,0.043537766
18,1152,0.043263655
18,1184,0.04335319
18,1216,0.043271508
18,1248,0.0431803
18,1280,0.04313908
18,1312,0.04304085
18,1344,0.043122724
18,1376,0.0431758
18,1408,0.043058626
18,1440,0.04305702
18,1472,0.04287428
18,1504,0.042850744
18,1536,0.0429791
18,1568,0.042886112
18,1600,0.042855028
18,1632,0.042811546
18,1664,0.042860486
18,1696,0.042811975
18,1728,0.044301048
18,1760,0.044431955
18,1792,0.044498067
18,1824,0.04424713
18,1856,0.044190694
18,1888,0.04402621
18,1920,0.04408083
18,1952,0.043905284
18,1984,0.043831203
18,2016,0.043755326
18,2048,0.043775495
18,2080,0.043726202
18,2112,0.043525293
18,2144,0.0435913
18,2176,0.043638725
18,2208,0.043536656
18,2240,0.043214917
18,2272,0.043464515
18,2304,0.04325346
18,2336,0.04319328
18,2368,0.04318719
18,2400,0.043125883
18,2432,0.043145005
18,2464,0.0432669
18,2496,0.043197293
18,2528,0.04311542
18,2560,0.04320231
18,2592,0.04303826
18,2624,0.043223027
18,2656,0.042898763
18,2688,0.04302102
18,2720,0.04306141
18,2752,0.044216648
18,2784,0.04416194
18,2816,0.044166256
18,2848,0.04381202
18,2880,0.04407571
18,2912,0.043771427
18,2944,0.043882445
18,2976,0.043520253
18,3008,0.043429937
18,3040,0.043492053
18,3072,0.043325156
18,3104,0.043334927
18,3136,0.04351415
18,3168,0.04341293
18,3200,0.043218773
18,3232,0.043202225
18,3264,0.04319311
18,3296,0.043267507
18,3328,0.043063946
18,3360,0.04303982
18,3392,0.042914823
18,3424,0.042782113
18,3456,0.04302491
18,3488,0.042780247
18,3520,0.04276804
18,3552,0.04282941
18,3584,0.042869426
18,3616,0.042880952
18,3648,0.04293436
18,3680,0.04289659
18,3712,0.042709056
18,3744,0.04286329
18,3776,0.043903172
18,3808,0.04411334
18,3840,0.044042192
18,3872,0.04406824
18,3904,0.043698117
18,3936,0.043858394
18,3968,0.04342112
18,4000,0.043724053
18,4032,0.043635007
18,4064,0.043504946
18,4096,0.043608956
18,4128,0.043326985
18,4160,0.043328606
18,4192,0.043199737
18,4224,0.043221947
18,4256,0.04304248
18,4288,0.04332512
18,4320,0.042801857
18,4352,0.043089766
18,4384,0.042941462
18,4416,0.0431797
18,4448,0.04286094
18,4480,0.04298865
18,4512,0.042907357
18,4544,0.042922765
18,4576,0.042884555
18,4608,0.042691715
18,4640,0.042806737
18,4672,0.042831577
18,4704,0.042943176
18,4736,0.042772718
18,4768,0.042740535
18,4800,0.044225488
18,4832,0.044108104
18,4864,0.044049222
18,4896,0.043876674
18,4928,0.04352045
18,4960,0.04378035
18,4992,0.04367433
18,5024,0.04345995
18,5056,0.043502346
18,5088,0.043518744
18,5120,0.043190263
18,5152,0.043132417
18,5184,0.043210942
18,5216,0.043081254
18,5248,0.043301936
18,5280,0.04310383
18,5312,0.04324447
18,5344,0.04299922
18,5376,0.043110806
18,5408,0.042842276
18,5440,0.043064598
18,5472,0.042986475
18,5504,0.04273522
18,5536,0.042835306
18,5568,0.04296355
18,5600,0.04284336
18,5632,0.04285716
18,5664,0.042778194
18,5696,0.04288111
18,5728,0.04271559
18,5760,0.04278434
18,5792,0.042687308
18,5824,0.044257853
18,5856,0.044336703
18,5888,0.044361424
18,5920,0.04428481
18,5952,0.04403452
18,5984,0.04396142
18,6016,0.043879937
18,6048,0.043992534
18,6080,0.04362974
19,0,0.043548483
19,32,0.043602075
19,64,0.043448087
19,96,0.04347936
19,128,0.043355364
19,160,0.043449026
19,192,0.04348736
19,224,0.043230485
19,256,0.04324874
19,288,0.04321288
19,320,0.043314844
19,352,0.043255378
19,384,0.043159474
19,416,0.043055408
19,448,0.04295078
19,480,0.043167077
19,512,0.042992182
19,544,0.043063488
19,576,0.04315469
19,608,0.042877194
19,640,0.04290443
19,672,0.042916477
19,704,0.04285299
19,736,0.04373584
19,768,0.044796895
19,800,0.0443282
19,832,0.044372775
19,864,0.04409706
19,896,0.0441418
19,928,0.043843936
19,960,0.043821614
19,992,0.043686513
19,1024,0.04377203
19,1056,0.04363391
19,1088,0.04360859
19,1120,0.04348497
19,1152,0.043535873
19,1184,0.043449838
19,1216,0.04340111
19,1248,0.043478332
19,1280,0.043299433
19,1312,0.043364964
19,1344,0.043234304
19,1376,0.043137714
19,1408,0.043280963
19,1440,0.043093365
19,1472,0.043222867
19,1504,0.0431463
19,1536,0.043010097
19,1568,0.043235764
19,1600,0.04318972
19,1632,0.04299255
19,1664,0.043030582
19,1696,0.043010235
19,1728,0.042988583
19,1760,0.043557398
19,1792,0.044351187
19,1824,0.04394375
19,1856,0.044014666
19,1888,0.04390766
19,1920,0.043827817
19,1952,0.043589458
19,1984,0.043374926
19,2016,0.043556586
19,2048,0.043637402
19,2080,0.043375023
19,2112,0.043397184
19,2144,0.043301832
19,2176,0.043130916
19,2208,0.043232407
19,2240,0.043239024
19,2272,0.04307402
19,2304,0.043139033
19,2336,0.042947486
19,2368,0.04290786
19,2400,0.04299923
19,2432,0.04289569
19,2464,0.042780764
19,2496,0.042809095
19,2528,0.042836737
19,2560,0.042959284
19,2592,0.04290313
19,2624,0.042870138
19,2656,0.042877674
19,2688,0.0427965
19,2720,0.042835154
19,2752,0.04271821
19,2784,0.043800384
19,2816,0.04438463
19,2848,0.044134725
19,2880,0.044012863
19,2912,0.043925826
19,2944,0.04374266
19,2976,0.043832105
19,3008,0.04360887
19,3040,0.04358606
19,3072,0.04329908
19,3104,0.043345887
19,3136,0.043496285
19,3168,0.04331309
19,3200,0.043289926
19,3232,0.043031976
19,3264,0.04322727
19,3296,0.043015905
19,3328,0.043133613
19,3360,0.042966224
19,3392,0.04290731
19,3424,0.043057583
19,3456,0.043177288
19,3488,0.042960156
19,3520,0.0429667
19,3552,0.042827435
19,3584,0.042939827
19,3616,0.04282109
19,3648,0.042865314
19,3680,0.04279731
19,3712,0.042930778
19,3744,0.042686652
19,3776,0.04279831
19,3808,0.043675143
19,3840,0.04426448
19,3872,0.044008408
19,3904,0.044030234
19,3936,0.043642372
19,3968,0.043842435
19,4000,0.043703884
19,4032,0.043555062
19,4064,0.043396365
19,4096,0.043463774
19,4128,0.04344197
19,4160,0.043352228
19,4192,0.043151066
19,4224,0.0432882
19,4256,0.043251228
19,4288,0.0430537
19,4320,0.043256346
19,4352,0.04307102
19,4384,0.043074556
19,4416,0.042787217
19,4448,0.04301966
19,4480,0.04299004
19,4512,0.04288311
19,4544,0.04282511
19,4576,0.042905316
19,4608,0.042793382
19,4640,0.042862065
19,4672,0.04291293
19,4704,0.042576153
19,4736,0.043011703
19,4768,0.042809706
19,4800,0.042708207
19,4832,0.043830294
19,4864,0.04452666
19,4896,0.04437442
19,4928,0.044237252
19,4960,0.043993864
19,4992,0.043920945
19,5024,0.04391546
19,5056,0.043611255
19,5088,0.043823425
19,5120,0.043718006
19,5152,0.04358129
19,5184,0.043553505
19,5216,0.04338185
19,5248,0.043578107
19,5280,0.04326923
19,5312,0.043390937
19,5344,0.043319184
19,5376,0.04317414
19,5408,0.04316594
19,5440,0.043264218
19,5472,0.043218363
19,5504,0.043303918
19,5536,0.04323535
19,5568,0.04321956
19,5600,0.04322552
19,5632,0.043238655
19,5664,0.04321387
19,5696,0.042956408
19,5728,0.043040916
19,5760,0.042990815
19,5792,0.04291762
19,5824,0.043062463
19,5856,0.043681603
19,5888,0.044379935
19,5920,0.044205923
19,5952,0.04398736
19,5984,0.044095773
19,6016,0.043919623
19,6048,0.043762814
19,6080,0.043851256
20,0,0.043481678
20,32,0.043630224
20,64,0.04356586
20,96,0.04331374
20,128,0.043676227
20,160,0.04328282
20,192,0.043412894
20,224,0.04352851
20,256,0.04335402
20,288,0.04327318
20,320,0.04324013
20,352,0.043202713
20,384,0.043149024
20,416,0.043070797
20,448,0.043061957
20,480,0.043108333
20,512,0.043164358
20,544,0.04304584
20,576,0.042986847
20,608,0.043079153
20,640,0.043128397
20,672,0.04299479
20,704,0.04302156
20,736,0.04287102
20,768,0.04334813
20,800,0.04432905
20,832,0.0441993
20,864,0.04398371
20,896,0.043946058
20,928,0.04375715
20,960,0.043719757
20,992,0.043672968
20,1024,0.043490227
20,1056,0.043369606
20,1088,0.04323344
20,1120,0.04345496
20,1152,0.043347556
20,1184,0.04311574
20,1216,0.043134153
20,1248,0.043187976
20,1280,0.04322265
20,1312,0.042996157
20,1344,0.04316711
20,1376,0.04307744
20,1408,0.043098483
20,1440,0.043059044
20,1472,0.042924426
20,1504,0.043038465
20,1536,0.042844377
20,1568,0.042981755
20,1600,0.042748906
20,1632,0.042716235
20,1664,0.042656604
20,1696,0.04293586
20,1728,0.04278879
20,1760,0.04275681
20,1792,0.043198742
20,1824,0.044270154
20,1856,0.044138264
20,1888,0.043824226
20,1920,0.043700576
20,1952,0.0436493
20,1984,0.04376613
20,2016,0.04337193
20,2048,0.043329213
20,2080,0.043472107
20,2112,0.043187916
20,2144,0.043027952
20,2176,0.04327145
20,2208,0.04322373
20,2240,0.04308537
20,2272,0.0430107
20,2304,0.043098964
20,2336,0.043028966
20,2368,0.042911682
20,2400,0.042980365
20,2432,0.042867925
20,2464,0.04285543
20,2496,0.04305878
20,2528,0.042788334
20,2560,0.042861745
20,2592,0.0425789
20,2624,0.042865843
20,2656,0.042786144
20,2688,0.04277284
20,2720,0.04264348
20,2752,0.042732
20,2784,0.042752173
20,2816,0.04320577
20,2848,0.04451451
20,2880,0.044377986
20,2912,0.044209644
20,2944,0.044045385
20,2976,0.043919317
20,3008,0.044166334
20,3040,0.043911282
20,3072,0.043898497
20,3104,0.043557372
20,3136,0.043675784
20,3168,0.043666545
20,3200,0.04360568
20,3232,0.04355498
20,3264,0.043382686
20,3296,0.04348188
20,3328,0.043447565
20,3360,0.043507624
20,3392,0.04341631
20,3424,0.04344815
20,3456,0.04328595
20,3488,0.043318518
20,3520,0.043130696
20,3552,0.04318924
20,3584,0.04304431
20,3616,0.04309079
20,3648,0.043405823
20,3680,0.042883325
20,3712,0.043056615
20,3744,0.042971395
20,3776,0.043018606
20,3808,0.042987607
20,3840,0.043335408
20,3872,0.044527005
20,3904,0.044244457
20,3936,0.04392043
20,3968,0.044165764
20,4000,0.043863777
20,4032,0.043833263
20,4064,0.04376453
20,4096,0.043788284
20,4128,0.043459848
20,4160,0.043552015
20,4192,0.043535337
20,4224,0.04348768
20,4256,0.04341749
20,4288,0.043440066
20,4320,0.043379333
20,4352,0.04309807
20,4384,0.043317366
20,4416,0.04321036
20,4448,0.043110885
20,4480,0.04311862
20,4512,0.043092925
20,4544,0.043119144
20,4576,0.042964216
20,4608,0.04304508
20,4640,0.043081243
20,4672,0.043078616
20,4704,0.04295949
20,4736,0.04314911
20,4768,0.04294713
20,4800,0.042858217
20,4832,0.042896338
20,4864,0.043256246
20,4896,0.04434763
20,4928,0.0439074
20,4960,0.043890234
20,4992,0.04390351
20,5024,0.043812353
20,5056,0.04365186
20,5088,0.043495897
20,5120,0.043405164
20,5152,0.04347655
20,5184,0.043389034
20,5216,0.043379113
20,5248,0.043044854
20,5280,0.043206338
20,5312,0.043196276
20,5344,0.04311949
20,5376,0.04300026
20,5408,0.042929053
20,5440,0.043112144
20,5472,0.043059766
20,5504,0.042830344
20,5536,0.042966567
20,5568,0.04282487
20,5600,0.042905375
20,5632,0.04267434
20,5664,0.042707358
20,5696,0.042560782
20,5728,0.04266267
20,5760,0.042688783
20,5792,0.042716715
20,5824,0.042720225
20,5856,0.042629942
20,5888,0.043237958
20,5920,0.04433186
20,5952,0.04431938
20,5984,0.04390996
20,6016,0.043710925
20,6048,0.043624096
20,6080,0.04380629
21,0,0.043724433
21,32,0.043559343
21,64,0.043524947
21,96,0.043642722
21,128,0.043435797
21,160,0.0433822
21,192,0.043305073
21,224,0.043416865
21,256,0.043238826
21,288,0.04318898
21,320,0.043321017
21,352,0.043365397
21,384,0.042958077
21,416,0.04300675
21,448,0.043150775
21,480,0.043047022
21,512,0.04301544
21,544,0.04296865
21,576,0.042942017
21,608,0.042877346
21,640,0.04286826
21,672,0.04279439
21,704,0.04299112
21,736,0.042922176
21,768,0.042829666
21,800,0.042817786
21,832,0.044306338
21,864,0.043962404
21,896,0.043877292
21,928,0.043768946
21,960,0.043649394
21,992,0.04352843
21,1024,0.043558884
21,1056,0.043695986
21,1088,0.043544583
21,1120,0.043479424
21,1152,0.04342288
21,1184,0.04310645
21,1216,0.04317481
21,1248,0.043141913
21,1280,0.043042548
21,1312,0.04317985
21,1344,0.043125283
21,1376,0.043010604
21,1408,0.043012746
21,1440,0.043237913
21,1472,0.04310083
21,1504,0.04293089
21,1536,0.04298975
21,1568,0.042678706
21,1600,0.042945668
21,1632,0.04269958
21,1664,0.04301318
21,1696,0.04272345
21,1728,0.04268102
21,1760,0.042731058
21,1792,0.042667072
21,1824,0.042712923
21,1856,0.044583492
21,1888,0.04439262
21,1920,0.044333514
21,1952,0.044086367
21,1984,0.04397989
21,2016,0.04390215
21,2048,0.043741614
21,2080,0.043824553
21,2112,0.043798104
21,2144,0.04346016
21,2176,0.04369769
21,2208,0.04341657
21,2240,0.04347604
21,2272,0.04337719
21,2304,0.04347071
21,2336,0.043557942
21,2368,0.04359699
21,2400,0.04350691
21,2432,0.043231647
21,2464,0.04334318
21,2496,0.043241613
21,2528,0.043055154
21,2560,0.043337394
21,2592,0.04307783
21,2624,0.043010317
21,2656,0.043247122
21,2688,0.043192994
21,2720,0.042940848
21,2752,0.04303578
21,2784,0.04314889
21,2816,0.04309162
21,2848,0.043176312
21,2880,0.044309545
21,2912,0.044186696
21,2944,0.043884322
21,2976,0.044068806
21,3008,0.04386177
21,3040,0.04366285
21,3072,0.04379292
21,3104,0.043678783
21,3136,0.04350367
21,3168,0.04364215
21,3200,0.043489207
21,3232,0.04349523
21,3264,0.043415062
21,3296,0.043254253
21,3328,0.043480124
21,3360,0.04338192
21,3392,0.04329284
21,3424,0.043264963
21,3456,0.043120716
21,3488,0.043356456
21,3520,0.043111727
21,3552,0.043261494
21,3584,0.04308956
21,3616,0.042961795
21,3648,0.043119665
21,3680,0.04313953
21,3712,0.043186203
21,3744,0.0428345
21,3776,0.042934287
21,3808,0.04293483
21,3840,0.042816855
21,3872,0.04277506
21,3904,0.044267233
21,3936,0.044013284
21,3968,0.044084273
21,4000,0.043952927
21,4032,0.043889016
21,4064,0.043682776
21,4096,0.043678246
21,4128,0.043561336
21,4160,0.043339487
21,4192,0.043375857
21,4224,0.043421306
21,4256,0.043461826
21,4288,0.043113764
21,4320,0.04333047
21,4352,0.0432925
21,4384,0.04348209
21,4416,0.043318477
21,4448,0.042985085
21,4480,0.043075956
21,4512,0.042944554
21,4544,0.043016333
21,4576,0.042908672
21,4608,0.04290798
21,4640,0.042893976
21,4672,0.0430652
21,4704,0.04272863
21,4736,0.04299173
21,4768,0.042914513
21,4800,0.0429222
21,4832,0.042883642
21,4864,0.042865437
21,4896,0.04270074
21,4928,0.043999877
21,4960,0.04393833
21,4992,0.04387629
21,5024,0.04383114
21,5056,0.04354648
21,5088,0.043558136
21,5120,0.04342501
21,5152,0.043460816
21,5184,0.043368902
21,5216,0.043237492
21,5248,0.043421634
21,5280,0.043176778
21,5312,0.043139115
21,5344,0.043072067
21,5376,0.043162655
21,5408,0.042872753
21,5440,0.0429301
21,5472,0.042872194
21,5504,0.042796686
21,5536,0.043131907
21,5568,0.04294533
21,5600,0.042835176
21,5632,0.042803045
21,5664,0.04262449
21,5696,0.04282696
21,5728,0.04282546
21,5760,0.042833082
21,5792,0.04271321
21,5824,0.0427054
21,5856,0.042462822
21,5888,0.04265452
21,5920,0.042506527
21,5952,0.044371948
21,5984,0.04418257
21,6016,0.043990936
21,6048,0.043928828
21,6080,0.043893103
22,0,0.043678496
22,32,0.04372394
22,64,0.043690372
22,96,0.043619867
22,128,0.043530144
22,160,0.043696426
22,192,0.04357318
22,224,0.04341528
22,256,0.043523822
22,288,0.043509223
22,320,0.04347987
22,352,0.043349333
22,384,0.043170378
22,416,0.04338921
22,448,0.043137256
22,480,0.04327873
22,512,0.043181363
22,544,0.043211654
22,576,0.043109737
22,608,0.043181423
22,640,0.042965975
22,672,0.043201134
22,704,0.04307683
22,736,0.043237563
22,768,0.043194905
22,800,0.042971972
22,832,0.043197777
22,864,0.04418753
22,896,0.044417284
22,928,0.04422054
22,960,0.043958206
22,992,0.04394092
22,1024,0.04403069
22,1056,0.043716863
22,1088,0.0437915
22,1120,0.043537255
22,1152,0.0436283
22,1184,0.043430265
22,1216,0.04351369
22,1248,0.043352135
22,1280,0.043117452
22,1312,0.043251418
22,1344,0.043357484
22,1376,0.043478463
22,1408,0.043296367
22,1440,0.043216854
22,1472,0.04315476
22,1504,0.043219626
22,1536,0.043140054
22,1568,0.042954475
22,1600,0.04300893
22,1632,0.042954553
22,1664,0.04292571
22,1696,0.042977832
22,1728,0.042977497
22,1760,0.042918585
22,1792,0.04284558
22,1824,0.04289796
22,1856,0.042985767
22,1888,0.04370598
22,1920,0.044105224
22,1952,0.043767557
22,1984,0.043933928
22,2016,0.04375181
22,2048,0.04361998
22,2080,0.04358649
22,2112,0.043696813
22,2144,0.043470692
22,2176,0.043607995
22,2208,0.04333439
22,2240,0.04320169
22,2272,0.043376632
22,2304,0.043283384
22,2336,0.04325329
22,2368,0.043101843
22,2400,0.043001015
22,2432,0.043213807
22,2464,0.043217022
22,2496,0.043130144
22,2528,0.043051183
22,2560,0.04296663
22,2592,0.042978685
22,2624,0.04293682
22,2656,0.042726938
22,2688,0.043214817
22,2720,0.042834703
22,2752,0.042830657
22,2784,0.04277224
22,2816,0.042819373
22,2848,0.043025967
22,2880,0.042855594
22,2912,0.04377509
22,2944,0.043983847
22,2976,0.044046037
22,3008,0.043886863
22,3040,0.04362908
22,3072,0.043604486
22,3104,0.043404505
22,3136,0.043644242
22,3168,0.043498836
22,3200,0.04349936
22,3232,0.043324366
22,3264,0.043250695
22,3296,0.043286465
22,3328,0.042938836
22,3360,0.043264147
22,3392,0.043343276
22,3424,0.043096628
22,3456,0.043018896
22,3488,0.043113742
22,3520,0.042973876
22,3552,0.04287098
22,3584,0.042937614
22,3616,0.043043014
22,3648,0.042936973
22,3680,0.042862132
22,3712,0.042856682
22,3744,0.042730596
22,3776,0.04286897
22,3808,0.042803086
22,3840,0.04277141
22,3872,0.04266475
22,3904,0.042633116
22,3936,0.043905046
22,3968,0.044305503
22,4000,0.04394991
22,4032,0.04390767
22,4064,0.043621037
22,4096,0.043572042
22,4128,0.043411735
22,4160,0.043400735
22,4192,0.043483935
22,4224,0.043331522
22,4256,0.04330999
22,4288,0.043386374
22,4320,0.043084357
22,4352,0.043198965
22,4384,0.043145224
22,4416,0.043327827
22,4448,0.043307338
22,4480,0.042840566
22,4512,0.04298988
22,4544,0.04302982
22,4576,0.042929187
22,4608,0.04304911
22,4640,0.04285643
22,4672,0.04293112
22,4704,0.042882632
22,4736,0.04311919
22,4768,0.042730864
22,4800,0.042838767
22,4832,0.042628236
22,4864,0.042860515
22,4896,0.04272973
22,4928,0.042678095
22,4960,0.04417922
22,4992,0.04442373
22,5024,0.044181604
22,5056,0.043927014
22,5088,0.044049725
22,5120,0.04404902
22,5152,0.04394687
22,5184,0.04387182
22,5216,0.043721903
22,5248,0.04383692
22,5280,0.043552075
22,5312,0.043672558
22,5344,0.0434897
22,5376,0.04354058
22,5408,0.043362476
22,5440,0.043455947
22,5472,0.043470144
22,5504,0.043293275
22,5536,0.043329667
22,5568,0.043373678
22,5600,0.043055043
22,5632,0.043237414
22,5664,0.04314716
22,5696,0.043090925
22,5728,0.04308685
22,5760,0.04319557
22,5792,0.04284716
22,5824,0.042903833
22,5856,0.043058343
22,5888,0.042956315
22,5920,0.043038588
22,5952,0.043130517
22,5984,0.04409398
22,6016,0.04433984
22,6048,0.04410236
22,6080,0.043991268
23,0,0.043817196
23,32,0.043973792
23,64,0.043857466
23,96,0.04365057
23,128,0.04378403
23,160,0.043551307
23,192,0.04347779
23,224,0.043611407
23,256,0.043467004
23,288,0.043465786
23,320,0.04347759
23,352,0.043365046
23,384,0.04324489
23,416,0.04329715
23,448,0.043088984
23,480,0.043143373
23,512,0.043146264
23,544,0.043134045
23,576,0.043044876
23,608,0.04317268
23,640,0.042978574
23,672,0.04306424
23,704,0.042970315
23,736,0.043000843
23,768,0.042867903
23,800,0.04287879
23,832,0.042950373
23,864,0.042920522
23,896,0.04361433
23,928,0.044192478
23,960,0.043935
23,992,0.043759026
23,1024,0.043661747
23,1056,0.0436518
23,1088,0.043492578
23,1120,0.04347016
23,1152,0.04361964
23,1184,0.043411773
23,1216,0.04334662
23,1248,0.043253366
23,1280,0.04333931
23,1312,0.043341327
23,1344,0.043105174
23,1376,0.043345578
23,1408,0.04313805
23,1440,0.04308153
23,1472,0.043073904
23,1504,0.043058135
23,1536,0.042933047
23,1568,0.042926684
23,1600,0.043015506
23,1632,0.04286393
23,1664,0.043090068
23,1696,0.04286668
23,1728,0.042834844
23,1760,0.042971615
23,1792,0.042837773
23,1824,0.0428802
23,1856,0.0429136
23,1888,0.042610604
23,1920,0.043551743
23,1952,0.044104826
23,1984,0.04391222
23,2016,0.043842647
23,2048,0.043753386
23,2080,0.04362757
23,2112,0.043496896
23,2144,0.043282248
23,2176,0.043386552
23,2208,0.04344962
23,2240,0.04322357
23,2272,0.04316277
23,2304,0.043202356
23,2336,0.043108765
23,2368,0.0431716
23,2400,0.042780824
23,2432,0.0432503
23,2464,0.04320843
23,2496,0.043010715
23,2528,0.043084327
23,2560,0.04295776
23,2592,0.042936165
23,2624,0.04295899
23,2656,0.04285016
23,2688,0.04281349
23,2720,0.042900566
23,2752,0.042781036
23,2784,0.04279322
23,2816,0.042849805
23,2848,0.042796634
23,2880,0.04283059
23,2912,0.042495973
23,2944,0.043348573
23,2976,0.044196334
23,3008,0.0441833
23,3040,0.043819774
23,3072,0.04387325
23,3104,0.04346738
23,3136,0.04367797
23,3168,0.04362391
23,3200,0.043260716
23,3232,0.043383267
23,3264,0.043380253
23,3296,0.043402407
23,3328,0.04317886
23,3360,0.04323411
23,3392,0.04342171
23,3424,0.04325715
23,3456,0.04314797
23,3488,0.04305047
23,3520,0.043194693
23,3552,0.043006316
23,3584,0.043039493
23,3616,0.04293053
23,3648,0.043095693
23,3680,0.043092884
23,3712,0.042917967
23,3744,0.042780653
23,3776,0.04280924
23,3808,0.04275524
23,3840,0.042930607
23,3872,0.042941175
23,3904,0.042909328
23,3936,0.0428978
23,3968,0.043572772
23,4000,0.044261776
23,4032,0.043968774
23,4064,0.044056322
23,4096,0.04400746
23,4128,0.043824185
23,4160,0.043768574
23,4192,0.043891083
23,4224,0.0436782
23,4256,0.043721706
23,4288,0.04351765
23,4320,0.043594047
23,4352,0.043316934
23,4384,0.04342632
23,4416,0.04320741
23,4448,0.043235388
23,4480,0.043531884
23,4512,0.04326925
23,4544,0.04312071
23,4576,0.043260865
23,4608,0.043337703
23,4640,0.043293823
23,4672,0.043122943
23,4704,0.043280754
23,4736,0.04323346
23,4768,0.043158557
23,4800,0.04299327
23,4832,0.043003596
23,4864,0.043012455
23,4896,0.042877804
23,4928,0.042939704
23,4960,0.042971596
23,4992,0.04369277
23,5024,0.044311155
23,5056,0.04396063
23,5088,0.043959066
23,5120,0.043899283
23,5152,0.04384105
23,5184,0.04368679
23,5216,0.04358942
23,5248,0.04357791
23,5280,0.0434201
23,5312,0.043572467
23,5344,0.04350532
23,5376,0.043267243
23,5408,0.043338086
23,5440,0.043050487
23,5472,0.043188114
23,5504,0.043143928
23,5536,0.043244645
23,5568,0.043182492
23,5600,0.043191385
23,5632,0.04334706
23,5664,0.042997647
23,5696,0.043018546
23,5728,0.043211527
23,5760,0.043110874
23,5792,0.042989958
23,5824,0.04317187
23,5856,0.042710576
23,5888,0.04284851
23,5920,0.042868886
23,5952,0.042958375
23,5984,0.04300058
23,6016,0.043700825
23,6048,0.044048443
23,6080,0.04380732
24,0,0.043810595
24,32,0.043591633
24,64,0.043609597
24,96,0.04359133
24,128,0.043522254
24,160,0.04346027
24,192,0.04321079
24,224,0.043407436
24,256,0.043402977
24,288,0.04333382
24,320,0.04313565
24,352,0.043041963
24,384,0.043114785
24,416,0.043156944
24,448,0.04314417
24,480,0.042872153
24,512,0.043091904
24,544,0.043029748
24,576,0.042994373
24,608,0.04291213
24,640,0.04301567
24,672,0.042881947
24,704,0.043136906
24,736,0.043022018
24,768,0.04302752
24,800,0.04297972
24,832,0.043129943
24,864,0.042659122
24,896,0.04268579
24,928,0.04305334
24,960,0.044023655
24,992,0.04405474
24,1024,0.043772444
24,1056,0.0436318
24,1088,0.043555576
24,1120,0.04363429
24,1152,0.04349477
24,1184,0.043209434
24,1216,0.043403804
24,1248,0.043224167
24,1280,0.043479457
24,1312,0.043307632
24,1344,0.043129038
24,1376,0.043216527
24,1408,0.043149475
24,1440,0.04320247
24,1472,0.043033272
24,1504,0.042871665
24,1536,0.0431117
24,1568,0.042941052
24,1600,0.0429716
24,1632,0.042771965
24,1664,0.04290608
24,1696,0.042912096
24,1728,0.042862535
24,1760,0.042663734
24,1792,0.04281478
24,1824,0.042810954
24,1856,0.04293573
24,1888,0.042810857
24,1920,0.042681325
24,1952,0.04318834
24,1984,0.04440283
24,2016,0.04427527
24,2048,0.044051435
24,2080,0.04400116
24,2112,0.043962054
24,2144,0.044015147
24,2176,0.043732587
24,2208,0.043651193
24,2240,0.04369517
24,2272,0.04353968
24,2304,0.043315545
24,2336,0.043395966
24,2368,0.04345
24,2400,0.043490224
24,2432,0.043459993
24,2464,0.043383803
24,2496,0.043349173
24,2528,0.0432672
24,2560,0.04321492
24,2592,0.043180626
24,2624,0.043175135
24,2656,0.043226216
24,2688,0.043128137
24,2720,0.04319438
24,2752,0.04307419
24,2784,0.043190535
24,2816,0.04290944
24,2848,0.043089952
24,2880,0.043058705
24,2912,0.042956024
24,2944,0.043017518
24,2976,0.043436166
24,3008,0.044239186
24,3040,0.044024993
24,3072,0.04392818
24,3104,0.044003043
24,3136,0.043797698
24,3168,0.043694608
24,3200,0.043628085
24,3232,0.043664552
24,3264,0.043474305
24,3296,0.043456458
24,3328,0.043651383
24,3360,0.043507844
24,3392,0.043495156
24,3424,0.043374415
24,3456,0.043141652
24,3488,0.043225124
24,3520,0.043096118
24,3552,0.043263443
24,3584,0.043242496
24,3616,0.043135185
24,3648,0.043201588
24,3680,0.04316003
24,3712,0.043175586
24,3744,0.04294626
24,3776,0.043098893
24,3808,0.042957935
24,3840,0.043052413
24,3872,0.04292878
24,3904,0.04307027
24,3936,0.04298698
24,3968,0.042985316
24,4000,0.043190792
24,4032,0.043995354
24,4064,0.04384616
24,4096,0.043801416
24,4128,0.043673396
24,4160,0.043683175
24,4192,0.04363609
24,4224,0.043588966
24,4256,0.04341938
24,4288,0.043298203
24,4320,0.043195684
24,4352,0.043237347
24,4384,0.04322422
24,4416,0.04311149
24,4448,0.043296974
24,4480,0.043118164
24,4512,0.043251343
24,4544,0.043150265
24,4576,0.043078702
24,4608,0.043128017
24,4640,0.043058056
24,4672,0.043042738
24,4704,0.042752042
24,4736,0.04274053
24,4768,0.043000765
24,4800,0.042946074
24,4832,0.042870957
24,4864,0.04282111
24,4896,0.0428243
24,4928,0.042720083
24,4960,0.042670626
24,4992,0.04264543
24,5024,0.043352805
24,5056,0.044050746
24,5088,0.044102367
24,5120,0.04415397
24,5152,0.043713458
24,5184,0.043687873
24,5216,0.043572586
24,5248,0.043629173
24,5280,0.043595873
24,5312,0.04338046
24,5344,0.043433405
24,5376,0.043395124
24,5408,0.043333594
24,5440,0.043365948
24,5472,0.043217488
24,5504,0.043198198
24,5536,0.043112826
24,5568,0.04303398
24,5600,0.04310628
24,5632,0.042998638
24,5664,0.04290381
24,5696,0.043030336
24,5728,0.042972762
24,5760,0.042864416
24,5792,0.042811498
24,5824,0.04301541
24,5856,0.04288404
24,5888,0.042727254
24,5920,0.042941142
24,5952,0.04283512
24,5984,0.042780746
24,6016,0.04274598
24,6048,0.043303408
24,6080,0.043899067
25,0,0.043830395
25,32,0.043732043
25,64,0.04382294
25,96,0.043617617
25,128,0.04356218
25,160,0.043736026
25,192,0.043664984
25,224,0.04354411
25,256,0.043394994
25,288,0.04319094
25,320,0.043234166
25,352,0.04334229
25,384,0.04335683
25,416,0.043154616
25,448,0.043157812
25,480,0.043308496
25,512,0.042955026
25,544,0.042925466
25,576,0.04312314
25,608,0.043135043
25,640,0.04310666
25,672,0.042916387
25,704,0.042729583
25,736,0.042878717
25,768,0.042952433
25,800,0.04271918
25,832,0.042681724
25,864,0.042906813
25,896,0.04286062
25,928,0.042806122
25,960,0.042754278
25,992,0.04429384
25,1024,0.04386198
25,1056,0.044022404
25,1088,0.043704208
25,1120,0.04375249
25,1152,0.04380699
25,1184,0.043640725
25,1216,0.043646432
25,1248,0.043526515
25,1280,0.04346613
25,1312,0.043650888
25,1344,0.043433964
25,1376,0.043622103
25,1408,0.043304663
25,1440,0.043352973
25,1472,0.043218706
25,1504,0.043126572
25,1536,0.043014586
25,1568,0.043304734
25,1600,0.043310206
25,1632,0.043181743
25,1664,0.043418963
25,1696,0.043190815
25,1728,0.0432491
25,1760,0.042881437
25,1792,0.04306858
25,1824,0.043167282
25,1856,0.042963907
25,1888,0.043062113
25,1920,0.04299418
25,1952,0.042996865
25,1984,0.042944904
25,2016,0.044290874
25,2048,0.04399138
25,2080,0.043668486
25,2112,0.043780357
25,2144,0.043794297
25,2176,0.043785915
25,2208,0.043687683
25,2240,0.043619853
25,2272,0.043524645
25,2304,0.043376908
25,2336,0.043389916
25,2368,0.043417946
25,2400,0.04337717
25,2432,0.043266907
25,2464,0.043358605
25,2496,0.043226313
25,2528,0.043152668
25,2560,0.043177303
25,2592,0.043071512
25,2624,0.043177813
25,2656,0.043253962
25,2688,0.043266352
25,2720,0.04308509
25,2752,0.043053243
25,2784,0.043088425
25,2816,0.04306141
25,2848,0.042937916
25,2880,0.042922862
25,2912,0.04302902
25,2944,0.04312425
25,2976,0.04296203
25,3008,0.04283458
25,3040,0.044092868
25,3072,0.043952327
25,3104,0.043726876
25,3136,0.043598067
25,3168,0.043695528
25,3200,0.04361251
25,3232,0.04352055
25,3264,0.043525904
25,3296,0.043390643
25,3328,0.043484
25,3360,0.04338766
25,3392,0.04337952
25,3424,0.043114595
25,3456,0.043175437
25,3488,0.04310629
25,3520,0.043258894
25,3552,0.043023713
25,3584,0.043053184
25,3616,0.04307581
25,3648,0.043083567
25,3680,0.043046314
25,3712,0.04322216
25,3744,0.042943284
25,3776,0.04310552
25,3808,0.04305356
25,3840,0.042946123
25,3872,0.04290326
25,3904,0.042923275
25,3936,0.04275454
25,3968,0.04293509
25,4000,0.04298237
25,4032,0.04273609
25,4064,0.04397784
25,4096,0.04371834
25,4128,0.043901168
25,4160,0.043554455
25,4192,0.043488957
25,4224,0.043281805
25,4256,0.04335764
25,4288,0.0432533
25,4320,0.04331205
25,4352,0.04310953
25,4384,0.043135677
25,4416,0.04316111
25,4448,0.04310783
25,4480,0.04292583
25,4512,0.0431496
25,4544,0.043003555
25,4576,0.043094177
25,4608,0.043003403
25,4640,0.042925786
25,4672,0.042869236
25,4704,0.0429602
25,4736,0.04302231
25,4768,0.04280107
25,4800,0.04277636
25,4832,0.042725917
25,4864,0.04274347
25,4896,0.042506326
25,4928,0.042672727
25,4960,0.0428587
25,4992,0.042569872
25,5024,0.04259485
25,5056,0.042748302
25,5088,0.04449975
25,5120,0.044377744
25,5152,0.044001736
25,5184,0.044032373
25,5216,0.04375834
25,5248,0.043759413
25,5280,0.04389248
25,5312,0.04369647
25,5344,0.043846063
25,5376,0.04354769
25,5408,0.043545913
25,5440,0.04349523
25,5472,0.04343985
25,5504,0.04352657
25,5536,0.043359797
25,5568,0.043330457
25,5600,0.04346762
25,5632,0.04342508
25,5664,0.04335166
25,5696,0.04316874
25,5728,0.04314546
25,5760,0.0432525
25,5792,0.043219376
25,5824,0.043320578
25,5856,0.043061707
25,5888,0.042953517
25,5920,0.043159295
25,5952,0.042985845
25,5984,0.043115728
25,6016,0.0430638
25,6048,0.0430587
25,6080,0.04308925
26,0,0.0442458
26,32,0.044038404
26,64,0.043920107
26,96,0.04377699
26,128,0.043847863
26,160,0.043660678
26,192,0.04371289
26,224,0.043586668
26,256,0.043558415
26,288,0.043416735
26,320,0.043376617
26,352,0.04356573
26,384,0.043327063
26,416,0.043381218
26,448,0.043512154
26,480,0.043326825
26,512,0.043335102
26,544,0.043141235
26,576,0.04322853
26,608,0.04340541
26,640,0.043018572
26,672,0.043004334
26,704,0.043121025
26,736,0.043084797
26,768,0.043154564
26,800,0.042949688
26,832,0.04321867
26,864,0.043031964
26,896,0.043027855
26,928,0.042914763
26,960,0.042914234
26,992,0.042798482
26,1024,0.04367731
26,1056,0.043978054
26,1088,0.043709688
26,1120,0.043827254
26,1152,0.04360657
26,1184,0.043651823
26,1216,0.043384276
26,1248,0.04340865
26,1280,0.043264337
26,1312,0.0433801
26,1344,0.04326155
26,1376,0.04328541
26,1408,0.043209337
26,1440,0.043169245
26,1472,0.043042697
26,1504,0.04317926
26,1536,0.04321097
26,1568,0.043151762
26,1600,0.043142688
26,1632,0.04311112
26,1664,0.043080434
26,1696,0.042950403
26,1728,0.04304239
26,1760,0.04294429
26,1792,0.042913754
26,1824,0.042873397
26,1856,0.042901903
26,1888,0.0429225
26,1920,0.042744827
26,1952,0.042820986
26,1984,0.042914666
26,2016,0.042722583
26,2048,0.043815404
26,2080,0.04404095
26,2112,0.043817315
26,2144,0.043812916
26,2176,0.04358539
26,2208,0.043450598
26,2240,0.04363443
26,2272,0.04341622
26,2304,0.04349679
26,2336,0.043453027
26,2368,0.043326527
26,2400,0.043214854
26,2432,0.043232758
26,2464,0.043069296
26,2496,0.043159805
26,2528,0.043129474
26,2560,0.043294113
26,2592,0.0431113
26,2624,0.04322924
26,2656,0.043010272
26,2688,0.04312578
26,2720,0.04319519
26,2752,0.04304216
26,2784,0.042947862
26,2816,0.043010335
26,2848,0.04292623
26,2880,0.042799618
26,2912,0.0428729
26,2944,0.043049857
26,2976,0.04277157
26,3008,0.042690232
26,3040,0.042718954
26,3072,0.043645836
26,3104,0.043913774
26,3136,0.043598168
26,3168,0.043422796
26,3200,0.04362611
26,3232,0.04351529
26,3264,0.04346614
26,3296,0.04337362
26,3328,0.043325484
26,3360,0.043278575
26,3392,0.043393087
26,3424,0.043187603
26,3456,0.0433606
26,3488,0.043233883
26,3520,0.042959288
26,3552,0.04307242
26,3584,0.043149088
26,3616,0.042976722
26,3648,0.04300049
26,3680,0.04295317
26,3712,0.042956155
26,3744,0.042996526
26,3776,0.04276913
26,3808,0.042764336
26,3840,0.042853076
26,3872,0.04271422
26,3904,0.042583637
26,3936,0.04286873
26,3968,0.04272008
26,4000,0.04263176
26,4032,0.042938244
26,4064,0.042879708
26,4096,0.04390966
26,4128,0.044059724
26,4160,0.043981247
26,4192,0.04391683
26,4224,0.043762695
26,4256,0.043667205
26,4288,0.043689113
26,4320,0.043645762
26,4352,0.043704294
26,4384,0.04340905
26,4416,0.04339748
26,4448,0.04374111
26,4480,0.043558728
26,4512,0.04344502
26,4544,0.043450855
26,4576,0.04352031
26,4608,0.0432408
26,4640,0.0433786
26,4672,0.043326456
26,4704,0.04317351
26,4736,0.043284707
26,4768,0.043268822
26,4800,0.043216057
26,4832,0.04312533
26,4864,0.043184455
26,4896,0.04323207
26,4928,0.043098
26,4960,0.043272525
26,4992,0.043078393
26,5024,0.043153215
26,5056,0.04316262
26,5088,0.0429586
26,5120,0.043854
26,5152,0.043711875
26,5184,0.043874253
26,5216,0.043799873
26,5248,0.04364237
26,5280,0.043568593
26,5312,0.043694478
26,5344,0.04362259
26,5376,0.043565843
26,5408,0.043585815
26,5440,0.043423735
26,5472,0.043547343
26,5504,0.043513227
26,5536,0.043384664
26,5568,0.043439254
26,5600,0.043364584
26,5632,0.04315707
26,5664,0.043191556
26,5696,0.04302426
26,5728,0.04335798
26,5760,0.043105613
26,5792,0.043199133
26,5824,0.04290155
26,5856,0.043127626
26,5888,0.043079264
26,5920,0.04291517
26,5952,0.04305808
26,5984,0.04307389
26,6016,0.042978805
26,6048,0.04298059
26,6080,0.043022458
27,0,0.04288815
27,32,0.0436337
27,64,0.043974064
27,96,0.04407302
27,128,0.043593857
27,160,0.043615658
27,192,0.04363005
27,224,0.04348899
27,256,0.04381291
27,288,0.04338666
27,320,0.043411165
27,352,0.04329917
27,384,0.043570217
27,416,0.04314745
27,448,0.04328675
27,480,0.043375403
27,512,0.043284625
27,544,0.04312831
27,576,0.04315588
27,608,0.043155402
27,640,0.042980414
27,672,0.043058805
27,704,0.04288323
27,736,0.043107606
27,768,0.043005258
27,800,0.043084778
27,832,0.042768724
27,864,0.04282663
27,896,0.042868786
27,928,0.04305871
27,960,0.042913903
27,992,0.04277075
27,1024,0.042971063
27,1056,0.043428667
27,1088,0.043698415
27,1120,0.043555647
27,1152,0.043674167
27,1184,0.04357747
27,1216,0.043420866
27,1248,0.04342611
27,1280,0.04326204
27,1312,0.0433178
27,1344,0.043343507
27,1376,0.043481246
27,1408,0.04328113
27,1440,0.04305783
27,1472,0.043171838
27,1504,0.043004967
27,1536,0.042923033
27,1568,0.04308135
27,1600,0.043034706
27,1632,0.04297105
27,1664,0.042904656
27,1696,0.042815283
27,1728,0.04275917
27,1760,0.04310384
27,1792,0.043035157
27,1824,0.04292145
27,1856,0.042987794
27,1888,0.042799037
27,1920,0.04269543
27,1952,0.042852208
27,1984,0.04288643
27,2016,0.042812124
27,2048,0.042695723
27,2080,0.04334683
27,2112,0.043883223
27,2144,0.043890912
27,2176,0.04376419
27,2208,0.043741167
27,2240,0.04383831
27,2272,0.043582685
27,2304,0.043627992
27,2336,0.04344639
27,2368,0.043719497
27,2400,0.043306373
27,2432,0.043360934
27,2464,0.043324787
27,2496,0.043406617
27,2528,0.043457456
27,2560,0.04324581
27,2592,0.043331515
27,2624,0.043148566
27,2656,0.043351367
27,2688,0.043232117
27,2720,0.043054726
27,2752,0.043133322
27,2784,0.043219533
27,2816,0.042994663
27,2848,0.0430716
27,2880,0.042985294
27,2912,0.043001533
27,2944,0.043081217
27,2976,0.042939756
27,3008,0.043100037
27,3040,0.04297564
27,3072,0.042916317
27,3104,0.04363504
27,3136,0.043994203
27,3168,0.043998975
27,3200,0.043980855
27,3232,0.043868374
27,3264,0.043890454
27,3296,0.04368954
27,3328,0.043588303
27,3360,0.043651134
27,3392,0.043548927
27,3424,0.043508843
27,3456,0.04320925
27,3488,0.043359462
27,3520,0.043322798
27,3552,0.04357356
27,3584,0.043237396
27,3616,0.043181792
27,3648,0.043198608
27,3680,0.043308686
27,3712,0.04333792
27,3744,0.043225203
27,3776,0.04335075
27,3808,0.043114666
27,3840,0.043187298
27,3872,0.043062128
27,3904,0.043252606
27,3936,0.043203916
27,3968,0.0430771
27,4000,0.043256
27,4032,0.042942666
27,4064,0.04320894
27,4096,0.04314913
27,4128,0.043500263
27,4160,0.04394128
27,4192,0.04381078
27,4224,0.043548044
27,4256,0.04348538
27,4288,0.043634664
27,4320,0.043462835
27,4352,0.04347169
27,4384,0.04357952
27,4416,0.04341328
27,4448,0.04326345
27,4480,0.043376513
27,4512,0.043147713
27,4544,0.043077663
27,4576,0.043109402
27,4608,0.04322511
27,4640,0.043039374
27,4672,0.043142978
27,4704,0.04303984
27,4736,0.04329392
27,4768,0.043003224
27,4800,0.042939615
27,4832,0.04298845
27,4864,0.04297636
27,4896,0.043052547
27,4928,0.042893857
27,4960,0.042855687
27,4992,0.04292023
27,5024,0.04317129
27,5056,0.042919874
27,5088,0.042988256
27,5120,0.042889968
27,5152,0.04318761
27,5184,0.043806072
27,5216,0.043736666
27,5248,0.043490786
27,5280,0.043526854
27,5312,0.043431338
27,5344,0.043407086
27,5376,0.04322544
27,5408,0.043318484
27,5440,0.043275256
27,5472,0.04317929
27,5504,0.043092
27,5536,0.043303907
27,5568,0.04312142
27,5600,0.043132335
27,5632,0.043042697
27,5664,0.043158017
27,5696,0.04310461
27,5728,0.043073382
27,5760,0.043060105
27,5792,0.04309298
27,5824,0.042884063
27,5856,0.042788897
27,5888,0.042745978
27,5920,0.042911075
27,5952,0.042793468
27,5984,0.04286636
27,6016,0.04285992
27,6048,0.04302703
27,6080,0.0427536
28,0,0.042913947
28,32,0.042671964
28,64,0.043168094
28,96,0.043898214
28,128,0.04377343
28,160,0.043735027
28,192,0.04358212
28,224,0.043651268
28,256,0.043547753
28,288,0.043529917
28,320,0.043581486
28,352,0.043431398
28,384,0.043434888
28,416,0.043255564
28,448,0.043262303
28,480,0.04337792
28,512,0.04305762
28,544,0.043043748
28,576,0.043129463
28,608,0.043211874
28,640,0.043136403
28,672,0.043232754
28,704,0.043128833
28,736,0.043259904
28,768,0.04304259
28,800,0.043080762
28,832,0.042907767
28,864,0.043166555
28,896,0.043047138
28,928,0.04308222
28,960,0.042977244
28,992,0.042956177
28,1024,0.04292627
28,1056,0.042809993
28,1088,0.04313404
28,1120,0.04418069
28,1152,0.044084605
28,1184,0.04385347
28,1216,0.04386864
28,1248,0.04392538
28,1280,0.04372885
28,1312,0.043729547
28,1344,0.04355639
28,1376,0.04358774
28,1408,0.043642603
28,1440,0.043594476
28,1472,0.043653496
28,1504,0.043469977
28,1536,0.04336393
28,1568,0.043451395
28,1600,0.043370545
28,1632,0.043212485
28,1664,0.043412548
28,1696,0.043290224
28,1728,0.043258145
28,1760,0.0433293
28,1792,0.043098886
28,1824,0.043117933
28,1856,0.0431129
28,1888,0.043071892
28,1920,0.04312186
28,1952,0.043011453
28,1984,0.04318927
28,2016,0.043157328
28,2048,0.043170787
28,2080,0.043050654
28,2112,0.043412186
28,2144,0.044072267
28,2176,0.043723337
28,2208,0.04376018
28,2240,0.043690905
28,2272,0.043481786
28,2304,0.04360226
28,2336,0.043582376
28,2368,0.04354558
28,2400,0.0434717
28,2432,0.043422777
28,2464,0.04346211
28,2496,0.043290593
28,2528,0.04343283
28,2560,0.043207813
28,2592,0.04327766
28,2624,0.04332643
28,2656,0.04330136
28,2688,0.043147597
28,2720,0.04325551
28,2752,0.04308358
28,2784,0.04318633
28,2816,0.04320932
28,2848,0.04312603
28,2880,0.043037556
28,2912,0.042982265
28,2944,0.04298286
28,2976,0.04314729
28,3008,0.043092616
28,3040,0.04290466
28,3072,0.04292523
28,3104,0.042842392
28,3136,0.043286078
28,3168,0.04381811
28,3200,0.04375629
28,3232,0.04362991
28,3264,0.043593634
28,3296,0.04361503
28,3328,0.04348122
28,3360,0.04352237
28,3392,0.04336388
28,3424,0.043441534
28,3456,0.043342944
28,3488,0.04326315
28,3520,0.043253608
28,3552,0.04311731
28,3584,0.043188524
28,3616,0.043025833
28,3648,0.04307368
28,3680,0.043059487
28,3712,0.043079432
28,3744,0.04306871
28,3776,0.043204114
28,3808,0.04306235
28,3840,0.042942397
28,3872,0.042977057
28,3904,0.042946696
28,3936,0.043002516
28,3968,0.042837214
28,4000,0.04285879
28,4032,0.042858228
28,4064,0.042729307
28,4096,0.042789765
28,4128,0.042826656
28,4160,0.042957097
28,4192,0.043731738
28,4224,0.043562174
28,4256,0.04345615
28,4288,0.043574747
28,4320,0.04334224
28,4352,0.043333057
28,4384,0.043438885
28,4416,0.04331734
28,4448,0.043311827
28,4480,0.04313982
28,4512,0.043221556
28,4544,0.04316482
28,4576,0.0431948
28,4608,0.043230392
28,4640,0.043175317
28,4672,0.043024372
28,4704,0.04302769
28,4736,0.042922243
28,4768,0.042938467
28,4800,0.04309089
28,4832,0.04295664
28,4864,0.043127846
28,4896,0.04290516
28,4928,0.042976435
28,4960,0.042895403
28,4992,0.04283548
28,5024,0.042876158
28,5056,0.04288069
28,5088,0.042807847
28,5120,0.04289459
28,5152,0.042750966
28,5184,0.04314272
28,5216,0.043904204
28,5248,0.04377493
28,5280,0.04359549
28,5312,0.043694932
28,5344,0.043535996
28,5376,0.043518
28,5408,0.04341704
28,5440,0.04347774
28,5472,0.04342127
28,5504,0.043482803
28,5536,0.043386064
28,5568,0.043440636
28,5600,0.04343255
28,5632,0.043108184
28,5664,0.043037564
28,5696,0.043091558
28,5728,0.043027785
28,5760,0.043201324
28,5792,0.04307465
28,5824,0.043083057
28,5856,0.043112878
28,5888,0.043067798
28,5920,0.042917512
28,5952,0.0431145
28,5984,0.043107163
28,6016,0.0430411
28,6048,0.04292591
28,6080,0.04297704
29,0,0.04286052
29,32,0.04279113
29,64,0.042922117
29,96,0.043030076
29,128,0.044066243
29,160,0.043766364
29,192,0.04379655
29,224,0.04380498
29,256,0.04380462
29,288,0.043832675
29,320,0.043501843
29,352,0.043518633
29,384,0.043583576
29,416,0.043580342
29,448,0.043348607
29,480,0.043493338
29,512,0.04321233
29,544,0.0433677
29,576,0.04333836
29,608,0.043531016
29,640,0.043389168
29,672,0.04338602
29,704,0.04351814
29,736,0.04316368
29,768,0.043390382
29,800,0.04314905
29,832,0.043168943
29,864,0.043118056
29,896,0.043230366
29,928,0.043250848
29,960,0.04313843
29,992,0.043188754
29,1024,0.043140143
29,1056,0.043192647
29,1088,0.04308495
29,1120,0.04297594
29,1152,0.04395171
29,1184,0.04395779
29,1216,0.043610897
29,1248,0.043780163
29,1280,0.043472774
29,1312,0.043660183
29,1344,0.043728072
29,1376,0.043523267
29,1408,0.043392725
29,1440,0.0433224
29,1472,0.043601774
29,1504,0.043507222
29,1536,0.04331266
29,1568,0.043372177
29,1600,0.04343382
29,1632,0.043266755
29,1664,0.043297794
29,1696,0.043326057
29,1728,0.043165967
29,1760,0.04320428
29,1792,0.043022547
29,1824,0.043189604
29,1856,0.043118395
29,1888,0.043073278
29,1920,0.043135624
29,1952,0.04300203
29,1984,0.043197446
29,2016,0.043240517
29,2048,0.0430444
29,2080,0.0431391
29,2112,0.04307236
29,2144,0.043204878
29,2176,0.043560084
29,2208,0.043380164
29,2240,0.043371916
29,2272,0.043363333
29,2304,0.043494806
29,2336,0.043317985
29,2368,0.043281104
29,2400,0.043158215
29,2432,0.04324548
29,2464,0.04339211
29,2496,0.04309436
29,2528,0.043452274
29,2560,0.043232765
29,2592,0.043210432
29,2624,0.04288032
29,2656,0.04292611
29,2688,0.043237966
29,2720,0.0432702
29,2752,0.042991664
29,2784,0.042971816
29,2816,0.042737883
29,2848,0.042845808
29,2880,0.04318758
29,2912,0.042783376
29,2944,0.04303603
29,2976,0.042896442
29,3008,0.042950347
29,3040,0.042894226
29,3072,0.043028556
29,3104,0.04304444
29,3136,0.042828258
29,3168,0.042863727
29,3200,0.043680258
29,3232,0.043742895
29,3264,0.043551777
29,3296,0.043544974
29,3328,0.0433512
29,3360,0.04345525
29,3392,0.04356207
29,3424,0.04330251
29,3456,0.043370314
29,3488,0.043151885
29,3520,0.043222617
29,3552,0.0431253
29,3584,0.042938307
29,3616,0.043275934
29,3648,0.042983666
29,3680,0.04308853
29,3712,0.04306004
29,3744,0.042961206
29,3776,0.042964585
29,3808,0.042876776
29,3840,0.04290638
29,3872,0.04273321
29,3904,0.04301423
29,3936,0.042892873
29,3968,0.042821135
29,4000,0.04303475
29,4032,0.042656478
29,4064,0.042731658
29,4096,0.042818896
29,4128,0.042945027
29,4160,0.042944234
29,4192,0.042883657
29,4224,0.044129614
29,4256,0.043855198
29,4288,0.0439109
29,4320,0.043555487
29,4352,0.04365821
29,4384,0.043602757
29,4416,0.043710306
29,4448,0.043689962
29,4480,0.043485448
29,4512,0.043463305
29,4544,0.043533355
29,4576,0.043381177
29,4608,0.043444417
29,4640,0.043427654
29,4672,0.04331354
29,4704,0.043264166
29,4736,0.043130785
29,4768,0.043240607
29,4800,0.043302953
29,4832,0.043472167
29,4864,0.043225866
29,4896,0.043285906
29,4928,0.043360002
29,4960,0.04334089
29,4992,0.0432017
29,5024,0.04309284
29,5056,0.04302175
29,5088,0.042990975
29,5120,0.043197215
29,5152,0.043093055
29,5184,0.04310227
29,5216,0.04294402
29,5248,0.043827232
29,5280,0.043867745
29,5312,0.043848813
29,5344,0.043659564
29,5376,0.043792184
29,5408,0.043596737
29,5440,0.043608453
29,5472,0.04357298
29,5504,0.04360224
29,5536,0.043544345
29,5568,0.04366966
29,5600,0.04343418
29,5632,0.043417893
29,5664,0.043471456
29,5696,0.04339948
29,5728,0.04330326
29,5760,0.043364674
29,5792,0.043192375
29,5824,0.043220893
29,5856,0.043136347
29,5888,0.04323626
29,5920,0.043145224
29,5952,0.043347076
29,5984,0.043137413
29,6016,0.043116048
29,6048,0.042983178
29,6080,0.042994842
30,0,0.043195378
30,32,0.043088052
30,64,0.042954694
30,96,0.042950734
30,128,0.04282561
30,160,0.04358175
30,192,0.043733153
30,224,0.04349374
30,256,0.04344959
30,288,0.043501254
30,320,0.043481298
30,352,0.043380935
30,384,0.043290485
30,416,0.043309495
30,448,0.04321226
30,480,0.043381892
30,512,0.043300387
30,544,0.04327667
30,576,0.043243095
30,608,0.043269694
30,640,0.043152474
30,672,0.043247525
30,704,0.043061867
30,736,0.043169055
30,768,0.043185275
30,800,0.043028712
30,832,0.0431697
30,864,0.04285412
30,896,0.043074865
30,928,0.042990424
30,960,0.042859547
30,992,0.042845808
30,1024,0.042899467
30,1056,0.04275929
30,1088,0.04301353
30,1120,0.04293632
30,1152,0.04281654
30,1184,0.043344043
30,1216,0.04371843
30,1248,0.04351665
30,1280,0.043569554
30,1312,0.043467246
30,1344,0.043521117
30,1376,0.043399
30,1408,0.043445043
30,1440,0.043417204
30,1472,0.043326356
30,1504,0.043318268
30,1536,0.043255124
30,1568,0.043254904
30,1600,0.043192342
30,1632,0.04302263
30,1664,0.04311803
30,1696,0.043119796
30,1728,0.04308638
30,1760,0.043110453
30,1792,0.043160148
30,1824,0.04283133
30,1856,0.043058153
30,1888,0.04296306
30,1920,0.04302618
30,1952,0.042875446
30,1984,0.0429075
30,2016,0.04290908
30,2048,0.04287586
30,2080,0.04289616
30,2112,0.042911414
30,2144,0.042888697
30,2176,0.042722553
30,2208,0.043667313
30,2240,0.04356837
30,2272,0.04355396
30,2304,0.043520648
30,2336,0.04353624
30,2368,0.043436076
30,2400,0.0433482
30,2432,0.043323074
30,2464,0.043325312
30,2496,0.04341766
30,2528,0.04324255
30,2560,0.043210577
30,2592,0.0431765
30,2624,0.043190643
30,2656,0.043210775
30,2688,0.043020986
30,2720,0.043056432
30,2752,0.043149218
30,2784,0.043340363
30,2816,0.04309909
30,2848,0.04305427
30,2880,0.043090656
30,2912,0.042974357
30,2944,0.043096878
30,2976,0.0432224
30,3008,0.042996187
30,3040,0.04307376
30,3072,0.04294862
30,3104,0.042965893
30,3136,0.042844705
30,3168,0.043053687
30,3200,0.042857673
30,3232,0.04364929
30,3264,0.043809373
30,3296,0.04354786
30,3328,0.04372317
30,3360,0.04355105
30,3392,0.043668415
30,3424,0.04358396
30,3456,0.043512132
30,3488,0.04331027
30,3520,0.043491688
30,3552,0.043441057
30,3584,0.04348396
30,3616,0.04334146
30,3648,0.043382287
30,3680,0.043427613
30,3712,0.04330256
30,3744,0.043298468
30,3776,0.043208368
30,3808,0.043316618
30,3840,0.043253556
30,3872,0.043220453
30,3904,0.04309929
30,3936,0.043087207
30,3968,0.043262813
30,4000,0.043093536
30,4032,0.04317036
30,4064,0.043195795
30,4096,0.043145955
30,4128,0.043011904
30,4160,0.043250237
30,4192,0.042956665
30,4224,0.043117225
30,4256,0.043588787
30,4288,0.04380649
30,4320,0.043871038
30,4352,0.043656718
30,4384,0.04366129
30,4416,0.043768663
30,4448,0.043495964
30,4480,0.043561038
30,4512,0.04367593
30,4544,0.043538835
30,4576,0.043425813
30,4608,0.043296117
30,4640,0.043359958
30,4672,0.04332301
30,4704,0.04316834
30,4736,0.04356459
30,4768,0.043317806
30,4800,0.043084797
30,4832,0.043327626
30,4864,0.043130912
30,4896,0.043146085
30,4928,0.043240115
30,4960,0.04326894
30,4992,0.043092173
30,5024,0.043294113
30,5056,0.043199163
30,5088,0.043089055
30,5120,0.04304618
30,5152,0.043027412
30,5184,0.04319381
30,5216,0.043062445
30,5248,0.043091774
30,5280,0.04361894
30,5312,0.043705832
30,5344,0.043647315
30,5376,0.043393955
30,5408,0.04342355
30,5440,0.043319054
30,5472,0.04349305
30,5504,0.043301582
30,5536,0.04331436
30,5568,0.043156937
30,5600,0.043383166
30,5632,0.042991303
30,5664,0.0432665
30,5696,0.04307614
30,5728,0.043348882
30,5760,0.043202292
30,5792,0.04308674
30,5824,0.043017678
30,5856,0.04311879
30,5888,0.04304377
30,5920,0.0430623
30,5952,0.043289736
30,5984,0.04304151
30,6016,0.042911995
30,6048,0.042830642
30,6080,0.042936806
31,0,0.042908993
31,32,0.042939346
31,64,0.043081593
31,96,0.04291143
31,128,0.04280554
31,160,0.04298339
31,192,0.043180585
31,224,0.043652665
31,256,0.043390445
31,288,0.04332846
31,320,0.043392196
31,352,0.043342825
31,384,0.043283805
31,416,0.04338607
31,448,0.043310523
31,480,0.043186896
31,512,0.043164134
31,544,0.043227293
31,576,0.043279406
31,608,0.043299764
31,640,0.043194246
31,672,0.043046456
31,704,0.043287687
31,736,0.043057054
31,768,0.043033708
31,800,0.042978257
31,832,0.0430262
31,864,0.04300981
31,896,0.04294003
31,928,0.043065652
31,960,0.042880215
31,992,0.04292211
31,1024,0.042901926
31,1056,0.04280099
31,1088,0.042945806
31,1120,0.04298977
31,1152,0.042706065
31,1184,0.04287115
31,1216,0.043235783
31,1248,0.043812376
31,1280,0.0437506
31,1312,0.04364247
31,1344,0.043767974
31,1376,0.043640602
31,1408,0.0434361
31,1440,0.043458097
31,1472,0.043350548
31,1504,0.043354128
31,1536,0.0434204
31,1568,0.043469228
31,1600,0.04362963
31,1632,0.04314215
31,1664,0.043231398
31,1696,0.04337018
31,1728,0.043443874
31,1760,0.043463085
31,1792,0.043321323
31,1824,0.043125708
31,1856,0.043049283
31,1888,0.043452796
31,1920,0.04327576
31,1952,0.043183263
31,1984,0.043287758
31,2016,0.043180738
31,2048,0.04303097
31,2080,0.043058354
31,2112,0.043247312
31,2144,0.04316811
31,2176,0.043132782
31,2208,0.043141566
31,2240,0.043442648
31,2272,0.04373109
31,2304,0.04358123
31,2336,0.043706883
31,2368,0.04375934
31,2400,0.043657452
31,2432,0.043493908
31,2464,0.043605108
31,2496,0.043477915
31,2528,0.043481417
31,2560,0.04355108
31,2592,0.043244846
31,2624,0.04318344
31,2656,0.043301255
31,2688,0.043435883
31,2720,0.04338438
31,2752,0.04322531
31,2784,0.043408245
31,2816,0.04348496
31,2848,0.043166324
31,2880,0.04322637
31,2912,0.043267332
31,2944,0.043109905
31,2976,0.043184638
31,3008,0.043127343
31,3040,0.043073967
31,3072,0.04316631
31,3104,0.043227956
31,3136,0.043089736
31,3168,0.043329533
31,3200,0.04316689
31,3232,0.043157168
31,3264,0.0433347
31,3296,0.043564264
31,3328,0.043545485
31,3360,0.043414254
31,3392,0.043399107
31,3424,0.04347351
31,3456,0.043385465
31,3488,0.04336196
31,3520,0.043496925
31,3552,0.043340284
31,3584,0.043324124
31,3616,0.043123234
31,3648,0.043092318
31,3680,0.04301344
31,3712,0.043134183
31,3744,0.043298196
31,3776,0.043200593
31,3808,0.04309681
31,3840,0.04298798
31,3872,0.043117076
31,3904,0.042978153
31,3936,0.042863593
31,3968,0.043013755
31,4000,0.043021996
31,4032,0.042867854
31,4064,0.04282021
31,4096,0.043045506
31,4128,0.042932678
31,4160,0.042896897
31,4192,0.042989857
31,4224,0.042774882
31,4256,0.042852603
31,4288,0.04350138
31,4320,0.043577507
31,4352,0.043547597
31,4384,0.043375358
31,4416,0.04345905
31,4448,0.043577757
31,4480,0.04328417
31,4512,0.04348637
31,4544,0.043347787
31,4576,0.043350607
31,4608,0.04356356
31,4640,0.04315757
31,4672,0.04322933
31,4704,0.043307897
31,4736,0.04314506
31,4768,0.04309054
31,4800,0.043118563
31,4832,0.043162093
31,4864,0.043320257
31,4896,0.043145057
31,4928,0.043083366
31,4960,0.043155126
31,4992,0.042998385
31,5024,0.04302844
31,5056,0.042971343
31,5088,0.042962972
31,5120,0.042942643
31,5152,0.04328727
31,5184,0.043026507
31,5216,0.04302082
31,5248,0.042875603
31,5280,0.042867452
31,5312,0.043204077
31,5344,0.04344047
31,5376,0.043643154
31,5408,0.04340201
31,5440,0.043146867
31,5472,0.043303788
31,5504,0.04331994
31,5536,0.04311511
31,5568,0.043131404
31,5600,0.04327003
31,5632,0.043024085
31,5664,0.043225694
31,5696,0.043111764
31,5728,0.04318064
31,5760,0.04321798
31,5792,0.042904366
31,5824,0.043202844
31,5856,0.04303785
31,5888,0.043099996
31,5920,0.04303211
31,5952,0.043079
31,5984,0.04290458
31,6016,0.04286004
31,6048,0.0430986
31,6080,0.042716265
32,0,0.042820793
32,32,0.043032005
32,64,0.042892978
32,96,0.04283712
32,128,0.042987484
32,160,0.042872947
32,192,0.04278495
32,224,0.04311625
32,256,0.04370534
32,288,0.0439445
32,320,0.043888282
32,352,0.043893874
32,384,0.04380143
32,416,0.043753147
32,448,0.043585252
32,480,0.04360283
32,512,0.043634944
32,544,0.043651335
32,576,0.04358581
32,608,0.043637812
32,640,0.0435875
32,672,0.04354108
32,704,0.043663446
32,736,0.043497127
32,768,0.043432817
32,800,0.043514576
32,832,0.043345913
32,864,0.04350699
32,896,0.043198135
32,928,0.04318979
32,960,0.04336089
32,992,0.04341573
32,1024,0.043260533
32,1056,0.043261737
32,1088,0.04335907
32,1120,0.043422986
32,1152,0.043195445
32,1184,0.043263074
32,1216,0.043186195
32,1248,0.043355823
32,1280,0.043590184
32,1312,0.04362089
32,1344,0.043439396
32,1376,0.043678503
32,1408,0.043325197
32,1440,0.043566465
32,1472,0.043468483
32,1504,0.04340078
32,1536,0.043532528
32,1568,0.04331958
32,1600,0.04335569
32,1632,0.043449968
32,1664,0.04337357
32,1696,0.043433763
32,1728,0.043349393
32,1760,0.043390132
32,1792,0.043307465
32,1824,0.043396622
32,1856,0.04316324
32,1888,0.04328563
32,1920,0.04306036
32,1952,0.04335028
32,1984,0.043167673
32,2016,0.043185767
32,2048,0.043227132
32,2080,0.043091517
32,2112,0.043012626
32,2144,0.043181706
32,2176,0.043201327
32,2208,0.042907204
32,2240,0.0431454
32,2272,0.043149687
32,2304,0.043588944
32,2336,0.043481275
32,2368,0.043466434
32,2400,0.043318056
32,2432,0.043280263
32,2464,0.043432664
32,2496,0.043152
32,2528,0.043312654
32,2560,0.04316166
32,2592,0.04304944
32,2624,0.04323547
32,2656,0.043133773
32,2688,0.043221965
32,2720,0.043166887
32,2752,0.043120243
32,2784,0.043121874
32,2816,0.043066736
32,2848,0.043067355
32,2880,0.04302989
32,2912,0.04329415
32,2944,0.043050453
32,2976,0.043010257
32,3008,0.04308535
32,3040,0.04295499
32,3072,0.04306628
32,3104,0.043095827
32,3136,0.04316462
32,3168,0.042996872
32,3200,0.042912483
32,3232,0.043011453
32,3264,0.043052968
32,3296,0.043050297
32,3328,0.04324902
32,3360,0.04334317
32,3392,0.04337612
32,3424,0.043312833
32,3456,0.043254606
32,3488,0.04313564
32,3520,0.043126423
32,3552,0.04308806
32,3584,0.04317194
32,3616,0.04323252
32,3648,0.0431438
32,3680,0.043048687
32,3712,0.043067675
32,3744,0.04300712
32,3776,0.04303572
32,3808,0.042937502
32,3840,0.043041922
32,3872,0.042863738
32,3904,0.042965893
32,3936,0.042941917
32,3968,0.043141585
32,4000,0.042972058
32,4032,0.043025494
32,4064,0.043113865
32,4096,0.042939655
32,4128,0.042990897
32,4160,0.04289346
32,4192,0.042867806
32,4224,0.042982202
32,4256,0.042775966
32,4288,0.042802252
32,4320,0.043231297
32,4352,0.0437962
32,4384,0.043653686
32,4416,0.04371646
32,4448,0.04381666
32,4480,0.0433835
32,4512,0.043618407
32,4544,0.043556027
32,4576,0.043433424
32,4608,0.043630194
32,4640,0.043337572
32,4672,0.043257754
32,4704,0.043354232
32,4736,0.043416534
32,4768,0.043320984
32,4800,0.043336842
32,4832,0.043423273
32,4864,0.043211974
32,4896,0.04319597
32,4928,0.043285936
32,4960,0.0433688
32,4992,0.04319819
32,5024,0.04310731
32,5056,0.04326852
32,5088,0.04322287
32,5120,0.043077167
32,5152,0.04314663
32,5184,0.043073628
32,5216,0.04311792
32,5248,0.04331283
32,5280,0.043145332
32,5312,0.043082725
32,5344,0.043257598
32,5376,0.04373383
32,5408,0.04366017
32,5440,0.04367102
32,5472,0.043542128
32,5504,0.043673486
32,5536,0.0435136
32,5568,0.043470636
32,5600,0.043468446
32,5632,0.043290693
32,5664,0.043409776
32,5696,0.04361365
32,5728,0.043402076
32,5760,0.043312505
32,5792,0.043330267
32,5824,0.043238323
32,5856,0.04322973
32,5888,0.043349575
32,5920,0.043244682
32,5952,0.043220762
32,5984,0.043281697
32,6016,0.043133054
32,6048,0.043129373
32,6080,0.04333338
33,0,0.043251533
33,32,0.043084137
33,64,0.04312286
33,96,0.043182947
33,128,0.04326514
33,160,0.043154676
33,192,0.042985503
33,224,0.043039393
33,256,0.043196287
33,288,0.04346004
33,320,0.043594643
33,352,0.04342514
33,384,0.043338876
33,416,0.043417834
33,448,0.0433233
33,480,0.043425873
33,512,0.043196693
33,544,0.04342337
33,576,0.043266762
33,608,0.04329783
33,640,0.043407436
33,672,0.043396734
33,704,0.04317802
33,736,0.043403827
33,768,0.04335093
33,800,0.04315011
33,832,0.0431181
33,864,0.043210756
33,896,0.04321071
33,928,0.043159585
33,960,0.043197814
33,992,0.04316601
33,1024,0.04311788
33,1056,0.043239016
33,1088,0.043324657
33,1120,0.043101933
33,1152,0.043152675
33,1184,0.043262172
33,1216,0.043147877
33,1248,0.04322162
33,1280,0.043067228
33,1312,0.043334354
33,1344,0.043499596
33,1376,0.04340907
33,1408,0.04345803
33,1440,0.04340728
33,1472,0.043323666
33,1504,0.043319806
33,1536,0.043265663
33,1568,0.043380305
33,1600,0.04344259
33,1632,0.043125585
33,1664,0.043042667
33,1696,0.043194655
33,1728,0.043145575
33,1760,0.04326254
33,1792,0.043196615
33,1824,0.04305571
33,1856,0.04320023
33,1888,0.042953085
33,1920,0.043049194
33,1952,0.043034475
33,1984,0.042970255
33,2016,0.042894475
33,2048,0.043038424
33,2080,0.042942856
33,2112,0.042939845
33,2144,0.04290963
33,2176,0.04287889
33,2208,0.043020174
33,2240,0.043151606
33,2272,0.042998902
33,2304,0.04293847
33,2336,0.043382015
33,2368,0.043207694
33,2400,0.043397035
33,2432,0.043367717
33,2464,0.043348078
33,2496,0.043160595
33,2528,0.043333046
33,2560,0.043169577
33,2592,0.043165695
33,2624,0.04317114
33,2656,0.043207943
33,2688,0.043096635
33,2720,0.043162055
33,2752,0.043146584
33,2784,0.04304834
33,2816,0.04317032
33,2848,0.043142177
33,2880,0.04307811
33,2912,0.04315497
33,2944,0.043058373
33,2976,0.043018453
33,3008,0.04303397
33,3040,0.042943686
33,3072,0.04302071
33,3104,0.042992026
33,3136,0.043035664
33,3168,0.04297757
33,3200,0.042919938
33,3232,0.043101825
33,3264,0.042895354
33,3296,0.04298726
33,3328,0.042865295
33,3360,0.04372015
33,3392,0.043635085
33,3424,0.04350189
33,3456,0.043776188
33,3488,0.043493856
33,3520,0.043593045
33,3552,0.04332545
33,3584,0.043562014
33,3616,0.043541618
33,3648,0.04338065
33,3680,0.043593545
33,3712,0.04340571
33,3744,0.043333553
33,3776,0.04342956
33,3808,0.043420702
33,3840,0.043471724
33,3872,0.043441907
33,3904,0.043287
33,3936,0.0433825
33,3968,0.04339878
33,4000,0.04332482
33,4032,0.04333566
33,4064,0.04337657
33,4096,0.043335102
33,4128,0.043309074
33,4160,0.043131534
33,4192,0.04311472
33,4224,0.04325541
33,4256,0.04320555
33,4288,0.043071687
33,4320,0.043190543
33,4352,0.04325494
33,4384,0.043767527
33,4416,0.04349001
33,4448,0.043452863
33,4480,0.043489955
33,4512,0.043547135
33,4544,0.043531995
33,4576,0.04356701
33,4608,0.043640025
33,4640,0.043419823
33,4672,0.04329004
33,4704,0.043370217
33,4736,0.04336736
33,4768,0.043168917
33,4800,0.043254614
33,4832,0.04319175
33,4864,0.04317972
33,4896,0.04327748
33,4928,0.04330063
33,4960,0.04328959
33,4992,0.043323953
33,5024,0.043376908
33,5056,0.04314961
33,5088,0.043238994
33,5120,0.043298297
33,5152,0.0431178
33,5184,0.04316129
33,5216,0.04309728
33,5248,0.04317436
33,5280,0.04315287
33,5312,0.04304095
33,5344,0.043119363
33,5376,0.043096725
33,5408,0.043381996
33,5440,0.04330103
33,5472,0.04331697
33,5504,0.043476544
33,5536,0.043173585
33,5568,0.04337927
33,5600,0.043307833
33,5632,0.04341191
33,5664,0.04326718
33,5696,0.043255366
33,5728,0.043015115
33,5760,0.043091416
33,5792,0.043234915
33,5824,0.043047328
33,5856,0.04303459
33,5888,0.04314448
33,5920,0.043021988
33,5952,0.043073896
33,5984,0.043216646
33,6016,0.04314392
33,6048,0.043116894
33,6080,0.04317386
34,0,0.043015618
34,32,0.043039694
34,64,0.04317009
34,96,0.043022685
34,128,0.043004073
34,160,0.04307892
34,192,0.04302469
34,224,0.04292076
34,256,0.042960625
34,288,0.043005023
34,320,0.043292556
34,352,0.043313365
34,384,0.04348275
34,416,0.043323223
34,448,0.043386504
34,480,0.04327498
34,512,0.043504763
34,544,0.043271113
34,576,0.043345083
34,608,0.043038335
34,640,0.043310706
34,672,0.043291762
34,704,0.043234963
34,736,0.043337002
34,768,0.04332372
34,800,0.04320319
34,832,0.04317239
34,864,0.04323741
34,896,0.043104876
34,928,0.043186143
34,960,0.043106407
34,992,0.043220494
34,1024,0.043078806
34,1056,0.04304975
34,1088,0.043228887
34,1120,0.04307464
34,1152,0.043136317
34,1184,0.043098528
34,1216,0.042930122
34,1248,0.043141328
34,1280,0.043203875
34,1312,0.042831168
34,1344,0.043211006
34,1376,0.043325376
34,1408,0.04314637
34,1440,0.043270808
34,1472,0.043198463
34,1504,0.043439955
34,1536,0.043419927
34,1568,0.043146834
34,1600,0.04328899
34,1632,0.04325447
34,1664,0.043237668
34,1696,0.043371268
34,1728,0.043277465
34,1760,0.043211423
34,1792,0.043110207
34,1824,0.0431609
34,1856,0.043129932
34,1888,0.043056782
34,1920,0.043227468
34,1952,0.04329112
34,1984,0.04322188
34,2016,0.043151908
34,2048,0.04301175
34,2080,0.04308471
34,2112,0.043128725
34,2144,0.043021493
34,2176,0.042917363
34,2208,0.04308374
34,2240,0.043075807
34,2272,0.043061342
34,2304,0.04319175
34,2336,0.042976305
34,2368,0.043486442
34,2400,0.043545887
34,2432,0.043660343
34,2464,0.04365922
34,2496,0.043444876
34,2528,0.043479457
34,2560,0.04347367
34,2592,0.043550767
34,2624,0.043377377
34,2656,0.043422345
34,2688,0.043351498
34,2720,0.043441217
34,2752,0.043444812
34,2784,0.043444693
34,2816,0.04346198
34,2848,0.04343246
34,2880,0.043232996
34,2912,0.043187283
34,2944,0.04322475
34,2976,0.043445755
34,3008,0.043250695
34,3040,0.04334532
34,3072,0.043214753
34,3104,0.04314973
34,3136,0.04328005
34,3168,0.043438815
34,3200,0.043193668
34,3232,0.04342889
34,3264,0.043420237
34,3296,0.043174814
34,3328,0.04336051
34,3360,0.043117426
34,3392,0.043470077
34,3424,0.04350119
34,3456,0.04341544
34,3488,0.04331806
34,3520,0.04343493
34,3552,0.043425847
34,3584,0.04345981
34,3616,0.043330617
34,3648,0.043502152
34,3680,0.043481097
34,3712,0.043287303
34,3744,0.04325211
34,3776,0.043361694
34,3808,0.043139953
34,3840,0.04319044
34,3872,0.043257207
34,3904,0.043063086
34,3936,0.043177146
34,3968,0.043208085
34,4000,0.043250408
34,4032,0.04306744
34,4064,0.043426212
34,4096,0.04322505
34,4128,0.04332807
34,4160,0.04327134
34,4192,0.043201044
34,4224,0.043141127
34,4256,0.043197326
34,4288,0.043190263
34,4320,0.04297268
34,4352,0.043185953
34,4384,0.04317685
34,4416,0.04309732
34,4448,0.0433761
34,4480,0.04311042
34,4512,0.04332777
34,4544,0.04353741
34,4576,0.0432013
34,4608,0.04296923
34,4640,0.043267783
34,4672,0.043331712
34,4704,0.043099295
34,4736,0.043241058
34,4768,0.043059763
34,4800,0.04318995
34,4832,0.04324734
34,4864,0.043013994
34,4896,0.043194212
34,4928,0.04322231
34,4960,0.043284923
34,4992,0.042896394
34,5024,0.043006703
34,5056,0.043180935
34,5088,0.04297487
34,5120,0.04309266
34,5152,0.043073453
34,5184,0.043128952
34,5216,0.0432427
34,5248,0.04311045
34,5280,0.042992525
34,5312,0.043129362
34,5344,0.04303738
34,5376,0.04300651
34,5408,0.042964153
34,5440,0.04325936
34,5472,0.043447193
34,5504,0.043410245
34,5536,0.043212533
34,5568,0.043144383
34,5600,0.043187704
34,5632,0.04331656
34,5664,0.043181386
34,5696,0.043041784
34,5728,0.04315678
34,5760,0.043206826
34,5792,0.043113757
34,5824,0.0431398
34,5856,0.043093234
34,5888,0.043120865
34,5920,0.043205418
34,5952,0.043111928
34,5984,0.043138657
34,6016,0.042994566
34,6048,0.043172542
34,6080,0.043073628
35,0,0.043096725
35,32,0.042934798
35,64,0.043004226
35,96,0.04296836
35,128,0.04307265
35,160,0.043105
35,192,0.042957895
35,224,0.0431378
35,256,0.042842414
35,288,0.04306159
35,320,0.04299892
35,352,0.043319643
35,384,0.043627452
35,416,0.04361475
35,448,0.043767747
35,480,0.043604225
35,512,0.043536227
35,544,0.043211747
35,576,0.043585006
35,608,0.043457083
35,640,0.043543592
35,672,0.0435746
35,704,0.043393437
35,736,0.043421168
35,768,0.043675266
35,800,0.04337665
35,832,0.043557577
35,864,0.043300565
35,896,0.043449525
35,928,0.043353252
35,960,0.043479238
35,992,0.043296196
35,1024,0.043636132
35,1056,0.04322797
35,1088,0.04330456
35,1120,0.04320734
35,1152,0.04314457
35,1184,0.0433459
35,1216,0.04315287
35,1248,0.043232262
35,1280,0.043302238
35,1312,0.043252613
35,1344,0.043142095
35,1376,0.04344888
35,1408,0.043415822
35,1440,0.043361954
35,1472,0.043469485
35,1504,0.04349783
35,1536,0.043467883
35,1568,0.043126274
35,1600,0.04349504
35,1632,0.04332688
35,1664,0.04328975
35,1696,0.04334368
35,1728,0.043465115
35,1760,0.043406308
35,1792,0.043328688
35,1824,0.043270297
35,1856,0.043405294
35,1888,0.043305732
35,1920,0.043361627
35,1952,0.043358568
35,1984,0.04348961
35,2016,0.043392565
35,2048,0.043138646
35,2080,0.043258402
35,2112,0.04333971
35,2144,0.043130867
35,2176,0.043176424
35,2208,0.04320928
35,2240,0.04315686
35,2272,0.04313237
35,2304,0.04320035
35,2336,0.043266453
35,2368,0.043053582
35,2400,0.043301202
35,2432,0.043195896
35,2464,0.043307893
35,2496,0.04317159
35,2528,0.043104284
35,2560,0.043280486
35,2592,0.042938057
35,2624,0.043163918
35,2656,0.04324487
35,2688,0.04317633
35,2720,0.043194696
35,2752,0.043142393
35,2784,0.042977445
35,2816,0.042997736
35,2848,0.04314671
35,2880,0.043125857
35,2912,0.042958755
35,2944,0.04293279
35,2976,0.043006063
35,3008,0.042981472
35,3040,0.043113127
35,3072,0.042965002
35,3104,0.042888623
35,3136,0.043006293
35,3168,0.043133944
35,3200,0.04305648
35,3232,0.04303442
35,3264,0.042872965
35,3296,0.04315988
35,3328,0.042879384
35,3360,0.043008566
35,3392,0.043055136
35,3424,0.04344105
35,3456,0.04336355
35,3488,0.043401238
35,3520,0.043438468
35,3552,0.04347335
35,3584,0.043211073
35,3616,0.043353744
35,3648,0.043370575
35,3680,0.043231893
35,3712,0.043304387
35,3744,0.043435365
35,3776,0.043279428
35,3808,0.043389365
35,3840,0.04332287
35,3872,0.04318891
35,3904,0.043247033
35,3936,0.0433538
35,3968,0.04309252
35,4000,0.04313915
35,4032,0.04319614
35,4064,0.043319844
35,4096,0.043261006
35,4128,0.043306492
35,4160,0.043253254
35,4192,0.043224853
35,4224,0.043018386
35,4256,0.043162726
35,4288,0.043103553
35,4320,0.043162502
35,4352,0.04305187
35,4384,0.043112837
35,4416,0.04320033
35,4448,0.043207414
35,4480,0.04331159
35,4512,0.043214466
35,4544,0.04326074
35,4576,0.04300269
35,4608,0.04310807
35,4640,0.043087825
35,4672,0.043031503
35,4704,0.043087397
35,4736,0.04305508
35,4768,0.04309371
35,4800,0.043149706
35,4832,0.043124583
35,4864,0.043206256
35,4896,0.043235943
35,4928,0.04304059
35,4960,0.042948484
35,4992,0.04302246
35,5024,0.042733077
35,5056,0.042939827
35,5088,0.042923294
35,5120,0.04299771
35,5152,0.043014914
35,5184,0.042892467
35,5216,0.042997405
35,5248,0.04304673
35,5280,0.04293651
35,5312,0.043058954
35,5344,0.042905264
35,5376,0.042880256
35,5408,0.042799685
35,5440,0.0427876
35,5472,0.043278188
35,5504,0.043518435
35,5536,0.0436568
35,5568,0.043632247
35,5600,0.043709416
35,5632,0.043469388
35,5664,0.04369569
35,5696,0.043497927
35,5728,0.04350612
35,5760,0.043489017
35,5792,0.04353182
35,5824,0.043628905
35,5856,0.04342963
35,5888,0.043343443
35,5920,0.043429404
35,5952,0.043430045
35,5984,0.04344505
35,6016,0.0433828
35,6048,0.04327499
35,6080,0.043132454
36,0,0.0432888
36,32,0.04344265
36,64,0.043329183
36,96,0.043275744
36,128,0.043183427
36,160,0.043536454
36,192,0.043306
36,224,0.04358624
36,256,0.043366313
36,288,0.043240167
36,320,0.043362115
36,352,0.043360826
36,384,0.043476228
36,416,0.043532018
36,448,0.043554064
36,480,0.043524984
36,512,0.043439288
36,544,0.043455046
36,576,0.043357927
36,608,0.04360782
36,640,0.04334653
36,672,0.04347569
36,704,0.04342392
36,736,0.043647084
36,768,0.043433305
36,800,0.043412928
36,832,0.0434541
36,864,0.043345682
36,896,0.043372057
36,928,0.043270923
36,960,0.043262664
36,992,0.043177385
36,1024,0.04333819
36,1056,0.043260626
36,1088,0.04333507
36,1120,0.043324854
36,1152,0.04326356
36,1184,0.043256868
36,1216,0.04327871
36,1248,0.043103993
36,1280,0.04304676
36,1312,0.043262422
36,1344,0.043253932
36,1376,0.043236334
36,1408,0.04313618
36,1440,0.043538723
36,1472,0.0435002
36,1504,0.04335994
36,1536,0.04315042
36,1568,0.04344884
36,1600,0.04324347
36,1632,0.043161444
36,1664,0.043316077
36,1696,0.04327089
36,1728,0.04319771
36,1760,0.043187324
36,1792,0.043144528
36,1824,0.04328561
36,1856,0.042995848
36,1888,0.043048028
36,1920,0.043348815
36,1952,0.04304521
36,1984,0.043003306
36,2016,0.043099597
36,2048,0.043374207
36,2080,0.043270327
36,2112,0.043026935
36,2144,0.043135647
36,2176,0.043140635
36,2208,0.043167695
36,2240,0.043217547
36,2272,0.043009166
36,2304,0.043046582
36,2336,0.04305721
36,2368,0.04306258
36,2400,0.0430275
36,2432,0.043139365
36,2464,0.04322135
36,2496,0.043136254
36,2528,0.04309891
36,2560,0.04315745
36,2592,0.04311235
36,2624,0.04313807
36,2656,0.043000083
36,2688,0.042985704
36,2720,0.04322908
36,2752,0.043008253
36,2784,0.04288559
36,2816,0.04307403
36,2848,0.04300033
36,2880,0.04319886
36,2912,0.04316391
36,2944,0.04312302
36,2976,0.043012653
36,3008,0.043136436
36,3040,0.042766992
36,3072,0.04286885
36,3104,0.043065656
36,3136,0.042920534
36,3168,0.042983614
36,3200,0.04300264
36,3232,0.043087464
36,3264,0.04296107
36,3296,0.043036893
36,3328,0.042773448
36,3360,0.04286292
36,3392,0.04302918
36,3424,0.04294657
36,3456,0.042996317
36,3488,0.043547273
36,3520,0.043543525
36,3552,0.043563202
36,3584,0.04349309
36,3616,0.043319546
36,3648,0.043393977
36,3680,0.04348447
36,3712,0.04342636
36,3744,0.043483377
36,3776,0.04340209
36,3808,0.04334589
36,3840,0.043334596
36,3872,0.04355927
36,3904,0.0433239
36,3936,0.04333771
36,3968,0.043199416
36,4000,0.04327841
36,4032,0.043398436
36,4064,0.04341822
36,4096,0.04327573
36,4128,0.043415107
36,4160,0.043451138
36,4192,0.04311403
36,4224,0.043336462
36,4256,0.043260258
36,4288,0.04327568
36,4320,0.043231152
36,4352,0.043402143
36,4384,0.04326511
36,4416,0.043371093
36,4448,0.043233164
36,4480,0.043413278
36,4512,0.04327687
36,4544,0.04340966
36,4576,0.043458976
36,4608,0.043300487
36,4640,0.04328948
36,4672,0.043395873
36,4704,0.043368988
36,4736,0.043262232
36,4768,0.043112677
36,4800,0.043477487
36,4832,0.04335729
36,4864,0.04332907
36,4896,0.043387294
36,4928,0.043202788
36,4960,0.043512244
36,4992,0.04321063
36,5024,0.043407768
36,5056,0.04327685
36,5088,0.04319567
36,5120,0.043233864
36,5152,0.043185793
36,5184,0.0431941
36,5216,0.043266546
36,5248,0.04343732
36,5280,0.04330937
36,5312,0.043196082
36,5344,0.043281395
36,5376,0.04308831
36,5408,0.043397292
36,5440,0.043222427
36,5472,0.043124594
36,5504,0.043374036
36,5536,0.043290656
36,5568,0.04334009
36,5600,0.043326184
36,5632,0.043212786
36,5664,0.043259706
36,5696,0.043251313
36,5728,0.04326657
36,5760,0.043082707
36,5792,0.043170113
36,5824,0.04330662
36,5856,0.04319166
36,5888,0.043233823
36,5920,0.043252192
36,5952,0.04312455
36,5984,0.043390952
36,6016,0.043301854
36,6048,0.04327815
36,6080,0.043148424
37,0,0.043349903
37,32,0.043142844
37,64,0.04303394
37,96,0.043306284
37,128,0.043146662
37,160,0.043100137
37,192,0.043151863
37,224,0.043077007
37,256,0.042980585
37,288,0.043020945
37,320,0.043177392
37,352,0.043304324
37,384,0.043312293
37,416,0.043239113
37,448,0.043174352
37,480,0.04330942
37,512,0.04324968
37,544,0.043271482
37,576,0.04337842
37,608,0.043165244
37,640,0.043205995
37,672,0.043075267
37,704,0.04319671
37,736,0.043131698
37,768,0.04330483
37,800,0.04299214
37,832,0.043195523
37,864,0.043244798
37,896,0.043161582
37,928,0.043251976
37,960,0.04320083
37,992,0.043098032
37,1024,0.04300632
37,1056,0.043058068
37,1088,0.04306568
37,1120,0.043128088
37,1152,0.0431412
37,1184,0.043287896
37,1216,0.04301373
37,1248,0.04303579
37,1280,0.043163586
37,1312,0.04305236
37,1344,0.043017596
37,1376,0.043041162
37,1408,0.04316671
37,1440,0.043066762
37,1472,0.0432021
37,1504,0.043233536
37,1536,0.043032598
37,1568,0.043088056
37,1600,0.04310154
37,1632,0.043101363
37,1664,0.0432804
37,1696,0.04327565
37,1728,0.043167524
37,1760,0.04320558
37,1792,0.042987537
37,1824,0.043049507
37,1856,0.043204572
37,1888,0.043198712
37,1920,0.043095283
37,1952,0.042988453
37,1984,0.04312094
37,2016,0.043153197
37,2048,0.043155234
37,2080,0.042986996
37,2112,0.043121357
37,2144,0.04308882
37,2176,0.043041054
37,2208,0.04310234
37,2240,0.043163642
37,2272,0.042966176
37,2304,0.04315144
37,2336,0.043203477
37,2368,0.043019395
37,2400,0.0430846
37,2432,0.043180034
37,2464,0.043017365
37,2496,0.043529287
37,2528,0.043551195
37,2560,0.043469775
37,2592,0.04333981
37,2624,0.043545
37,2656,0.043496028
37,2688,0.043328434
37,2720,0.04352939
37,2752,0.04337146
37,2784,0.04329046
37,2816,0.043369036
37,2848,0.043500043
37,2880,0.04351942
37,2912,0.043467022
37,2944,0.043404084
37,2976,0.043390986
37,3008,0.043394055
37,3040,0.043389756
37,3072,0.04354441
37,3104,0.04330377
37,3136,0.043504786
37,3168,0.043606963
37,3200,0.04340971
37,3232,0.04342987
37,3264,0.043487728
37,3296,0.043581247
37,3328,0.043258928
37,3360,0.043330688
37,3392,0.043334156
37,3424,0.043466184
37,3456,0.043371335
37,3488,0.043297336
37,3520,0.04343063
37,3552,0.043372445
37,3584,0.043413613
37,3616,0.043389615
37,3648,0.043311782
37,3680,0.04320267
37,3712,0.043307856
37,3744,0.043142684
37,3776,0.04317682
37,3808,0.043314494
37,3840,0.043262172
37,3872,0.043359566
37,3904,0.04330516
37,3936,0.0435879
37,3968,0.04328825
37,4000,0.04342973
37,4032,0.043225806
37,4064,0.0432957
37,4096,0.043246467
37,4128,0.043271206
37,4160,0.043032452
37,4192,0.043354016
37,4224,0.043359704
37,4256,0.043219753
37,4288,0.043225646
37,4320,0.0432529
37,4352,0.043241143
37,4384,0.04317766
37,4416,0.04324814
37,4448,0.04324201
37,4480,0.04326621
37,4512,0.043224692
37,4544,0.04334258
37,4576,0.04317431
37,4608,0.04319511
37,4640,0.04323546
37,4672,0.043218575
37,4704,0.04331232
37,4736,0.04319714
37,4768,0.04328805
37,4800,0.043348197
37,4832,0.04316995
37,4864,0.043279465
37,4896,0.043247443
37,4928,0.043289807
37,4960,0.043009732
37,4992,0.043264695
37,5024,0.04335669
37,5056,0.04318942
37,5088,0.04303108
37,5120,0.04330561
37,5152,0.043188754
37,5184,0.043180533
37,5216,0.04300647
37,5248,0.043189786
37,5280,0.043195903
37,5312,0.043137133
37,5344,0.043001555
37,5376,0.043126974
37,5408,0.043120638
37,5440,0.042955756
37,5472,0.043149617
37,5504,0.043218687
37,5536,0.04314805
37,5568,0.043080013
37,5600,0.043208487
37,5632,0.043103613
37,5664,0.043155458
37,5696,0.043293573
37,5728,0.043042485
37,5760,0.043199353
37,5792,0.042995434
37,5824,0.043281924
37,5856,0.043130573
37,5888,0.043140166
37,5920,0.04310493
37,5952,0.042950243
37,5984,0.043028045
37,6016,0.043198995
37,6048,0.043010015
37,6080,0.042975344
38,0,0.04296394
38,32,0.043035626
38,64,0.043188017
38,96,0.04308938
38,128,0.04309295
38,160,0.043065887
38,192,0.04305781
38,224,0.042938877
38,256,0.042969298
38,288,0.04294703
38,320,0.043047268
38,352,0.042966254
38,384,0.043079756
38,416,0.043281224
38,448,0.04301595
38,480,0.04320705
38,512,0.043352675
38,544,0.043277066
38,576,0.043257434
38,608,0.043519363
38,640,0.043444995
38,672,0.043488137
38,704,0.043408718
38,736,0.043245446
38,768,0.04314279
38,800,0.04314708
38,832,0.043065663
38,864,0.043171592
38,896,0.04328283
38,928,0.04341797
38,960,0.04315906
38,992,0.043345045
38,1024,0.04318065
38,1056,0.043116495
38,1088,0.043278206
38,1120,0.043099653
38,1152,0.04314997
38,1184,0.043184042
38,1216,0.04333364
38,1248,0.04319704
38,1280,0.043167163
38,1312,0.043352067
38,1344,0.043133
38,1376,0.04324936
38,1408,0.043196213
38,1440,0.04303114
38,1472,0.043087024
38,1504,0.04335613
38,1536,0.04353706
38,1568,0.043494802
38,1600,0.043466236
38,1632,0.043524895
38,1664,0.043514736
38,1696,0.043238163
38,1728,0.04353543
38,1760,0.043330897
38,1792,0.04342313
38,1824,0.043405335
38,1856,0.04350981
38,1888,0.04344994
38,1920,0.043373354
38,1952,0.043278147
38,1984,0.04325034
38,2016,0.043472804
38,2048,0.043364033
38,2080,0.043423016
38,2112,0.043484084
38,2144,0.043297835
38,2176,0.043498214
38,2208,0.043531273
38,2240,0.043481987
38,2272,0.04335709
38,2304,0.043362234
38,2336,0.043331854
38,2368,0.04330248
38,2400,0.04328221
38,2432,0.043374367
38,2464,0.043135863
38,2496,0.04345089
38,2528,0.043345403
38,2560,0.043201454
38,2592,0.0430705
38,2624,0.043193836
38,2656,0.043336194
38,2688,0.04324486
38,2720,0.043253873
38,2752,0.043284126
38,2784,0.043378327
38,2816,0.04315477
38,2848,0.043230653
38,2880,0.04339615
38,2912,0.043092683
38,2944,0.04323513
38,2976,0.043029413
38,3008,0.043181892
38,3040,0.043213516
38,3072,0.043115187
38,3104,0.04301828
38,3136,0.043102518
38,3168,0.043222096
38,3200,0.043240514
38,3232,0.04319165
38,3264,0.043280378
38,3296,0.043097988
38,3328,0.043140672
38,3360,0.043220613
38,3392,0.043149725
38,3424,0.043323085
38,3456,0.043300718
38,3488,0.04301462
38,3520,0.043170102
38,3552,0.043423794
38,3584,0.04307798
38,3616,0.043131452
38,3648,0.04312431
38,3680,0.043318044
38,3712,0.043049507
38,3744,0.043181613
38,3776,0.043276798
38,3808,0.043029115
38,3840,0.043201633
38,3872,0.043283615
38,3904,0.043221522
38,3936,0.043139093
38,3968,0.043200392
38,4000,0.043204285
38,4032,0.04310973
38,4064,0.043377336
38,4096,0.043409165
38,4128,0.04334813
38,4160,0.043109834
38,4192,0.04313225
38,4224,0.043268226
38,4256,0.043120846
38,4288,0.043147467
38,4320,0.043045707
38,4352,0.04328717
38,4384,0.043041643
38,4416,0.043172482
38,4448,0.043096807
38,4480,0.04324226
38,4512,0.042986438
38,4544,0.04324042
38,4576,0.04313694
38,4608,0.043179337
38,4640,0.04307496
38,4672,0.04308237
38,4704,0.043128803
38,4736,0.042985175
38,4768,0.043037966
38,4800,0.043083027
38,4832,0.04304244
38,4864,0.043280527
38,4896,0.043085095
38,4928,0.043195978
38,4960,0.043167252
38,4992,0.04300594
38,5024,0.042986006
38,5056,0.043150373
38,5088,0.043180794
38,5120,0.042998713
38,5152,0.042983353
38,5184,0.043080546
38,5216,0.042992055
38,5248,0.043156773
38,5280,0.043268126
38,5312,0.043002162
38,5344,0.0429991
38,5376,0.043141596
38,5408,0.04296375
38,5440,0.043109264
38,5472,0.043057933
38,5504,0.043047633
38,5536,0.04316155
38,5568,0.04304072
38,5600,0.043368146
38,5632,0.04340278
38,5664,0.043349788
38,5696,0.04346501
38,5728,0.043363858
38,5760,0.04348679
38,5792,0.043277007
38,5824,0.043375142
38,5856,0.04332419
38,5888,0.04331048
38,5920,0.043454
38,5952,0.043539647
38,5984,0.043330804
38,6016,0.043255456
38,6048,0.043458845
38,6080,0.04343125
39,0,0.043348875
39,32,0.043560725
39,64,0.043368496
39,96,0.043343816
39,128,0.043418787
39,160,0.04337622
39,192,0.04339373
39,224,0.043210465
39,256,0.04324495
39,288,0.04338452
39,320,0.043247957
39,352,0.04328174
39,384,0.043326084
39,416,0.043325137
39,448,0.043233015
39,480,0.043292765
39,512,0.04339177
39,544,0.043211114
39,576,0.0433038
39,608,0.043445397
39,640,0.043329116
39,672,0.043123405
39,704,0.043415308
39,736,0.043475043
39,768,0.043470353
39,800,0.043272957
39,832,0.043333683
39,864,0.043331392
39,896,0.043249607
39,928,0.043273218
39,960,0.043322723
39,992,0.043236054
39,1024,0.043310635
39,1056,0.043278053
39,1088,0.043355007
39,1120,0.04329063
39,1152,0.04331637
39,1184,0.04341318
39,1216,0.04325646
39,1248,0.043409754
39,1280,0.043148965
39,1312,0.04331555
39,1344,0.04332358
39,1376,0.043232955
39,1408,0.043419555
39,1440,0.043442406
39,1472,0.043285504
39,1504,0.04325085
39,1536,0.04328482
39,1568,0.04317295
39,1600,0.042965595
39,1632,0.04326359
39,1664,0.043011524
39,1696,0.043073736
39,1728,0.043093063
39,1760,0.04312017
39,1792,0.04316784
39,1824,0.042998664
39,1856,0.04311096
39,1888,0.043025155
39,1920,0.04294467
39,1952,0.043117695
39,1984,0.043101475
39,2016,0.043355554
39,2048,0.043346424
39,2080,0.043214638
39,2112,0.042957593
39,2144,0.043119058
39,2176,0.04314142
39,2208,0.043008216
39,2240,0.04323313
39,2272,0.0432304
39,2304,0.043116115
39,2336,0.04309129
39,2368,0.04316033
39,2400,0.043300167
39,2432,0.043063376
39,2464,0.04306924
39,2496,0.043168303
39,2528,0.043044776
39,2560,0.04319463
39,2592,0.043162603
39,2624,0.043271095
39,2656,0.04316201
39,2688,0.043224987
39,2720,0.04325303
39,2752,0.043214362
39,2784,0.043377955
39,2816,0.04295044
39,2848,0.04316863
39,2880,0.04308297
39,2912,0.043196704
39,2944,0.042959668
39,2976,0.043165576
39,3008,0.04317717
39,3040,0.04311141
39,3072,0.043024674
39,3104,0.04321965
39,3136,0.043181352
39,3168,0.043060824
39,3200,0.04313726
39,3232,0.043252192
39,3264,0.04307098
39,3296,0.04301122
39,3328,0.04317047
39,3360,0.043127228
39,3392,0.043097254
39,3424,0.04327312
39,3456,0.04314867
39,3488,0.043071035
39,3520,0.043190293
39,3552,0.04315872
39,3584,0.043138236
39,3616,0.043348975
39,3648,0.043322433
39,3680,0.043327462
39,3712,0.04312513
39,3744,0.043077193
39,3776,0.043253552
39,3808,0.04300479
39,3840,0.043108873
39,3872,0.043197323
39,3904,0.04315875
39,3936,0.043087408
39,3968,0.043239918
39,4000,0.04323523
39,4032,0.04326026
39,4064,0.043130577
39,4096,0.043306112
39,4128,0.043239027
39,4160,0.043340888
39,4192,0.043308612
39,4224,0.043202307
39,4256,0.043222584
39,4288,0.043139912
39,4320,0.04327602
39,4352,0.043344326
39,4384,0.043290626
39,4416,0.043226287
39,4448,0.043146655
39,4480,0.043168496
39,4512,0.043246362
39,4544,0.043212503
39,4576,0.043189853
39,4608,0.04325872
39,4640,0.043332282
39,4672,0.04335891
39,4704,0.043448213
39,4736,0.04324744
39,4768,0.043341197
39,4800,0.043350242
39,4832,0.043304943
39,4864,0.043437008
39,4896,0.04355085
39,4928,0.043216933
39,4960,0.04319849
39,4992,0.04342582
39,5024,0.043502916
39,5056,0.04331334
39,5088,0.043202426
39,5120,0.043313585
39,5152,0.043293424
39,5184,0.043260068
39,5216,0.043224405
39,5248,0.043580413
39,5280,0.043350805
39,5312,0.0432042
39,5344,0.04329435
39,5376,0.043378323
39,5408,0.043344535
39,5440,0.043394174
39,5472,0.043336686
39,5504,0.043281298
39,5536,0.043294832
39,5568,0.04328404
39,5600,0.04318722
39,5632,0.043318022
39,5664,0.043095097
39,5696,0.04321957
39,5728,0.04327937
39,5760,0.043398026
39,5792,0.04307381
39,5824,0.04331962
39,5856,0.043363947
39,5888,0.043502513
39,5920,0.043383967
39,5952,0.0432789
39,5984,0.043429054
39,6016,0.04320947
39,6048,0.04311298
39,6080,0.043262757
40,0,0.04319905
40,32,0.04332201
40,64,0.043351807
40,96,0.0432885
40,128,0.043167498
40,160,0.04322014
40,192,0.04324782
40,224,0.0432819
40,256,0.043328427
40,288,0.04331243
40,320,0.043406323
40,352,0.043457564
40,384,0.043103106
40,416,0.04320923
40,448,0.043304976
40,480,0.04305398
40,512,0.043327898
40,544,0.04323229
40,576,0.0431339
40,608,0.04323437
40,640,0.043222025
40,672,0.04309045
40,704,0.04337285
40,736,0.043051373
40,768,0.04329197
40,800,0.04306745
40,832,0.04323262
40,864,0.043259326
40,896,0.043342628
40,928,0.04313211
40,960,0.04330507
40,992,0.04315231
40,1024,0.043082986
40,1056,0.04314255
40,1088,0.043112177
40,1120,0.043209422
40,1152,0.043207757
40,1184,0.04315268
40,1216,0.04327272
40,1248,0.043127522
40,1280,0.04322255
40,1312,0.043155383
40,1344,0.043171454
40,1376,0.04309198
40,1408,0.043039843
40,1440,0.043075264
40,1472,0.043230925
40,1504,0.04306434
40,1536,0.0431341
40,1568,0.0430397
40,1600,0.04321614
40,1632,0.043011673
40,1664,0.04314758
40,1696,0.043195963
40,1728,0.04313448
40,1760,0.042987786
40,1792,0.042854533
40,1824,0.04306906
40,1856,0.043100547
40,1888,0.04310004
40,1920,0.043154992
40,1952,0.04322807
40,1984,0.04310941
40,2016,0.043057073
40,2048,0.04322597
40,2080,0.04330981
40,2112,0.042954724
40,2144,0.043038398
40,2176,0.04321823
40,2208,0.043214627
40,2240,0.04322553
40,2272,0.043162394
40,2304,0.043096777
40,2336,0.042983178
40,2368,0.04308497
40,2400,0.042988177
40,2432,0.042901047
40,2464,0.043096602
40,2496,0.04310233
40,2528,0.04307614
40,2560,0.042977877
40,2592,0.04308948
40,2624,0.043378122
40,2656,0.043269493
40,2688,0.043278858
40,2720,0.04353037
40,2752,0.043330908
40,2784,0.04322889
40,2816,0.043369934
40,2848,0.043480925
40,2880,0.04340505
40,2912,0.043302014
40,2944,0.043311547
40,2976,0.04326979
40,3008,0.04319021
40,3040,0.043396033
40,3072,0.043452427
40,3104,0.043468885
40,3136,0.043358017
40,3168,0.043569397
40,3200,0.043525945
40,3232,0.043434173
40,3264,0.04335807
40,3296,0.043216586
40,3328,0.04341315
40,3360,0.04338113
40,3392,0.0434173
40,3424,0.043291226
40,3456,0.043328885
40,3488,0.04339888
40,3520,0.04330204
40,3552,0.043287825
40,3584,0.04338619
40,3616,0.04334335
40,3648,0.04341057
40,3680,0.043487858
40,3712,0.043221105
40,3744,0.04348935
40,3776,0.04332963
40,3808,0.043236032
40,3840,0.04334195
40,3872,0.04346974
40,3904,0.043315783
40,3936,0.04330079
40,3968,0.043283165
40,4000,0.04327555
40,4032,0.043306794
40,4064,0.043287385
40,4096,0.04331658
40,4128,0.04327456
40,4160,0.043163493
40,4192,0.043347258
40,4224,0.04321681
40,4256,0.043296248
40,4288,0.04327469
40,4320,0.04333629
40,4352,0.043344114
40,4384,0.043363582
40,4416,0.043539375
40,4448,0.043442886
40,4480,0.043428063
40,4512,0.04331015
40,4544,0.04313561
40,4576,0.043321867
40,4608,0.04316427
40,4640,0.043465305
40,4672,0.043218788
40,4704,0.04311873
40,4736,0.04302688
40,4768,0.04310204
40,4800,0.04303024
40,4832,0.043099094
40,4864,0.04310799
40,4896,0.0432584
40,4928,0.043110505
40,4960,0.043012995
40,4992,0.043171484
40,5024,0.042984325
40,5056,0.042876784
40,5088,0.043102697
40,5120,0.043066096
40,5152,0.0433121
40,5184,0.0431775
40,5216,0.04301975
40,5248,0.042989697
40,5280,0.04295418
40,5312,0.04310987
40,5344,0.042992048
40,5376,0.04323542
40,5408,0.043032587
40,5440,0.043102175
40,5472,0.04316626
40,5504,0.042970486
40,5536,0.043078523
40,5568,0.043070637
40,5600,0.042936597
40,5632,0.043048568
40,5664,0.04329512
40,5696,0.043379936
40,5728,0.043042846
40,5760,0.04306348
40,5792,0.043451868
40,5824,0.043136504
40,5856,0.04303811
40,5888,0.043313153
40,5920,0.043059584
40,5952,0.04325229
40,5984,0.04329825
40,6016,0.04323621
40,6048,0.043104082
40,6080,0.043467022
