1,0,0.12095571
1,32,0.08697532
1,64,0.05718957
1,96,0.051967237
1,128,0.05042885
1,160,0.04977763
1,192,0.049224135
1,224,0.04845171
1,256,0.04827881
1,288,0.047806207
1,320,0.047805782
1,352,0.047366254
1,384,0.047313135
1,416,0.046996433
1,448,0.04677272
1,480,0.0465271
1,512,0.046667714
1,544,0.04657098
1,576,0.04633517
1,608,0.046321582
1,640,0.04613077
1,672,0.04595122
1,704,0.04588202
1,736,0.045925852
1,768,0.045794122
1,800,0.04571641
1,832,0.04587451
1,864,0.04576543
1,896,0.045566976
1,928,0.045566417
1,960,0.04570278
1,992,0.045386706
1,1024,0.045543958
1,1056,0.047501367
1,1088,0.04733509
1,1120,0.047081042
1,1152,0.04694989
1,1184,0.04674392
1,1216,0.046588082
1,1248,0.046463754
1,1280,0.046244554
1,1312,0.046181887
1,1344,0.046123587
1,1376,0.046209037
1,1408,0.04611288
1,1440,0.04589481
1,1472,0.04591573
1,1504,0.045882795
1,1536,0.045796506
1,1568,0.045529768
1,1600,0.04555889
1,1632,0.045738865
1,1664,0.04551542
1,1696,0.04556039
1,1728,0.045432348
1,1760,0.04535518
1,1792,0.04525937
1,1824,0.045415282
1,1856,0.04547656
1,1888,0.045412928
1,1920,0.045126334
1,1952,0.045180965
1,1984,0.045258906
1,2016,0.045055192
1,2048,0.045019016
1,2080,0.04659641
1,2112,0.04648285
1,2144,0.04620246
1,2176,0.04605162
1,2208,0.04608304
1,2240,0.045804653
1,2272,0.045702778
1,2304,0.04571362
1,2336,0.045538355
1,2368,0.045734826
1,2400,0.045478147
1,2432,0.045444794
1,2464,0.045408733
1,2496,0.045558393
1,2528,0.04536723
1,2560,0.04520432
1,2592,0.045188207
1,2624,0.045036387
1,2656,0.045145694
1,2688,0.04512665
1,2720,0.044870544
1,2752,0.044971146
1,2784,0.04513708
1,2816,0.044853207
1,2848,0.04488317
1,2880,0.044888657
1,2912,0.0447187
1,2944,0.04501534
1,2976,0.044636935
1,3008,0.04476281
1,3040,0.04455531
1,3072,0.044616498
1,3104,0.046692017
1,3136,0.04640974
1,3168,0.046182398
1,3200,0.046178076
1,3232,0.045956913
1,3264,0.045979213
1,3296,0.045798067
1,3328,0.04565023
1,3360,0.04578826
1,3392,0.045682065
1,3424,0.045589842
1,3456,0.04543546
1,3488,0.045420367
1,3520,0.045280363
1,3552,0.04531719
1,3584,0.045070525
1,3616,0.045180693
1,3648,0.045085233
1,3680,0.044917032
1,3712,0.045031965
1,3744,0.044878494
1,3776,0.044921797
1,3808,0.044886354
1,3840,0.04491261
1,3872,0.044784296
1,3904,0.044963837
1,3936,0.04473942
1,3968,0.044687573
1,4000,0.044563863
1,4032,0.044795357
1,4064,0.04469602
1,4096,0.044583242
1,4128,0.046507534
1,4160,0.04638359
1,4192,0.046217322
1,4224,0.04602807
1,4256,0.045946013
1,4288,0.0458741
1,4320,0.045754306
1,4352,0.0457826
1,4384,0.045612074
1,4416,0.04555341
1,4448,0.045226805
1,4480,0.045236938
1,4512,0.045366734
1,4544,0.04528692
1,4576,0.045188665
1,4608,0.045216244
1,4640,0.045322094
1,4672,0.04541585
1,4704,0.045114465
1,4736,0.045134068
1,4768,0.0448905
1,4800,0.045009553
1,4832,0.04506165
1,4864,0.04493247
1,4896,0.04487111
1,4928,0.044803835
1,4960,0.04488513
1,4992,0.04479822
1,5024,0.044650845
1,5056,0.04466818
1,5088,0.044843756
1,5120,0.04469297
1,5152,0.04620942
1,5184,0.045884326
1,5216,0.045845408
1,5248,0.04578042
1,5280,0.045429762
1,5312,0.045349464
1,5344,0.04537349
1,5376,0.045284603
1,5408,0.045187615
1,5440,0.045094207
1,5472,0.044919945
1,5504,0.04518903
1,5536,0.04491413
1,5568,0.044704884
1,5600,0.04497295
1,5632,0.04495689
1,5664,0.04475989
1,5696,0.044565137
1,5728,0.044687144
1,5760,0.044556256
1,5792,0.044477
1,5824,0.044484235
1,5856,0.044521958
1,5888,0.044293813
1,5920,0.044412747
1,5952,0.044412162
1,5984,0.044457875
1,6016,0.044341568
1,6048,0.04443401
1,6080,0.044289712
2,0,0.044118717
2,32,0.0441976
2,64,0.045859236
2,96,0.04595776
2,128,0.045631014
2,160,0.04565625
2,192,0.045360133
2,224,0.045319393
2,256,0.045248132
2,288,0.045139853
2,320,0.045106612
2,352,0.044962868
2,384,0.04466226
2,416,0.04477288
2,448,0.044637363
2,480,0.044725783
2,512,0.044878736
2,544,0.044638943
2,576,0.044563066
2,608,0.044671893
2,640,0.044618193
2,672,0.044329487
2,704,0.04444485
2,736,0.044631068
2,768,0.044384234
2,800,0.044387396
2,832,0.04419216
2,864,0.04415096
2,896,0.044272657
2,928,0.04401909
2,960,0.04415763
2,992,0.04399159
2,1024,0.044121247
2,1056,0.044151437
2,1088,0.045509692
2,1120,0.045719452
2,1152,0.045505796
2,1184,0.045237478
2,1216,0.04535706
2,1248,0.045006227
2,1280,0.04499699
2,1312,0.04507683
2,1344,0.044834305
2,1376,0.044851948
2,1408,0.044653438
2,1440,0.044799805
2,1472,0.044516098
2,1504,0.044531293
2,1536,0.044615738
2,1568,0.044397973
2,1600,0.044420764
2,1632,0.04440354
2,1664,0.044299148
2,1696,0.044536274
2,1728,0.04423052
2,1760,0.044231195
2,1792,0.04430768
2,1824,0.044040594
2,1856,0.04436621
2,1888,0.04426845
2,1920,0.044012304
2,1952,0.044094756
2,1984,0.044039942
2,2016,0.043854076
2,2048,0.04401695
2,2080,0.043717884
2,2112,0.04560077
2,2144,0.045798924
2,2176,0.045514382
2,2208,0.045285523
2,2240,0.045174897
2,2272,0.04523059
2,2304,0.04488454
2,2336,0.044731647
2,2368,0.044666458
2,2400,0.044981003
2,2432,0.044780165
2,2464,0.044719826
2,2496,0.04459141
2,2528,0.04449121
2,2560,0.04453761
2,2592,0.044377346
2,2624,0.044207364
2,2656,0.044440225
2,2688,0.04435621
2,2720,0.044288766
2,2752,0.044247493
2,2784,0.04404151
2,2816,0.044201903
2,2848,0.044131286
2,2880,0.04395917
2,2912,0.044020895
2,2944,0.044038832
2,2976,0.04408451
2,3008,0.043914545
2,3040,0.04404379
2,3072,0.043899845
2,3104,0.043944106
2,3136,0.045570627
2,3168,0.045581266
2,3200,0.045414004
2,3232,0.045047425
2,3264,0.04502189
2,3296,0.044951733
2,3328,0.04478586
2,3360,0.044668075
2,3392,0.04477608
2,3424,0.044629436
2,3456,0.044407465
2,3488,0.04459525
2,3520,0.044180967
2,3552,0.044425096
2,3584,0.04431985
2,3616,0.04417336
2,3648,0.044197835
2,3680,0.044292003
2,3712,0.0441556
2,3744,0.043960128
2,3776,0.044129517
2,3808,0.04409036
2,3840,0.04393336
2,3872,0.044118132
2,3904,0.043833848
2,3936,0.04387675
2,3968,0.043871358
2,4000,0.043739304
2,4032,0.043926183
2,4064,0.043654837
2,4096,0.043660548
2,4128,0.04379333
2,4160,0.045498185
2,4192,0.04535995
2,4224,0.045299158
2,4256,0.04500027
2,4288,0.044786066
2,4320,0.044916414
2,4352,0.044789582
2,4384,0.04470202
2,4416,0.044768926
2,4448,0.04469203
2,4480,0.044621315
2,4512,0.04436465
2,4544,0.044311903
2,4576,0.044305176
2,4608,0.044352923
2,4640,0.044196006
2,4672,0.044170927
2,4704,0.04424229
2,4736,0.043935042
2,4768,0.044117317
2,4800,0.04405775
2,4832,0.043860644
2,4864,0.043945156
2,4896,0.04379799
2,4928,0.04388865
2,4960,0.0438467
2,4992,0.04385388
2,5024,0.043640517
2,5056,0.04383773
2,5088,0.043810856
2,5120,0.043719612
2,5152,0.04387945
2,5184,0.045209873
2,5216,0.045476727
2,5248,0.045415714
2,5280,0.0450449
2,5312,0.04491741
2,5344,0.044564746
2,5376,0.044717804
2,5408,0.04462151
2,5440,0.044503927
2,5472,0.04447915
2,5504,0.04430267
2,5536,0.04422354
2,5568,0.04420513
2,5600,0.044234674
2,5632,0.044151425
2,5664,0.044017814
2,5696,0.044064373
2,5728,0.04412841
2,5760,0.043906868
2,5792,0.043769836
2,5824,0.04401614
2,5856,0.0439128
2,5888,0.043876432
2,5920,0.044028547
2,5952,0.04374338
2,5984,0.043897834
2,6016,0.043682262
2,6048,0.043657847
2,6080,0.043575514
3,0,0.04358828
3,32,0.04351787
3,64,0.043462846
3,96,0.044833068
3,128,0.04560517
3,160,0.045353547
3,192,0.045366306
3,224,0.04483524
3,256,0.044801805
3,288,0.04460153
3,320,0.04484574
3,352,0.04449462
3,384,0.04460604
3,416,0.04450014
3,448,0.04447784
3,480,0.044419173
3,512,0.04430312
3,544,0.044397146
3,576,0.044132795
3,608,0.044266004
3,640,0.04427971
3,672,0.04409949
3,704,0.04423169
3,736,0.04418504
3,768,0.043939885
3,800,0.04375605
3,832,0.044060282
3,864,0.04393999
3,896,0.044068288
3,928,0.04387951
3,960,0.043676134
3,992,0.043985028
3,1024,0.04379325
3,1056,0.04382451
3,1088,0.043827076
3,1120,0.0446177
3,1152,0.045313533
3,1184,0.04504394
3,1216,0.045025256
3,1248,0.045125853
3,1280,0.044930056
3,1312,0.044683922
3,1344,0.044627767
3,1376,0.04457257
3,1408,0.04469059
3,1440,0.044373482
3,1472,0.044280957
3,1504,0.044149857
3,1536,0.044077292
3,1568,0.04409456
3,1600,0.04413851
3,1632,0.04404901
3,1664,0.043964494
3,1696,0.044010215
3,1728,0.043920003
3,1760,0.043769613
3,1792,0.04391945
3,1824,0.043908022
3,1856,0.04397642
3,1888,0.04382337
3,1920,0.043743912
3,1952,0.043562137
3,1984,0.043782424
3,2016,0.04369706
3,2048,0.04362884
3,2080,0.043599434
3,2112,0.043747205
3,2144,0.045049965
3,2176,0.045847632
3,2208,0.04547606
3,2240,0.045475412
3,2272,0.045230426
3,2304,0.045193303
3,2336,0.045210782
3,2368,0.044830717
3,2400,0.044810805
3,2432,0.04477755
3,2464,0.044549946
3,2496,0.04446533
3,2528,0.044612132
3,2560,0.044506375
3,2592,0.044259038
3,2624,0.04446741
3,2656,0.04438507
3,2688,0.044094246
3,2720,0.04434513
3,2752,0.044130236
3,2784,0.044165622
3,2816,0.04403775
3,2848,0.044287354
3,2880,0.044066347
3,2912,0.044157457
3,2944,0.044236403
3,2976,0.043848712
3,3008,0.04404841
3,3040,0.044030797
3,3072,0.043718442
3,3104,0.04391877
3,3136,0.043755725
3,3168,0.044797085
3,3200,0.045488358
3,3232,0.04526279
3,3264,0.044850595
3,3296,0.045144822
3,3328,0.044604167
3,3360,0.04463695
3,3392,0.044541515
3,3424,0.04449648
3,3456,0.04455928
3,3488,0.044251014
3,3520,0.04429098
3,3552,0.04417183
3,3584,0.044160716
3,3616,0.044144284
3,3648,0.044054735
3,3680,0.044024784
3,3712,0.044020925
3,3744,0.044196147
3,3776,0.04383593
3,3808,0.043831695
3,3840,0.043929145
3,3872,0.043813847
3,3904,0.043887287
3,3936,0.043492246
3,3968,0.04373859
3,4000,0.043658067
3,4032,0.043735128
3,4064,0.04373119
3,4096,0.043618064
3,4128,0.04341688
3,4160,0.043477762
3,4192,0.044574704
3,4224,0.045534287
3,4256,0.044913612
3,4288,0.04481777
3,4320,0.04497468
3,4352,0.04463971
3,4384,0.044568013
3,4416,0.044360373
3,4448,0.044445887
3,4480,0.044362754
3,4512,0.044062268
3,4544,0.044292454
3,4576,0.044123456
3,4608,0.04394303
3,4640,0.04397575
3,4672,0.043980107
3,4704,0.0439385
3,4736,0.043851756
3,4768,0.04383687
3,4800,0.04390054
3,4832,0.043847084
3,4864,0.043586083
3,4896,0.04376606
3,4928,0.043811906
3,4960,0.04353956
3,4992,0.043710254
3,5024,0.04362863
3,5056,0.04351603
3,5088,0.043380994
3,5120,0.04347194
3,5152,0.043273572
3,5184,0.043359485
3,5216,0.04457949
3,5248,0.04547988
3,5280,0.045116384
3,5312,0.045175318
3,5344,0.044864994
3,5376,0.044772483
3,5408,0.044531997
3,5440,0.04452107
3,5472,0.044430505
3,5504,0.044387616
3,5536,0.044344455
3,5568,0.044087183
3,5600,0.044312354
3,5632,0.0441893
3,5664,0.043937143
3,5696,0.04410577
3,5728,0.043988526
3,5760,0.043779023
3,5792,0.043929894
3,5824,0.0439005
3,5856,0.04361921
3,5888,0.043751474
3,5920,0.04357599
3,5952,0.043692157
3,5984,0.043488134
3,6016,0.043839965
3,6048,0.04357461
3,6080,0.043568
4,0,0.04364054
4,32,0.04366699
4,64,0.04337346
4,96,0.04352797
4,128,0.044152528
4,160,0.045388296
4,192,0.045190394
4,224,0.044882532
4,256,0.044546593
4,288,0.044441484
4,320,0.044298507
4,352,0.0442312
4,384,0.04422006
4,416,0.04401882
4,448,0.044006225
4,480,0.043800626
4,512,0.043815162
4,544,0.04374961
4,576,0.043971274
4,608,0.043899678
4,640,0.04373287
4,672,0.04361364
4,704,0.043710276
4,736,0.04353316
4,768,0.043551896
4,800,0.043658115
4,832,0.04345645
4,864,0.043405827
4,896,0.043278225
4,928,0.043599613
4,960,0.04342161
4,992,0.04353391
4,1024,0.043370664
4,1056,0.04326019
4,1088,0.043227546
4,1120,0.043389842
4,1152,0.043789543
4,1184,0.04529013
4,1216,0.04520948
4,1248,0.044841025
4,1280,0.044988498
4,1312,0.044757687
4,1344,0.044557557
4,1376,0.044536844
4,1408,0.04424371
4,1440,0.04427428
4,1472,0.04426834
4,1504,0.04412623
4,1536,0.04409603
4,1568,0.0440296
4,1600,0.044001713
4,1632,0.043876287
4,1664,0.043876875
4,1696,0.043841965
4,1728,0.043870136
4,1760,0.043818682
4,1792,0.043663938
4,1824,0.04364316
4,1856,0.04379216
4,1888,0.043469712
4,1920,0.04352439
4,1952,0.04367282
4,1984,0.04357935
4,2016,0.043391433
4,2048,0.043479722
4,2080,0.043398265
4,2112,0.043436777
4,2144,0.043384284
4,2176,0.04404384
4,2208,0.04546561
4,2240,0.045275696
4,2272,0.044941895
4,2304,0.044833858
4,2336,0.044657774
4,2368,0.04458104
4,2400,0.044487648
4,2432,0.044390265
4,2464,0.044233326
4,2496,0.04405444
4,2528,0.044019543
4,2560,0.044171993
4,2592,0.04425595
4,2624,0.043951623
4,2656,0.043949537
4,2688,0.043814044
4,2720,0.04372
4,2752,0.043776024
4,2784,0.043761164
4,2816,0.043723032
4,2848,0.04368585
4,2880,0.043707766
4,2912,0.043590117
4,2944,0.043676235
4,2976,0.04362814
4,3008,0.043472495
4,3040,0.043417163
4,3072,0.043498635
4,3104,0.043355893
4,3136,0.043367364
4,3168,0.043218065
4,3200,0.04391943
4,3232,0.045388695
4,3264,0.04491415
4,3296,0.04496801
4,3328,0.044637673
4,3360,0.044529445
4,3392,0.044346847
4,3424,0.044159345
4,3456,0.044030976
4,3488,0.04424374
4,3520,0.043881863
4,3552,0.044353157
4,3584,0.04383478
4,3616,0.04385326
4,3648,0.043998547
4,3680,0.043789886
4,3712,0.04367063
4,3744,0.043813534
4,3776,0.043734934
4,3808,0.043687344
4,3840,0.04359051
4,3872,0.04365378
4,3904,0.043420404
4,3936,0.043420143
4,3968,0.043330763
4,4000,0.04343367
4,4032,0.0436284
4,4064,0.043489266
4,4096,0.043427903
4,4128,0.04339356
4,4160,0.043283127
4,4192,0.043466683
4,4224,0.044042572
4,4256,0.04534898
4,4288,0.044995874
4,4320,0.04488812
4,4352,0.044643257
4,4384,0.044486552
4,4416,0.044585176
4,4448,0.044490263
4,4480,0.044354826
4,4512,0.044256628
4,4544,0.044267345
4,4576,0.043839622
4,4608,0.044078507
4,4640,0.04418619
4,4672,0.043914605
4,4704,0.04392868
4,4736,0.04383011
4,4768,0.04364159
4,4800,0.04384929
4,4832,0.043625727
4,4864,0.043464575
4,4896,0.043557942
4,4928,0.043654367
4,4960,0.043535426
4,4992,0.04353923
4,5024,0.04348487
4,5056,0.043530896
4,5088,0.043541826
4,5120,0.043368217
4,5152,0.043393712
4,5184,0.043410957
4,5216,0.04335173
4,5248,0.043934923
4,5280,0.04564885
4,5312,0.04543878
4,5344,0.04508536
4,5376,0.044861577
4,5408,0.044955824
4,5440,0.04478251
4,5472,0.04471711
4,5504,0.044628393
4,5536,0.044501387
4,5568,0.044412352
4,5600,0.04429299
4,5632,0.04418809
4,5664,0.04434384
4,5696,0.04413725
4,5728,0.044216078
4,5760,0.044036776
4,5792,0.044047825
4,5824,0.044058252
4,5856,0.043885283
4,5888,0.043908663
4,5920,0.04397153
4,5952,0.04375398
4,5984,0.043764055
4,6016,0.043829225
4,6048,0.04377546
4,6080,0.04389486
5,0,0.043783236
5,32,0.043665193
5,64,0.043706007
5,96,0.043593287
5,128,0.043685973
5,160,0.043619424
5,192,0.04554205
5,224,0.045220006
5,256,0.045045055
5,288,0.04490786
5,320,0.044727024
5,352,0.044624522
5,384,0.04445816
5,416,0.044353884
5,448,0.044346977
5,480,0.04430207
5,512,0.044230912
5,544,0.044205807
5,576,0.044066787
5,608,0.043975353
5,640,0.04400569
5,672,0.044059366
5,704,0.043620378
5,736,0.0438187
5,768,0.043472886
5,800,0.04368824
5,832,0.043799363
5,864,0.043821864
5,896,0.043653827
5,928,0.043593932
5,960,0.043438405
5,992,0.043486565
5,1024,0.043555148
5,1056,0.043581784
5,1088,0.043522626
5,1120,0.043439485
5,1152,0.04331662
5,1184,0.043305565
5,1216,0.045412105
5,1248,0.045236018
5,1280,0.0447114
5,1312,0.044880886
5,1344,0.0446349
5,1376,0.044420466
5,1408,0.04439938
5,1440,0.044062097
5,1472,0.044195887
5,1504,0.04413302
5,1536,0.04395423
5,1568,0.04402198
5,1600,0.044046298
5,1632,0.043951266
5,1664,0.0437974
5,1696,0.043720473
5,1728,0.043655504
5,1760,0.043601613
5,1792,0.043681618
5,1824,0.043578457
5,1856,0.04344882
5,1888,0.04352237
5,1920,0.04362052
5,1952,0.0435317
5,1984,0.043358542
5,2016,0.04348479
5,2048,0.043488227
5,2080,0.043363094
5,2112,0.04346536
5,2144,0.04333111
5,2176,0.04318162
5,2208,0.043281317
5,2240,0.04551534
5,2272,0.044983346
5,2304,0.04487213
5,2336,0.044834312
5,2368,0.044627108
5,2400,0.04443433
5,2432,0.044299863
5,2464,0.04433238
5,2496,0.044178408
5,2528,0.04434625
5,2560,0.04388645
5,2592,0.043965332
5,2624,0.043943882
5,2656,0.0438508
5,2688,0.043820366
5,2720,0.043803636
5,2752,0.043737996
5,2784,0.04374375
5,2816,0.043614652
5,2848,0.043581072
5,2880,0.043608468
5,2912,0.04336516
5,2944,0.043501176
5,2976,0.04337074
5,3008,0.04348824
5,3040,0.04351462
5,3072,0.04312321
5,3104,0.04334823
5,3136,0.043374542
5,3168,0.04346354
5,3200,0.043310337
5,3232,0.043156013
5,3264,0.04509445
5,3296,0.045020316
5,3328,0.044800386
5,3360,0.044424243
5,3392,0.04446714
5,3424,0.04436652
5,3456,0.044105425
5,3488,0.044069484
5,3520,0.04405647
5,3552,0.04386102
5,3584,0.043861244
5,3616,0.043903176
5,3648,0.043877065
5,3680,0.043885056
5,3712,0.043621436
5,3744,0.043604467
5,3776,0.043532662
5,3808,0.043506403
5,3840,0.04365243
5,3872,0.043453105
5,3904,0.04342324
5,3936,0.043337356
5,3968,0.043360274
5,4000,0.043451898
5,4032,0.043215994
5,4064,0.043058604
5,4096,0.04300404
5,4128,0.043070126
5,4160,0.043143246
5,4192,0.04323395
5,4224,0.042978957
5,4256,0.04308629
5,4288,0.04537382
5,4320,0.045194384
5,4352,0.045049936
5,4384,0.044821016
5,4416,0.044469517
5,4448,0.044553533
5,4480,0.044470806
5,4512,0.04416947
5,4544,0.044330135
5,4576,0.043977723
5,4608,0.044008892
5,4640,0.043913715
5,4672,0.04381943
5,4704,0.0439646
5,4736,0.043827206
5,4768,0.043592755
5,4800,0.043644205
5,4832,0.043679155
5,4864,0.04347371
5,4896,0.04362149
5,4928,0.043706253
5,4960,0.04360184
5,4992,0.043498103
5,5024,0.043605305
5,5056,0.043315552
5,5088,0.043358892
5,5120,0.04356844
5,5152,0.043306004
5,5184,0.043436702
5,5216,0.043320782
5,5248,0.04338361
5,5280,0.043524724
5,5312,0.045178812
5,5344,0.04503573
5,5376,0.04457329
5,5408,0.044391166
5,5440,0.044392098
5,5472,0.044287957
5,5504,0.044199456
5,5536,0.04399571
5,5568,0.043992646
5,5600,0.043921616
5,5632,0.043743096
5,5664,0.04387718
5,5696,0.043797854
5,5728,0.04349469
5,5760,0.04373254
5,5792,0.04362889
5,5824,0.0435161
5,5856,0.043417793
5,5888,0.04340629
5,5920,0.043325115
5,5952,0.043446
5,5984,0.04337502
5,6016,0.043351825
5,6048,0.043314088
5,6080,0.043419845
6,0,0.043415517
6,32,0.043268774
6,64,0.043252405
6,96,0.0432163
6,128,0.043053243
6,160,0.043082777
6,192,0.043118503
6,224,0.0447148
6,256,0.04517601
6,288,0.044826493
6,320,0.044480942
6,352,0.04450322
6,384,0.044420313
6,416,0.044158056
6,448,0.04415308
6,480,0.043955926
6,512,0.044082183
6,544,0.043890443
6,576,0.043700274
6,608,0.04373456
6,640,0.043708824
6,672,0.043794185
6,704,0.043691993
6,736,0.04375673
6,768,0.043589678
6,800,0.04350209
6,832,0.043397747
6,864,0.043545157
6,896,0.04354621
6,928,0.043439288
6,960,0.043440875
6,992,0.04335681
6,1024,0.04326262
6,1056,0.04330523
6,1088,0.043270953
6,1120,0.043259967
6,1152,0.043253373
6,1184,0.043232538
6,1216,0.043046214
6,1248,0.04493585
6,1280,0.045109354
6,1312,0.044993922
6,1344,0.044653602
6,1376,0.044478163
6,1408,0.04431467
6,1440,0.04441852
6,1472,0.044175312
6,1504,0.04425461
6,1536,0.044034217
6,1568,0.04397014
6,1600,0.043889314
6,1632,0.043899663
6,1664,0.043995004
6,1696,0.043717097
6,1728,0.04375721
6,1760,0.04388268
6,1792,0.04389412
6,1824,0.043687474
6,1856,0.043606274
6,1888,0.043513294
6,1920,0.043402832
6,1952,0.04342142
6,1984,0.043624397
6,2016,0.043579683
6,2048,0.043390226
6,2080,0.04324449
6,2112,0.0434717
6,2144,0.04331456
6,2176,0.043337904
6,2208,0.043224975
6,2240,0.043307714
6,2272,0.04503839
6,2304,0.045308545
6,2336,0.04500384
6,2368,0.044935707
6,2400,0.044722877
6,2432,0.04459242
6,2464,0.04441716
6,2496,0.04430217
6,2528,0.044367623
6,2560,0.04419495
6,2592,0.04405326
6,2624,0.044153072
6,2656,0.04404517
6,2688,0.04414867
6,2720,0.043747492
6,2752,0.04384934
6,2784,0.04374212
6,2816,0.043549784
6,2848,0.043604933
6,2880,0.0435043
6,2912,0.04367494
6,2944,0.043656763
6,2976,0.043636393
6,3008,0.0435988
6,3040,0.04354053
6,3072,0.04344284
6,3104,0.043338224
6,3136,0.04349053
6,3168,0.04335071
6,3200,0.043468527
6,3232,0.04354424
6,3264,0.043363765
6,3296,0.045291625
6,3328,0.045291927
6,3360,0.045015726
6,3392,0.044889815
6,3424,0.04469371
6,3456,0.044524636
6,3488,0.044636663
6,3520,0.04452848
6,3552,0.04433435
6,3584,0.04415625
6,3616,0.044059005
6,3648,0.044300772
6,3680,0.043920644
6,3712,0.044036802
6,3744,0.043984327
6,3776,0.04397705
6,3808,0.04406484
6,3840,0.044055037
6,3872,0.04381115
6,3904,0.043865044
6,3936,0.043669567
6,3968,0.043725044
6,4000,0.043690346
6,4032,0.043738034
6,4064,0.043456204
6,4096,0.043627985
6,4128,0.04354184
6,4160,0.0435824
6,4192,0.043616492
6,4224,0.043445665
6,4256,0.043500297
6,4288,0.043183375
6,4320,0.0449038
6,4352,0.045311097
6,4384,0.044775363
6,4416,0.044774193
6,4448,0.044662625
6,4480,0.04452707
6,4512,0.044449892
6,4544,0.044181276
6,4576,0.044123586
6,4608,0.044119135
6,4640,0.04402511
6,4672,0.043906923
6,4704,0.043957584
6,4736,0.04373863
6,4768,0.043849837
6,4800,0.043633353
6,4832,0.04365933
6,4864,0.04371805
6,4896,0.043613415
6,4928,0.043692917
6,4960,0.04352771
6,4992,0.043489516
6,5024,0.043651674
6,5056,0.043621853
6,5088,0.043399233
6,5120,0.043309964
6,5152,0.043506414
6,5184,0.043139543
6,5216,0.043335576
6,5248,0.043462783
6,5280,0.04332323
6,5312,0.043252867
6,5344,0.044807673
6,5376,0.044850253
6,5408,0.04473528
6,5440,0.0446212
6,5472,0.044471163
6,5504,0.04430254
6,5536,0.044320583
6,5568,0.044251654
6,5600,0.04397313
6,5632,0.043886457
6,5664,0.04412728
6,5696,0.04369474
6,5728,0.043814443
6,5760,0.04376568
6,5792,0.043783408
6,5824,0.0434006
6,5856,0.043421112
6,5888,0.04352783
6,5920,0.043596003
6,5952,0.043574974
6,5984,0.04329165
6,6016,0.043363687
6,6048,0.04338265
6,6080,0.04327495
7,0,0.04344214
7,32,0.04316545
7,64,0.043343965
7,96,0.043135747
7,128,0.043123845
7,160,0.043003075
7,192,0.04303446
7,224,0.0430737
7,256,0.04443924
7,288,0.045250677
7,320,0.044790592
7,352,0.04471012
7,384,0.0447218
7,416,0.04451573
7,448,0.044408254
7,480,0.044315416
7,512,0.044178884
7,544,0.044177018
7,576,0.043880038
7,608,0.043994684
7,640,0.043865222
7,672,0.043858808
7,704,0.04383504
7,736,0.043832
7,768,0.04366768
7,800,0.043578617
7,832,0.04364183
7,864,0.04349562
7,896,0.043581184
7,928,0.043480746
7,960,0.0434683
7,992,0.04345998
7,1024,0.043488782
7,1056,0.043549977
7,1088,0.043312654
7,1120,0.04326029
7,1152,0.043220434
7,1184,0.043187253
7,1216,0.04330418
7,1248,0.043357633
7,1280,0.044236526
7,1312,0.044909727
7,1344,0.044691127
7,1376,0.044379402
7,1408,0.044264156
7,1440,0.043948352
7,1472,0.043999534
7,1504,0.044014014
7,1536,0.043848827
7,1568,0.043823045
7,1600,0.043638263
7,1632,0.043688722
7,1664,0.043682575
7,1696,0.043525927
7,1728,0.04338599
7,1760,0.043559276
7,1792,0.04340639
7,1824,0.043308824
7,1856,0.043158036
7,1888,0.043132965
7,1920,0.043166243
7,1952,0.043280415
7,1984,0.04320418
7,2016,0.043123998
7,2048,0.04303114
7,2080,0.043156844
7,2112,0.043045785
7,2144,0.043114595
7,2176,0.043000083
7,2208,0.04286988
7,2240,0.043052014
7,2272,0.04281961
7,2304,0.04418712
7,2336,0.04512359
7,2368,0.04495614
7,2400,0.044635326
7,2432,0.044622272
7,2464,0.044422586
7,2496,0.04427065
7,2528,0.044299636
7,2560,0.044265892
7,2592,0.04408406
7,2624,0.043947965
7,2656,0.0438875
7,2688,0.04383871
7,2720,0.04382891
7,2752,0.043798957
7,2784,0.043743797
7,2816,0.04352277
7,2848,0.043623976
7,2880,0.043459177
7,2912,0.043545377
7,2944,0.043579128
7,2976,0.043648213
7,3008,0.04355416
7,3040,0.043417327
7,3072,0.04346659
7,3104,0.043347258
7,3136,0.043295577
7,3168,0.043416444
7,3200,0.04339089
7,3232,0.043207426
7,3264,0.043397006
7,3296,0.0431444
7,3328,0.0444502
7,3360,0.045050196
7,3392,0.044606075
7,3424,0.0444033
7,3456,0.044560734
7,3488,0.04439268
7,3520,0.044068016
7,3552,0.044072203
7,3584,0.04393819
7,3616,0.043819297
7,3648,0.043897945
7,3680,0.043852966
7,3712,0.043759223
7,3744,0.04373798
7,3776,0.043635163
7,3808,0.04365675
7,3840,0.0434769
7,3872,0.04360848
7,3904,0.043403402
7,3936,0.04334404
7,3968,0.043242205
7,4000,0.043298867
7,4032,0.043499563
7,4064,0.043425236
7,4096,0.043167196
7,4128,0.04315566
7,4160,0.043257684
7,4192,0.043367386
7,4224,0.043321237
7,4256,0.043306712
7,4288,0.04296687
7,4320,0.043031953
7,4352,0.044202972
7,4384,0.0449194
7,4416,0.04478191
7,4448,0.044489298
7,4480,0.044395126
7,4512,0.044197317
7,4544,0.044081796
7,4576,0.044393368
7,4608,0.044058397
7,4640,0.043890312
7,4672,0.043799933
7,4704,0.043741338
7,4736,0.04370102
7,4768,0.043665104
7,4800,0.043630924
7,4832,0.04346994
7,4864,0.043504756
7,4896,0.04355251
7,4928,0.04336168
7,4960,0.043287
7,4992,0.043424625
7,5024,0.043284133
7,5056,0.04337806
7,5088,0.04317773
7,5120,0.043332845
7,5152,0.04313388
7,5184,0.04337241
7,5216,0.042981513
7,5248,0.043031767
7,5280,0.043198317
7,5312,0.043168414
7,5344,0.04296568
7,5376,0.044262253
7,5408,0.045217562
7,5440,0.04463494
7,5472,0.044616517
7,5504,0.044632334
7,5536,0.044462986
7,5568,0.044258256
7,5600,0.04422902
7,5632,0.044199605
7,5664,0.04409052
7,5696,0.043916315
7,5728,0.044062227
7,5760,0.04376395
7,5792,0.04383408
7,5824,0.04360047
7,5856,0.043744974
7,5888,0.043739468
7,5920,0.043532435
7,5952,0.0436238
7,5984,0.04356004
7,6016,0.04354164
7,6048,0.043563858
7,6080,0.04333794
8,0,0.043429565
8,32,0.04327134
8,64,0.043333873
8,96,0.04337222
8,128,0.043487623
8,160,0.04332359
8,192,0.043254312
8,224,0.043415856
8,256,0.043222003
8,288,0.043990895
8,320,0.045423508
8,352,0.04514963
8,384,0.044874478
8,416,0.04474637
8,448,0.044638816
8,480,0.044734318
8,512,0.04449353
8,544,0.044464327
8,576,0.044463184
8,608,0.044314317
8,640,0.044248912
8,672,0.044222947
8,704,0.044013962
8,736,0.043938924
8,768,0.04406085
8,800,0.04390348
8,832,0.043927502
8,864,0.043760676
8,896,0.043900184
8,928,0.04374373
8,960,0.04366295
8,992,0.04373027
8,1024,0.043916173
8,1056,0.043648425
8,1088,0.043770522
8,1120,0.04367564
8,1152,0.04365008
8,1184,0.043686263
8,1216,0.043654606
8,1248,0.043668035
8,1280,0.043448575
8,1312,0.044175435
8,1344,0.045347262
8,1376,0.0449528
8,1408,0.04486549
8,1440,0.044360995
8,1472,0.044366702
8,1504,0.044358924
8,1536,0.044116512
8,1568,0.043961868
8,1600,0.043854676
8,1632,0.043897342
8,1664,0.043977447
8,1696,0.0437789
8,1728,0.04382212
8,1760,0.04374157
8,1792,0.04375301
8,1824,0.04367616
8,1856,0.04355316
8,1888,0.0435289
8,1920,0.043505814
8,1952,0.043381184
8,1984,0.043270413
8,2016,0.043461762
8,2048,0.04332739
8,2080,0.04317129
8,2112,0.043258674
8,2144,0.04349455
8,2176,0.043287285
8,2208,0.04324206
8,2240,0.04332737
8,2272,0.043085147
8,2304,0.043463748
8,2336,0.04370909
8,2368,0.044931483
8,2400,0.04477655
8,2432,0.04477693
8,2464,0.04435427
8,2496,0.044152096
8,2528,0.044225384
8,2560,0.04415012
8,2592,0.044123977
8,2624,0.04398873
8,2656,0.043990035
8,2688,0.0437937
8,2720,0.04372669
8,2752,0.043761574
8,2784,0.043722175
8,2816,0.043632273
8,2848,0.043442685
8,2880,0.043685537
8,2912,0.043290075
8,2944,0.04344962
8,2976,0.0436611
8,3008,0.0433838
8,3040,0.04319652
8,3072,0.043219335
8,3104,0.04305644
8,3136,0.04317719
8,3168,0.043356217
8,3200,0.04319416
8,3232,0.043211162
8,3264,0.043066222
8,3296,0.042993195
8,3328,0.04309495
8,3360,0.04359557
8,3392,0.045243282
8,3424,0.045054957
8,3456,0.044787034
8,3488,0.0447467
8,3520,0.04438382
8,3552,0.044455267
8,3584,0.044151783
8,3616,0.044106837
8,3648,0.04401988
8,3680,0.044017684
8,3712,0.043859996
8,3744,0.043847002
8,3776,0.043764655
8,3808,0.043760702
8,3840,0.043449797
8,3872,0.043792613
8,3904,0.043540988
8,3936,0.043558646
8,3968,0.04342637
8,4000,0.043327346
8,4032,0.043440685
8,4064,0.04353858
8,4096,0.04332831
8,4128,0.043291733
8,4160,0.043179
8,4192,0.04328832
8,4224,0.043181974
8,4256,0.043331165
8,4288,0.04318638
8,4320,0.04311345
8,4352,0.043218996
8,4384,0.043742757
8,4416,0.04498192
8,4448,0.044639222
8,4480,0.044516213
8,4512,0.044307586
8,4544,0.04408069
8,4576,0.044211715
8,4608,0.043867707
8,4640,0.043949988
8,4672,0.04370661
8,4704,0.04383326
8,4736,0.04354012
8,4768,0.04368255
8,4800,0.043460652
8,4832,0.04353129
8,4864,0.043392815
8,4896,0.043389425
8,4928,0.043374036
8,4960,0.043372378
8,4992,0.043292202
8,5024,0.043228526
8,5056,0.043373704
8,5088,0.04312385
8,5120,0.04302852
8,5152,0.043145973
8,5184,0.042998217
8,5216,0.0430247
8,5248,0.042997323
8,5280,0.042917106
8,5312,0.043001812
8,5344,0.04279485
8,5376,0.042788826
8,5408,0.04351924
8,5440,0.04510014
8,5472,0.044949595
8,5504,0.044569816
8,5536,0.044580545
8,5568,0.044241644
8,5600,0.044264656
8,5632,0.044161286
8,5664,0.0442098
8,5696,0.044074073
8,5728,0.044065367
8,5760,0.043720987
8,5792,0.043873526
8,5824,0.0437024
8,5856,0.04382752
8,5888,0.043717775
8,5920,0.043567564
8,5952,0.043498177
8,5984,0.043566223
8,6016,0.043275397
8,6048,0.043400098
8,6080,0.043274514
9,0,0.043337133
9,32,0.043134745
9,64,0.04324638
9,96,0.04349776
9,128,0.04330589
9,160,0.04344985
9,192,0.04317008
9,224,0.04331677
9,256,0.043040194
9,288,0.043110557
9,320,0.043038268
9,352,0.0449745
9,384,0.04471566
9,416,0.04449027
9,448,0.044384032
9,480,0.044450495
9,512,0.044267736
9,544,0.043884646
9,576,0.0440198
9,608,0.04384051
9,640,0.04383028
9,672,0.04397131
9,704,0.043867953
9,736,0.043506805
9,768,0.043626707
9,800,0.043419138
9,832,0.04349522
9,864,0.04349293
9,896,0.043305617
9,928,0.043373592
9,960,0.043351658
9,992,0.04323934
9,1024,0.043196447
9,1056,0.043097835
9,1088,0.04317251
9,1120,0.043160595
9,1152,0.04316384
9,1184,0.04320473
9,1216,0.04320677
9,1248,0.043235593
9,1280,0.04311348
9,1312,0.043183472
9,1344,0.043043416
9,1376,0.04521675
9,1408,0.044761993
9,1440,0.0446416
9,1472,0.044375565
9,1504,0.044405527
9,1536,0.04401726
9,1568,0.044066522
9,1600,0.043895174
9,1632,0.043882687
9,1664,0.04388927
9,1696,0.04372226
9,1728,0.04380893
9,1760,0.04350036
9,1792,0.04349252
9,1824,0.043578297
9,1856,0.0435077
9,1888,0.04346424
9,1920,0.043577958
9,1952,0.043462217
9,1984,0.043315943
9,2016,0.04322474
9,2048,0.043212216
9,2080,0.04335761
9,2112,0.04333721
9,2144,0.043210827
9,2176,0.04302683
9,2208,0.04306193
9,2240,0.043179587
9,2272,0.04315914
9,2304,0.043172427
9,2336,0.04291073
9,2368,0.043062538
9,2400,0.045072306
9,2432,0.04471996
9,2464,0.044746175
9,2496,0.04430867
9,2528,0.044514902
9,2560,0.044415865
9,2592,0.044322073
9,2624,0.04413994
9,2656,0.04409815
9,2688,0.044039473
9,2720,0.04398576
9,2752,0.043767735
9,2784,0.04376586
9,2816,0.043671623
9,2848,0.043720018
9,2880,0.043615274
9,2912,0.04352762
9,2944,0.04357251
9,2976,0.043521367
9,3008,0.043397743
9,3040,0.04350183
9,3072,0.043323454
9,3104,0.043362014
9,3136,0.043275945
9,3168,0.043235086
9,3200,0.043215796
9,3232,0.043292366
9,3264,0.043246172
9,3296,0.043244608
9,3328,0.043169864
9,3360,0.0430796
9,3392,0.04330409
9,3424,0.04532988
9,3456,0.045076475
9,3488,0.044922065
9,3520,0.04473768
9,3552,0.044447877
9,3584,0.04442164
9,3616,0.044251733
9,3648,0.044196974
9,3680,0.044147983
9,3712,0.044249993
9,3744,0.044026613
9,3776,0.043918166
9,3808,0.043862768
9,3840,0.04381203
9,3872,0.043871615
9,3904,0.04378677
9,3936,0.043808546
9,3968,0.043773055
9,4000,0.04372967
9,4032,0.043564964
9,4064,0.043492828
9,4096,0.04337605
9,4128,0.04361597
9,4160,0.04329608
9,4192,0.043492515
9,4224,0.04361932
9,4256,0.04324679
9,4288,0.0436185
9,4320,0.043244984
9,4352,0.04333155
9,4384,0.04325574
9,4416,0.043214407
9,4448,0.045518473
9,4480,0.044925947
9,4512,0.04506076
9,4544,0.044715237
9,4576,0.04458657
9,4608,0.044302832
9,4640,0.044324327
9,4672,0.04417
9,4704,0.044213008
9,4736,0.044016205
9,4768,0.044062264
9,4800,0.04400379
9,4832,0.043925557
9,4864,0.043704405
9,4896,0.043807715
9,4928,0.043883756
9,4960,0.043690763
9,4992,0.043869212
9,5024,0.043519165
9,5056,0.043573987
9,5088,0.0434929
9,5120,0.043582335
9,5152,0.043503005
9,5184,0.04341858
9,5216,0.04360815
9,5248,0.043496504
9,5280,0.04333325
9,5312,0.04347872
9,5344,0.043255586
9,5376,0.043269817
9,5408,0.043467473
9,5440,0.0432755
9,5472,0.04520589
9,5504,0.04489163
9,5536,0.044680946
9,5568,0.044618845
9,5600,0.04440476
9,5632,0.04428112
9,5664,0.04416761
9,5696,0.043949813
9,5728,0.043936968
9,5760,0.04385678
9,5792,0.04399731
9,5824,0.043676697
9,5856,0.04358495
9,5888,0.043637227
9,5920,0.043517303
9,5952,0.043412976
9,5984,0.043425165
9,6016,0.043268077
9,6048,0.043458093
9,6080,0.043434866
10,0,0.04320337
10,32,0.043215483
10,64,0.04338141
10,96,0.043251965
10,128,0.04314927
10,160,0.042974845
10,192,0.043072097
10,224,0.043182548
10,256,0.043138992
10,288,0.04304519
10,320,0.043024752
10,352,0.043018777
10,384,0.04477059
10,416,0.04471044
10,448,0.04464555
10,480,0.044446778
10,512,0.04434058
10,544,0.04431239
10,576,0.04398661
10,608,0.043827258
10,640,0.043954883
10,672,0.04377572
10,704,0.04377353
10,736,0.043585066
10,768,0.043660775
10,800,0.043776583
10,832,0.043619923
10,864,0.04361836
10,896,0.043462496
10,928,0.043493662
10,960,0.043337062
10,992,0.043350793
10,1024,0.043108582
10,1056,0.043407712
10,1088,0.043257885
10,1120,0.043010164
10,1152,0.043198004
10,1184,0.043222636
10,1216,0.043077007
10,1248,0.043126337
10,1280,0.043178067
10,1312,0.043172937
10,1344,0.04319304
10,1376,0.043168075
10,1408,0.044673786
10,1440,0.044902623
10,1472,0.044676356
10,1504,0.04470404
10,1536,0.04433346
10,1568,0.044350374
10,1600,0.044346936
10,1632,0.044097103
10,1664,0.04395093
10,1696,0.044136483
10,1728,0.044044536
10,1760,0.043786388
10,1792,0.043924402
10,1824,0.04374848
10,1856,0.043623116
10,1888,0.04355524
10,1920,0.043505188
10,1952,0.043715723
10,1984,0.04340754
10,2016,0.043372363
10,2048,0.04361722
10,2080,0.043457605
10,2112,0.04338572
10,2144,0.043373525
10,2176,0.043247968
10,2208,0.04331206
10,2240,0.04321458
10,2272,0.043153048
10,2304,0.043070074
10,2336,0.043073073
10,2368,0.043077677
10,2400,0.042993367
10,2432,0.044590194
10,2464,0.044583168
10,2496,0.044276923
10,2528,0.04441694
10,2560,0.044091728
10,2592,0.043950956
10,2624,0.0438587
10,2656,0.043737188
10,2688,0.04383775
10,2720,0.04378544
10,2752,0.04360801
10,2784,0.04356709
10,2816,0.043584548
10,2848,0.04333658
10,2880,0.043446958
10,2912,0.0434139
10,2944,0.043330662
10,2976,0.04293089
10,3008,0.043350823
10,3040,0.043212768
10,3072,0.043233916
10,3104,0.042995173
10,3136,0.043019857
10,3168,0.042944163
10,3200,0.043005306
10,3232,0.043014556
10,3264,0.042805526
10,3296,0.04289877
10,3328,0.04294367
10,3360,0.04291353
10,3392,0.0428461
10,3424,0.04270945
10,3456,0.04487615
10,3488,0.04494364
10,3520,0.044877607
10,3552,0.04454643
10,3584,0.04450475
10,3616,0.044144563
10,3648,0.04423321
10,3680,0.044075716
10,3712,0.044178426
10,3744,0.04394054
10,3776,0.04394504
10,3808,0.043857504
10,3840,0.043867387
10,3872,0.043748677
10,3904,0.043679092
10,3936,0.04365151
10,3968,0.043702982
10,4000,0.043638192
10,4032,0.04353834
10,4064,0.04342671
10,4096,0.04340034
10,4128,0.043511786
10,4160,0.04332029
10,4192,0.043326557
10,4224,0.043157514
10,4256,0.04337028
10,4288,0.04327324
10,4320,0.043241765
10,4352,0.043249745
10,4384,0.042924516
10,4416,0.043335155
10,4448,0.043058477
10,4480,0.044689197
10,4512,0.044722334
10,4544,0.04449148
10,4576,0.044225477
10,4608,0.044122554
10,4640,0.04417722
10,4672,0.043930765
10,4704,0.04401506
10,4736,0.043781392
10,4768,0.043771133
10,4800,0.04378971
10,4832,0.043718927
10,4864,0.043762486
10,4896,0.043578237
10,4928,0.043466657
10,4960,0.043336634
10,4992,0.043576498
10,5024,0.043225687
10,5056,0.04340052
10,5088,0.043221913
10,5120,0.043526147
10,5152,0.043362457
10,5184,0.04324497
10,5216,0.043150302
10,5248,0.042928986
10,5280,0.042962786
10,5312,0.04306938
10,5344,0.0431625
10,5376,0.04319171
10,5408,0.043076046
10,5440,0.042986266
10,5472,0.042993333
10,5504,0.044831514
10,5536,0.044750888
10,5568,0.044780865
10,5600,0.044453263
10,5632,0.044232417
10,5664,0.044211484
10,5696,0.04415467
10,5728,0.044083677
10,5760,0.043978434
10,5792,0.04375709
10,5824,0.043559264
10,5856,0.043710344
10,5888,0.043897856
10,5920,0.043636966
10,5952,0.043488123
10,5984,0.043523967
10,6016,0.043651562
10,6048,0.04336219
10,6080,0.043315705
11,0,0.043294147
11,32,0.04353008
11,64,0.04342783
11,96,0.043262325
11,128,0.043184098
11,160,0.04310931
11,192,0.043239437
11,224,0.043326095
11,256,0.043072544
11,288,0.043055657
11,320,0.0429718
11,352,0.04293729
11,384,0.043128844
11,416,0.044132125
11,448,0.044767834
11,480,0.044828195
11,512,0.04453106
11,544,0.04444845
11,576,0.04415028
11,608,0.044111315
11,640,0.043945916
11,672,0.0440585
11,704,0.0440205
11,736,0.043948043
11,768,0.04370068
11,800,0.043676153
11,832,0.04372414
11,864,0.043473896
11,896,0.043449298
11,928,0.043369394
11,960,0.043506674
11,992,0.04335812
11,1024,0.043493748
11,1056,0.043386206
11,1088,0.04316928
11,1120,0.04320994
11,1152,0.043203354
11,1184,0.0432721
11,1216,0.043231357
11,1248,0.043473233
11,1280,0.04317254
11,1312,0.043084677
11,1344,0.043090947
11,1376,0.043022126
11,1408,0.043068513
11,1440,0.044341624
11,1472,0.04535987
11,1504,0.04511936
11,1536,0.044867013
11,1568,0.04464705
11,1600,0.044600632
11,1632,0.044489212
11,1664,0.04443611
11,1696,0.04425199
11,1728,0.044293452
11,1760,0.044261325
11,1792,0.04395779
11,1824,0.044001415
11,1856,0.043844692
11,1888,0.044064343
11,1920,0.04388942
11,1952,0.043980822
11,1984,0.04366143
11,2016,0.0439026
11,2048,0.043717433
11,2080,0.04376823
11,2112,0.04352603
11,2144,0.043673173
11,2176,0.043718215
11,2208,0.043702513
11,2240,0.043379236
11,2272,0.04351171
11,2304,0.04355865
11,2336,0.043429423
11,2368,0.043548953
11,2400,0.04326241
11,2432,0.04332133
11,2464,0.04432453
11,2496,0.04495037
11,2528,0.044616368
11,2560,0.04468406
11,2592,0.044328023
11,2624,0.044266447
11,2656,0.04409758
11,2688,0.04401465
11,2720,0.043961268
11,2752,0.043904364
11,2784,0.043911155
11,2816,0.043768402
11,2848,0.043729667
11,2880,0.04354218
11,2912,0.043420278
11,2944,0.04359559
11,2976,0.043646246
11,3008,0.043446623
11,3040,0.043325286
11,3072,0.043249786
11,3104,0.04330719
11,3136,0.04334711
11,3168,0.043361444
11,3200,0.043294884
11,3232,0.042994734
11,3264,0.043381672
11,3296,0.043179207
11,3328,0.043248672
11,3360,0.043082956
11,3392,0.042996824
11,3424,0.042967148
11,3456,0.042985085
11,3488,0.04423141
11,3520,0.04507841
11,3552,0.04477649
11,3584,0.044533823
11,3616,0.044635706
11,3648,0.044389267
11,3680,0.04415427
11,3712,0.043999415
11,3744,0.043941718
11,3776,0.043813262
11,3808,0.04368859
11,3840,0.043798633
11,3872,0.043895528
11,3904,0.043759245
11,3936,0.04347387
11,3968,0.043407828
11,4000,0.04365195
11,4032,0.04352775
11,4064,0.043428924
11,4096,0.04345658
11,4128,0.043417558
11,4160,0.043357924
11,4192,0.043166194
11,4224,0.04321375
11,4256,0.043206863
11,4288,0.04315285
11,4320,0.043007962
11,4352,0.043046344
11,4384,0.043170206
11,4416,0.043177024
11,4448,0.042958055
11,4480,0.04293889
11,4512,0.04414945
11,4544,0.044833977
11,4576,0.04467773
11,4608,0.04458209
11,4640,0.04436611
11,4672,0.04416432
11,4704,0.04411814
11,4736,0.044099588
11,4768,0.044103637
11,4800,0.043916505
11,4832,0.043721505
11,4864,0.043527033
11,4896,0.04352632
11,4928,0.04378924
11,4960,0.04359685
11,4992,0.04355798
11,5024,0.043428484
11,5056,0.04326643
11,5088,0.04333739
11,5120,0.043193124
11,5152,0.04323955
11,5184,0.043267652
11,5216,0.043189492
11,5248,0.04314116
11,5280,0.04315278
11,5312,0.043187737
11,5344,0.04308968
11,5376,0.043212537
11,5408,0.043187976
11,5440,0.042999532
11,5472,0.04292794
11,5504,0.043123055
11,5536,0.044033572
11,5568,0.04479076
11,5600,0.044509944
11,5632,0.0442852
11,5664,0.044044454
11,5696,0.044079494
11,5728,0.043770913
11,5760,0.043819483
11,5792,0.04377351
11,5824,0.04369669
11,5856,0.043667432
11,5888,0.04343958
11,5920,0.043627154
11,5952,0.04369532
11,5984,0.043614108
11,6016,0.043332987
11,6048,0.043108635
11,6080,0.043389034
12,0,0.043179523
12,32,0.04318234
12,64,0.04334033
12,96,0.04308493
12,128,0.04307397
12,160,0.043008044
12,192,0.043137204
12,224,0.043014146
12,256,0.042937055
12,288,0.04294319
12,320,0.042975906
12,352,0.043040782
12,384,0.042976797
12,416,0.04288963
12,448,0.04353873
12,480,0.044937752
12,512,0.044859696
12,544,0.044405796
12,576,0.04456348
12,608,0.044287704
12,640,0.044082392
12,672,0.044171
12,704,0.044116367
12,736,0.043813877
12,768,0.04386338
12,800,0.043767966
12,832,0.04371182
12,864,0.043467093
12,896,0.04357626
12,928,0.043701172
12,960,0.04355543
12,992,0.043255124
12,1024,0.04330578
12,1056,0.043520533
12,1088,0.04321406
12,1120,0.043260705
12,1152,0.04308097
12,1184,0.04321298
12,1216,0.04308812
12,1248,0.04314836
12,1280,0.043212626
12,1312,0.04310655
12,1344,0.04316528
12,1376,0.04309711
12,1408,0.042561844
12,1440,0.04299629
12,1472,0.043763753
12,1504,0.04490025
12,1536,0.044612776
12,1568,0.044715144
12,1600,0.044330228
12,1632,0.044251528
12,1664,0.0441701
12,1696,0.043959882
12,1728,0.04397714
12,1760,0.043941133
12,1792,0.04376
12,1824,0.043830015
12,1856,0.043654505
12,1888,0.043809526
12,1920,0.04356121
12,1952,0.04340334
12,1984,0.043653682
12,2016,0.04357209
12,2048,0.043388836
12,2080,0.043315537
12,2112,0.043415073
12,2144,0.043431893
12,2176,0.043198965
12,2208,0.04321006
12,2240,0.043254245
12,2272,0.043221455
12,2304,0.043254778
12,2336,0.04299154
12,2368,0.04289135
12,2400,0.043028895
12,2432,0.043114368
12,2464,0.042922486
12,2496,0.043684892
12,2528,0.04479717
12,2560,0.044692133
12,2592,0.04443027
12,2624,0.044116914
12,2656,0.044112988
12,2688,0.043888398
12,2720,0.043875754
12,2752,0.04376461
12,2784,0.043758202
12,2816,0.043578688
12,2848,0.043424092
12,2880,0.043710954
12,2912,0.043724507
12,2944,0.043294657
12,2976,0.043384366
12,3008,0.04335206
12,3040,0.04337775
12,3072,0.043282337
12,3104,0.04326153
12,3136,0.043180447
12,3168,0.043070063
12,3200,0.043290805
12,3232,0.043099467
12,3264,0.043299433
12,3296,0.043086164
12,3328,0.04301388
12,3360,0.042921726
12,3392,0.042952307
12,3424,0.04285372
12,3456,0.04288453
12,3488,0.043038897
12,3520,0.043627616
12,3552,0.044886973
12,3584,0.04479758
12,3616,0.044733185
12,3648,0.04447899
12,3680,0.044320036
12,3712,0.044216264
12,3744,0.044150632
12,3776,0.043989863
12,3808,0.043848578
12,3840,0.043766357
12,3872,0.043720864
12,3904,0.043776844
12,3936,0.043725472
12,3968,0.043446317
12,4000,0.043581657
12,4032,0.04338734
12,4064,0.04352024
12,4096,0.043353256
12,4128,0.043304976
12,4160,0.043446463
12,4192,0.04334889
12,4224,0.043393966
12,4256,0.04325092
12,4288,0.043183915
12,4320,0.043185502
12,4352,0.0432437
12,4384,0.043165706
12,4416,0.04314068
12,4448,0.043026634
12,4480,0.0431197
12,4512,0.043101534
12,4544,0.043877266
12,4576,0.04531862
12,4608,0.045011584
12,4640,0.0449012
12,4672,0.044842508
12,4704,0.04444967
12,4736,0.044376217
12,4768,0.044315614
12,4800,0.044141464
12,4832,0.044147577
12,4864,0.044063114
12,4896,0.044109616
12,4928,0.043851405
12,4960,0.043843433
12,4992,0.043839555
12,5024,0.043791
12,5056,0.043585137
12,5088,0.04358414
12,5120,0.043435693
12,5152,0.043481525
12,5184,0.043543804
12,5216,0.04332201
12,5248,0.043443065
12,5280,0.04357824
12,5312,0.04331421
12,5344,0.04335787
12,5376,0.043366555
12,5408,0.043352753
12,5440,0.043299645
12,5472,0.043158002
12,5504,0.04305282
12,5536,0.043141495
12,5568,0.043903563
12,5600,0.045213487
12,5632,0.044972036
12,5664,0.04475013
12,5696,0.04446707
12,5728,0.04437677
12,5760,0.044180192
12,5792,0.044111542
12,5824,0.044064946
12,5856,0.044151243
12,5888,0.044110868
12,5920,0.04397071
12,5952,0.043991674
12,5984,0.043842662
12,6016,0.04369018
12,6048,0.043444227
12,6080,0.04365627
13,0,0.043734804
13,32,0.04355891
13,64,0.043393046
13,96,0.0435449
13,128,0.043386422
13,160,0.043327235
13,192,0.04346028
13,224,0.043366298
13,256,0.043274947
13,288,0.043205984
13,320,0.043227196
13,352,0.04332519
13,384,0.043436605
13,416,0.043182947
13,448,0.043218967
13,480,0.043271974
13,512,0.045132045
13,544,0.04482196
13,576,0.044552293
13,608,0.0443603
13,640,0.044258002
13,672,0.04395706
13,704,0.044312365
13,736,0.044087745
13,768,0.043770745
13,800,0.043810852
13,832,0.043593854
13,864,0.043628152
13,896,0.043626223
13,928,0.043573923
13,960,0.043531865
13,992,0.043388568
13,1024,0.043626845
13,1056,0.04341083
13,1088,0.043425318
13,1120,0.043406364
13,1152,0.043273352
13,1184,0.043180212
13,1216,0.04324765
13,1248,0.043045077
13,1280,0.043091834
13,1312,0.043196578
13,1344,0.0429603
13,1376,0.042971686
13,1408,0.04295754
13,1440,0.042973675
13,1472,0.042905726
13,1504,0.043112688
13,1536,0.044997297
13,1568,0.044661053
13,1600,0.04447321
13,1632,0.044323888
13,1664,0.044234022
13,1696,0.044183157
13,1728,0.044132646
13,1760,0.04395643
13,1792,0.043858297
13,1824,0.0436809
13,1856,0.043677866
13,1888,0.043724574
13,1920,0.043745004
13,1952,0.043445453
13,1984,0.043443497
13,2016,0.043651015
13,2048,0.04348063
13,2080,0.04343065
13,2112,0.043418374
13,2144,0.043223612
13,2176,0.04319758
13,2208,0.043085326
13,2240,0.043175027
13,2272,0.043155704
13,2304,0.043233883
13,2336,0.04306893
13,2368,0.042979814
13,2400,0.043087192
13,2432,0.043115705
13,2464,0.04296564
13,2496,0.04285622
13,2528,0.04318257
13,2560,0.044961654
13,2592,0.044762414
13,2624,0.04459914
13,2656,0.044464108
13,2688,0.04406021
13,2720,0.04412657
13,2752,0.044066835
13,2784,0.043972645
13,2816,0.044023324
13,2848,0.043828126
13,2880,0.043842506
13,2912,0.04370725
13,2944,0.043645132
13,2976,0.043601044
13,3008,0.043586053
13,3040,0.04350842
13,3072,0.043530684
13,3104,0.0434813
13,3136,0.043397207
13,3168,0.043333236
13,3200,0.043186523
13,3232,0.043372866
13,3264,0.043348502
13,3296,0.043061465
13,3328,0.043280035
13,3360,0.043117493
13,3392,0.043149818
13,3424,0.042977538
13,3456,0.04293071
13,3488,0.043049306
13,3520,0.043122597
13,3552,0.042886175
13,3584,0.0450093
13,3616,0.044571333
13,3648,0.044479437
13,3680,0.044189073
13,3712,0.044248886
13,3744,0.044145823
13,3776,0.04391456
13,3808,0.043838296
13,3840,0.043753367
13,3872,0.04367736
13,3904,0.043731254
13,3936,0.0436052
13,3968,0.043726835
13,4000,0.043536548
13,4032,0.043439794
13,4064,0.043360006
13,4096,0.043452393
13,4128,0.043412097
13,4160,0.043365847
13,4192,0.04316928
13,4224,0.04320424
13,4256,0.0429266
13,4288,0.042901535
13,4320,0.042914286
13,4352,0.043185886
13,4384,0.04284731
13,4416,0.04293697
13,4448,0.04315151
13,4480,0.042869166
13,4512,0.042908154
13,4544,0.042825226
13,4576,0.04296847
13,4608,0.04510533
13,4640,0.04486966
13,4672,0.044585574
13,4704,0.044403877
13,4736,0.04428637
13,4768,0.04417124
13,4800,0.04407169
13,4832,0.044056464
13,4864,0.043856848
13,4896,0.043886766
13,4928,0.04386196
13,4960,0.04357476
13,4992,0.043804523
13,5024,0.043652926
13,5056,0.043408334
13,5088,0.043464612
13,5120,0.043484412
13,5152,0.043363426
13,5184,0.04332754
13,5216,0.043334726
13,5248,0.043284696
13,5280,0.043357644
13,5312,0.043217327
13,5344,0.0430884
13,5376,0.043126684
13,5408,0.04316702
13,5440,0.04281
13,5472,0.043341275
13,5504,0.043235216
13,5536,0.042952698
13,5568,0.0431934
13,5600,0.04307269
13,5632,0.044763483
13,5664,0.044531386
13,5696,0.044368736
13,5728,0.044144418
13,5760,0.044106014
13,5792,0.044054143
13,5824,0.044080373
13,5856,0.0438676
13,5888,0.043763027
13,5920,0.04365414
13,5952,0.04359737
13,5984,0.043549474
13,6016,0.043443404
13,6048,0.043471873
13,6080,0.04348254
14,0,0.043244388
14,32,0.043371707
14,64,0.04343747
14,96,0.04303618
14,128,0.04323992
14,160,0.04305155
14,192,0.043259658
14,224,0.043088764
14,256,0.043037914
14,288,0.043018974
14,320,0.042883992
14,352,0.042993423
14,384,0.043110274
14,416,0.04305724
14,448,0.042817205
14,480,0.04280686
14,512,0.04273703
14,544,0.044619538
14,576,0.04504083
14,608,0.044661693
14,640,0.044549625
14,672,0.04426763
14,704,0.04428378
14,736,0.044271905
14,768,0.044208582
14,800,0.043812837
14,832,0.043772265
14,864,0.04382377
14,896,0.043814197
14,928,0.043814477
14,960,0.04374603
14,992,0.043695983
14,1024,0.043577336
14,1056,0.043628395
14,1088,0.043642215
14,1120,0.04362709
14,1152,0.043367714
14,1184,0.04337039
14,1216,0.043530576
14,1248,0.043310843
14,1280,0.04345938
14,1312,0.043288764
14,1344,0.043169733
14,1376,0.043262377
14,1408,0.043394156
14,1440,0.043261364
14,1472,0.043199554
14,1504,0.0432131
14,1536,0.043092314
14,1568,0.044361804
14,1600,0.044630032
14,1632,0.044545952
14,1664,0.044598073
14,1696,0.044385504
14,1728,0.044209454
14,1760,0.043928873
14,1792,0.043704063
14,1824,0.043727186
14,1856,0.043671258
14,1888,0.043804508
14,1920,0.043710057
14,1952,0.04365464
14,1984,0.04373246
14,2016,0.043529764
14,2048,0.043460727
14,2080,0.04344721
14,2112,0.043372735
14,2144,0.04324626
14,2176,0.043300014
14,2208,0.043251418
14,2240,0.043115437
14,2272,0.043340128
14,2304,0.04317539
14,2336,0.04296075
14,2368,0.043216992
14,2400,0.04297943
14,2432,0.04308939
14,2464,0.04291617
14,2496,0.042960994
14,2528,0.04292715
14,2560,0.043061323
14,2592,0.04473173
14,2624,0.045144007
14,2656,0.044948563
14,2688,0.044691455
14,2720,0.044718176
14,2752,0.044419445
14,2784,0.04451984
14,2816,0.04431395
14,2848,0.044195626
14,2880,0.04409311
14,2912,0.044230964
14,2944,0.043883346
14,2976,0.04399857
14,3008,0.044004202
14,3040,0.043915194
14,3072,0.043767195
14,3104,0.043766685
14,3136,0.04374606
14,3168,0.043791063
14,3200,0.043616667
14,3232,0.043667097
14,3264,0.043471277
14,3296,0.043572865
14,3328,0.043278337
14,3360,0.04355927
14,3392,0.043511704
14,3424,0.043560952
14,3456,0.043522503
14,3488,0.043508556
14,3520,0.043329917
14,3552,0.043399017
14,3584,0.043347754
14,3616,0.04451327
14,3648,0.044801105
14,3680,0.044470035
14,3712,0.04440692
14,3744,0.044284876
14,3776,0.04411845
14,3808,0.04409302
14,3840,0.04399185
14,3872,0.044104222
14,3904,0.043764524
14,3936,0.043699566
14,3968,0.04370317
14,4000,0.04373618
14,4032,0.043523546
14,4064,0.04358903
14,4096,0.04371203
14,4128,0.04368627
14,4160,0.043260135
14,4192,0.043462068
14,4224,0.04334575
14,4256,0.043200284
14,4288,0.043250248
14,4320,0.043385766
14,4352,0.043270838
14,4384,0.043291546
14,4416,0.04315466
14,4448,0.04325178
14,4480,0.043082483
14,4512,0.043093376
14,4544,0.04315089
14,4576,0.043109935
14,4608,0.043070532
14,4640,0.044312324
14,4672,0.04465821
14,4704,0.044623278
14,4736,0.04441415
14,4768,0.044148922
14,4800,0.044232856
14,4832,0.043968003
14,4864,0.04386044
14,4896,0.043751866
14,4928,0.043804217
14,4960,0.043566562
14,4992,0.043510657
14,5024,0.043466482
14,5056,0.04345479
14,5088,0.043454103
14,5120,0.043434534
14,5152,0.043313935
14,5184,0.043190822
14,5216,0.04321809
14,5248,0.043037795
14,5280,0.04323566
14,5312,0.043224104
14,5344,0.04322245
14,5376,0.043130305
14,5408,0.042903006
14,5440,0.04309395
14,5472,0.04302329
14,5504,0.042926382
14,5536,0.042911217
14,5568,0.042831868
14,5600,0.0428363
14,5632,0.0428455
14,5664,0.04469658
14,5696,0.044616126
14,5728,0.044658925
14,5760,0.044230834
14,5792,0.044420235
14,5824,0.044320974
14,5856,0.044080958
14,5888,0.04402378
14,5920,0.04406791
14,5952,0.043731276
14,5984,0.043686
14,6016,0.043691125
14,6048,0.04386874
14,6080,0.043531775
15,0,0.043500636
15,32,0.043447144
15,64,0.04359503
15,96,0.043283228
15,128,0.043460947
15,160,0.04337155
15,192,0.043359403
15,224,0.043258168
15,256,0.043035675
15,288,0.043242108
15,320,0.043053493
15,352,0.043243915
15,384,0.043220848
15,416,0.042960618
15,448,0.043135222
15,480,0.04298157
15,512,0.04305622
15,544,0.043156877
15,576,0.04371353
15,608,0.044744715
15,640,0.044416714
15,672,0.044329472
15,704,0.04413724
15,736,0.04391752
15,768,0.043856792
15,800,0.04349003
15,832,0.043835424
15,864,0.043648086
15,896,0.043545295
15,928,0.043808177
15,960,0.043472838
15,992,0.04361091
15,1024,0.04363075
15,1056,0.043462373
15,1088,0.043285925
15,1120,0.043134082
15,1152,0.04319427
15,1184,0.043303058
15,1216,0.043225534
15,1248,0.04306266
15,1280,0.04304426
15,1312,0.043303367
15,1344,0.043041628
15,1376,0.04304252
15,1408,0.043065548
15,1440,0.042952888
15,1472,0.042798925
15,1504,0.04295986
15,1536,0.04303765
15,1568,0.04290163
15,1600,0.043849718
15,1632,0.044753596
15,1664,0.0444412
15,1696,0.044484846
15,1728,0.04425677
15,1760,0.04423204
15,1792,0.044080943
15,1824,0.04393053
15,1856,0.043941308
15,1888,0.043920226
15,1920,0.04369799
15,1952,0.043811087
15,1984,0.04376609
15,2016,0.043469954
15,2048,0.04358773
15,2080,0.043408725
15,2112,0.0435443
15,2144,0.043369904
15,2176,0.043375056
15,2208,0.043269034
15,2240,0.043374196
15,2272,0.04315917
15,2304,0.043219674
15,2336,0.04296258
15,2368,0.043218944
15,2400,0.043389905
15,2432,0.043045722
15,2464,0.043000966
15,2496,0.04313739
15,2528,0.042941045
15,2560,0.04293872
15,2592,0.04313156
15,2624,0.04433558
15,2656,0.0446066
15,2688,0.044508703
15,2720,0.04425911
15,2752,0.044091582
15,2784,0.04406617
15,2816,0.043972574
15,2848,0.04398046
15,2880,0.043950934
15,2912,0.043861385
15,2944,0.043786187
15,2976,0.043768287
15,3008,0.043700688
15,3040,0.043676525
15,3072,0.043467127
15,3104,0.043504845
15,3136,0.0433173
15,3168,0.043286953
15,3200,0.04330069
15,3232,0.043153305
15,3264,0.043281976
15,3296,0.043265183
15,3328,0.043256212
15,3360,0.043207265
15,3392,0.04319004
15,3424,0.04313929
15,3456,0.043050326
15,3488,0.04292565
15,3520,0.042991877
15,3552,0.0430092
15,3584,0.043071978
15,3616,0.042911597
15,3648,0.04409399
15,3680,0.044880264
15,3712,0.04446822
15,3744,0.04428135
15,3776,0.04418908
15,3808,0.04406744
15,3840,0.04401496
15,3872,0.043981336
15,3904,0.043685738
15,3936,0.043720167
15,3968,0.0433695
15,4000,0.043685794
15,4032,0.043578368
15,4064,0.04349547
15,4096,0.043613166
15,4128,0.043445643
15,4160,0.04351032
15,4192,0.043433677
15,4224,0.04328349
15,4256,0.04319004
15,4288,0.04314357
15,4320,0.04309069
15,4352,0.0431285
15,4384,0.043035235
15,4416,0.043193057
15,4448,0.043091197
15,4480,0.043137267
15,4512,0.042950936
15,4544,0.043032568
15,4576,0.043015
15,4608,0.042980425
15,4640,0.042798974
15,4672,0.04399532
15,4704,0.04479506
15,4736,0.044562213
15,4768,0.044347823
15,4800,0.044146284
15,4832,0.04411323
15,4864,0.044033814
15,4896,0.043955147
15,4928,0.044019915
15,4960,0.043807663
15,4992,0.04362941
15,5024,0.04375664
15,5056,0.043498352
15,5088,0.04361179
15,5120,0.04348896
15,5152,0.043488692
15,5184,0.043477226
15,5216,0.043372963
15,5248,0.043343738
15,5280,0.04329694
15,5312,0.043465428
15,5344,0.043195598
15,5376,0.043309003
15,5408,0.04316328
15,5440,0.043220587
15,5472,0.0428417
15,5504,0.0431321
15,5536,0.04297827
15,5568,0.042796247
15,5600,0.043112654
15,5632,0.043030053
15,5664,0.042865034
15,5696,0.04424966
15,5728,0.044999324
15,5760,0.044834733
15,5792,0.044805497
15,5824,0.04450599
15,5856,0.04448247
15,5888,0.044256095
15,5920,0.044146825
15,5952,0.04431975
15,5984,0.04426184
15,6016,0.04388822
15,6048,0.043916147
15,6080,0.04389312
16,0,0.043873504
16,32,0.04391478
16,64,0.04392398
16,96,0.043783348
16,128,0.04368115
16,160,0.04357222
16,192,0.043737378
16,224,0.043623045
16,256,0.043577302
16,288,0.043594263
16,320,0.043627974
16,352,0.043491066
16,384,0.043425098
16,416,0.043466963
16,448,0.043351315
16,480,0.043344054
16,512,0.043378197
16,544,0.043270588
16,576,0.043231383
16,608,0.043745685
16,640,0.04486517
16,672,0.044539955
16,704,0.044392563
16,736,0.04438987
16,768,0.044149727
16,800,0.04393639
16,832,0.04395093
16,864,0.04392393
16,896,0.044027492
16,928,0.043866534
16,960,0.043729037
16,992,0.043605864
16,1024,0.043566886
16,1056,0.04343378
16,1088,0.043698244
16,1120,0.043737546
16,1152,0.04348689
16,1184,0.043410253
16,1216,0.043417253
16,1248,0.043179903
16,1280,0.04322023
16,1312,0.04316278
16,1344,0.043300718
16,1376,0.043163642
16,1408,0.043257847
16,1440,0.042918473
16,1472,0.04323848
16,1504,0.042975094
16,1536,0.042956963
16,1568,0.043055568
16,1600,0.042956784
16,1632,0.043601237
16,1664,0.044893455
16,1696,0.044493977
16,1728,0.044460557
16,1760,0.044318132
16,1792,0.04408294
16,1824,0.044126518
16,1856,0.043963008
16,1888,0.04400126
16,1920,0.043947227
16,1952,0.043857977
16,1984,0.04363204
16,2016,0.043613818
16,2048,0.0435948
16,2080,0.043484844
16,2112,0.04354403
16,2144,0.043589685
16,2176,0.043411665
16,2208,0.04342
16,2240,0.043297987
16,2272,0.043409437
16,2304,0.043206915
16,2336,0.043214
16,2368,0.04322051
16,2400,0.043293107
16,2432,0.04312243
16,2464,0.043266367
16,2496,0.04321821
16,2528,0.043044426
16,2560,0.04294349
16,2592,0.043110695
16,2624,0.043092933
16,2656,0.043685094
16,2688,0.044942312
16,2720,0.04469118
16,2752,0.044414986
16,2784,0.04440774
16,2816,0.044253543
16,2848,0.04424973
16,2880,0.04410731
16,2912,0.04390088
16,2944,0.043763403
16,2976,0.043913286
16,3008,0.04367697
16,3040,0.043650553
16,3072,0.04349343
16,3104,0.043641977
16,3136,0.043548305
16,3168,0.043565027
16,3200,0.043411102
16,3232,0.043435197
16,3264,0.043329775
16,3296,0.043260604
16,3328,0.043176696
16,3360,0.04317605
16,3392,0.043174285
16,3424,0.043142665
16,3456,0.043239787
16,3488,0.043078527
16,3520,0.043035418
16,3552,0.04318381
16,3584,0.043092486
16,3616,0.04311166
16,3648,0.043132797
16,3680,0.04344668
16,3712,0.044530645
16,3744,0.044505082
16,3776,0.044189136
16,3808,0.044328615
16,3840,0.04410035
16,3872,0.043912876
16,3904,0.043961268
16,3936,0.043868326
16,3968,0.043596163
16,4000,0.04360701
16,4032,0.04354489
16,4064,0.04360924
16,4096,0.043582138
16,4128,0.04345872
16,4160,0.04347105
16,4192,0.043553423
16,4224,0.04325208
16,4256,0.043017156
16,4288,0.043293227
16,4320,0.043305553
16,4352,0.042941693
16,4384,0.043248907
16,4416,0.043152764
16,4448,0.0431391
16,4480,0.043016
16,4512,0.042958267
16,4544,0.042885076
16,4576,0.042844426
16,4608,0.043073833
16,4640,0.043000285
16,4672,0.04297487
16,4704,0.043497466
16,4736,0.044901602
16,4768,0.04466332
16,4800,0.044450387
16,4832,0.044257104
16,4864,0.044102773
16,4896,0.044002257
16,4928,0.043917876
16,4960,0.04388868
16,4992,0.043714922
16,5024,0.043878
16,5056,0.043620937
16,5088,0.043670006
16,5120,0.043460384
16,5152,0.043568004
16,5184,0.04354124
16,5216,0.04343127
16,5248,0.0433954
16,5280,0.04351819
16,5312,0.043262742
16,5344,0.04320256
16,5376,0.043263767
16,5408,0.043117408
16,5440,0.04310634
16,5472,0.04317723
16,5504,0.043154567
16,5536,0.043040086
16,5568,0.043138914
16,5600,0.042982996
16,5632,0.043216284
16,5664,0.04285859
16,5696,0.042911753
16,5728,0.04350914
16,5760,0.044693787
16,5792,0.044659056
16,5824,0.044396006
16,5856,0.044347927
16,5888,0.044135023
16,5920,0.044061396
16,5952,0.044009555
16,5984,0.04360918
16,6016,0.043937113
16,6048,0.04370827
16,6080,0.043602947
17,0,0.043763015
17,32,0.043670326
17,64,0.043477498
17,96,0.043509003
17,128,0.04348874
17,160,0.043377597
17,192,0.04338866
17,224,0.043219656
17,256,0.043181267
17,288,0.04334129
17,320,0.043142002
17,352,0.043313216
17,384,0.042963073
17,416,0.043054614
17,448,0.042841326
17,480,0.043057065
17,512,0.04307789
17,544,0.042828925
17,576,0.042965572
17,608,0.042804323
17,640,0.043045834
17,672,0.04472908
17,704,0.044518873
17,736,0.04434167
17,768,0.04425519
17,800,0.044049993
17,832,0.043805394
17,864,0.04379618
17,896,0.043718506
17,928,0.043810893
17,960,0.043739088
17,992,0.043586385
17,1024,0.043489568
17,1056,0.043519955
17,1088,0.04341596
17,1120,0.043442216
17,1152,0.04358397
17,1184,0.04335843
17,1216,0.0432469
17,1248,0.04314647
17,1280,0.043154024
17,1312,0.043041352
17,1344,0.043219797
17,1376,0.042958684
17,1408,0.043171275
17,1440,0.042982347
17,1472,0.043013778
17,1504,0.043136034
17,1536,0.043113563
17,1568,0.0430287
17,1600,0.043102518
17,1632,0.043050062
17,1664,0.04298758
17,1696,0.044752862
17,1728,0.04471163
17,1760,0.04437013
17,1792,0.044307325
17,1824,0.044275377
17,1856,0.04404577
17,1888,0.04403578
17,1920,0.043975648
17,1952,0.043721914
17,1984,0.043967776
17,2016,0.043737832
17,2048,0.043605305
17,2080,0.043619324
17,2112,0.043598767
17,2144,0.04339656
17,2176,0.04370232
17,2208,0.04332566
17,2240,0.04348557
17,2272,0.043520253
17,2304,0.043447766
17,2336,0.043242134
17,2368,0.043269172
17,2400,0.043229252
17,2432,0.043190025
17,2464,0.043282848
17,2496,0.042962864
17,2528,0.04323623
17,2560,0.043028012
17,2592,0.04316508
17,2624,0.04316814
17,2656,0.043119792
17,2688,0.043126214
17,2720,0.04487274
17,2752,0.044576827
17,2784,0.04453212
17,2816,0.044203144
17,2848,0.044176955
17,2880,0.04420561
17,2912,0.04398929
17,2944,0.044035006
17,2976,0.043983135
17,3008,0.043886665
17,3040,0.043639857
17,3072,0.043871142
17,3104,0.043813914
17,3136,0.043709803
17,3168,0.043757927
17,3200,0.043527465
17,3232,0.043443304
17,3264,0.043696538
17,3296,0.04320409
17,3328,0.043465387
17,3360,0.043412562
17,3392,0.043213077
17,3424,0.043271065
17,3456,0.04316853
17,3488,0.043410514
17,3520,0.043135896
17,3552,0.043263473
17,3584,0.04302781
17,3616,0.043024257
17,3648,0.04314778
17,3680,0.04301288
17,3712,0.04316349
17,3744,0.04504637
17,3776,0.044836495
17,3808,0.04457928
17,3840,0.044549536
17,3872,0.044537675
17,3904,0.04428856
17,3936,0.044195402
17,3968,0.04426209
17,4000,0.04415839
17,4032,0.04397328
17,4064,0.043831408
17,4096,0.04394183
17,4128,0.043899264
17,4160,0.04366688
17,4192,0.043510694
17,4224,0.043467786
17,4256,0.043730274
17,4288,0.04343342
17,4320,0.04345621
17,4352,0.043371562
17,4384,0.04349357
17,4416,0.04333729
17,4448,0.04346273
17,4480,0.04335069
17,4512,0.04332015
17,4544,0.043289304
17,4576,0.043354962
17,4608,0.043473233
17,4640,0.04324061
17,4672,0.04340972
17,4704,0.043284327
17,4736,0.043165807
17,4768,0.04513186
17,4800,0.044775113
17,4832,0.044365976
17,4864,0.044400062
17,4896,0.044395406
17,4928,0.04414792
17,4960,0.044006884
17,4992,0.0440993
17,5024,0.044074424
17,5056,0.043678727
17,5088,0.043930393
17,5120,0.043858685
17,5152,0.043818336
17,5184,0.043528903
17,5216,0.043372918
17,5248,0.043336723
17,5280,0.04363581
17,5312,0.04346872
17,5344,0.04347501
17,5376,0.043240767
17,5408,0.043545462
17,5440,0.043295354
17,5472,0.043344244
17,5504,0.043142438
17,5536,0.043305483
17,5568,0.043253917
17,5600,0.043205567
17,5632,0.04300095
17,5664,0.04319085
17,5696,0.043167554
17,5728,0.04310453
17,5760,0.043027237
17,5792,0.044750128
17,5824,0.044447634
17,5856,0.044215344
17,5888,0.044363856
17,5920,0.044115487
17,5952,0.044128314
17,5984,0.043970257
17,6016,0.04381033
17,6048,0.043831814
17,6080,0.0435921
18,0,0.043727975
18,32,0.043448277
18,64,0.043532923
18,96,0.043562498
18,128,0.04346005
18,160,0.043282542
18,192,0.043445323
18,224,0.043327782
18,256,0.04344497
18,288,0.04315861
18,320,0.043055605
18,352,0.04321331
18,384,0.043330982
18,416,0.043144558
18,448,0.043114115
18,480,0.043245293
18,512,0.043050304
18,544,0.042991225
18,576,0.043018308
18,608,0.042839948
18,640,0.042918887
18,672,0.042856682
18,704,0.044513557
18,736,0.044472583
18,768,0.04453591
18,800,0.044246484
18,832,0.04412986
18,864,0.044059128
18,896,0.04411616
18,928,0.043847166
18,960,0.04379625
18,992,0.043635137
18,1024,0.043602295
18,1056,0.043536685
18,1088,0.04348705
18,1120,0.043533396
18,1152,0.043452337
18,1184,0.043476555
18,1216,0.043206453
18,1248,0.04341266
18,1280,0.04313165
18,1312,0.043177832
18,1344,0.04333283
18,1376,0.043269943
18,1408,0.043283824
18,1440,0.043039933
18,1472,0.043152537
18,1504,0.04326036
18,1536,0.04310506
18,1568,0.043114074
18,1600,0.043062918
18,1632,0.043017197
18,1664,0.043061737
18,1696,0.043051604
18,1728,0.04418552
18,1760,0.04448095
18,1792,0.044270307
18,1824,0.044134162
18,1856,0.044132464
18,1888,0.043922625
18,1920,0.043753285
18,1952,0.043810543
18,1984,0.04356368
18,2016,0.04367101
18,2048,0.043528464
18,2080,0.043338526
18,2112,0.043548927
18,2144,0.043428198
18,2176,0.043282453
18,2208,0.04317475
18,2240,0.04333974
18,2272,0.0430942
18,2304,0.043140084
18,2336,0.043161135
18,2368,0.043123398
18,2400,0.042908493
18,2432,0.043089014
18,2464,0.04296258
18,2496,0.04277739
18,2528,0.042866863
18,2560,0.04298825
18,2592,0.042776827
18,2624,0.042998806
18,2656,0.042726543
18,2688,0.042858128
18,2720,0.042839997
18,2752,0.044342738
18,2784,0.04458674
18,2816,0.044376113
18,2848,0.0442328
18,2880,0.044120945
18,2912,0.044079244
18,2944,0.044001415
18,2976,0.043725073
18,3008,0.04383683
18,3040,0.04371635
18,3072,0.043834977
18,3104,0.043625455
18,3136,0.04361703
18,3168,0.04339703
18,3200,0.04356104
18,3232,0.04342269
18,3264,0.043577615
18,3296,0.043404013
18,3328,0.043249294
18,3360,0.043161947
18,3392,0.04329071
18,3424,0.04336886
18,3456,0.043301556
18,3488,0.043350235
18,3520,0.043212853
18,3552,0.04340942
18,3584,0.04305017
18,3616,0.043096993
18,3648,0.04319254
18,3680,0.04291689
18,3712,0.043056928
18,3744,0.043065656
18,3776,0.044475824
18,3808,0.04458175
18,3840,0.044414394
18,3872,0.04404172
18,3904,0.044172615
18,3936,0.043948732
18,3968,0.043847796
18,4000,0.043857783
18,4032,0.04371293
18,4064,0.043907426
18,4096,0.04370874
18,4128,0.043567784
18,4160,0.04350547
18,4192,0.043614592
18,4224,0.043548483
18,4256,0.04329965
18,4288,0.04358313
18,4320,0.043240096
18,4352,0.04314317
18,4384,0.04320775
18,4416,0.04313504
18,4448,0.043069728
18,4480,0.043277506
18,4512,0.043036822
18,4544,0.043214545
18,4576,0.043047763
18,4608,0.04311037
18,4640,0.043002512
18,4672,0.043067925
18,4704,0.043050714
18,4736,0.042882923
18,4768,0.04314866
18,4800,0.044516083
18,4832,0.044612154
18,4864,0.04444491
18,4896,0.044322584
18,4928,0.04411474
18,4960,0.04414418
18,4992,0.04403168
18,5024,0.043763135
18,5056,0.043776464
18,5088,0.043846294
18,5120,0.043561082
18,5152,0.04368208
18,5184,0.043552116
18,5216,0.043387033
18,5248,0.0434011
18,5280,0.043588243
18,5312,0.043394867
18,5344,0.04328486
18,5376,0.043302316
18,5408,0.043276988
18,5440,0.043203123
18,5472,0.043089285
18,5504,0.04329407
18,5536,0.043101724
18,5568,0.04312474
18,5600,0.0431011
18,5632,0.04326038
18,5664,0.042969473
18,5696,0.04299423
18,5728,0.042998042
18,5760,0.042990975
18,5792,0.04289543
18,5824,0.04422595
18,5856,0.044571023
18,5888,0.04444554
18,5920,0.044426125
18,5952,0.044185914
18,5984,0.04404033
18,6016,0.044089492
18,6048,0.04391191
18,6080,0.043782186
19,0,0.04372247
19,32,0.043646935
19,64,0.04365398
19,96,0.043497544
19,128,0.043845724
19,160,0.043445617
19,192,0.04338266
19,224,0.043374132
19,256,0.043360885
19,288,0.043110967
19,320,0.04335922
19,352,0.04320999
19,384,0.043001
19,416,0.04321032
19,448,0.04337863
19,480,0.04312443
19,512,0.043121397
19,544,0.04327075
19,576,0.043280516
19,608,0.042940263
19,640,0.04301673
19,672,0.042837076
19,704,0.043164276
19,736,0.04419765
19,768,0.044867426
19,800,0.04471214
19,832,0.044545878
19,864,0.044575233
19,896,0.04441692
19,928,0.04410562
19,960,0.044135775
19,992,0.044306587
19,1024,0.04424476
19,1056,0.044155546
19,1088,0.04389381
19,1120,0.043888554
19,1152,0.044123758
19,1184,0.043948106
19,1216,0.043862738
19,1248,0.043807782
19,1280,0.043743856
19,1312,0.043692406
19,1344,0.043851517
19,1376,0.04351273
19,1408,0.0435829
19,1440,0.043605026
19,1472,0.043629713
19,1504,0.043572556
19,1536,0.043579407
19,1568,0.043422062
19,1600,0.04339217
19,1632,0.043326132
19,1664,0.043481383
19,1696,0.043251242
19,1728,0.04344105
19,1760,0.04409721
19,1792,0.044557106
19,1824,0.044562813
19,1856,0.044224367
19,1888,0.04434541
19,1920,0.044143233
19,1952,0.044066146
19,1984,0.043881048
19,2016,0.04376988
19,2048,0.043807283
19,2080,0.04386135
19,2112,0.043625128
19,2144,0.043743096
19,2176,0.043565474
19,2208,0.04327444
19,2240,0.043560006
19,2272,0.04345098
19,2304,0.04352199
19,2336,0.04338754
19,2368,0.04345611
19,2400,0.043298844
19,2432,0.04327834
19,2464,0.04331481
19,2496,0.043108232
19,2528,0.043230426
19,2560,0.043272864
19,2592,0.04300594
19,2624,0.043063816
19,2656,0.043082256
19,2688,0.042983733
19,2720,0.042940997
19,2752,0.042923238
19,2784,0.04402678
19,2816,0.044742662
19,2848,0.044405557
19,2880,0.044377025
19,2912,0.04432918
19,2944,0.044104975
19,2976,0.044063635
19,3008,0.043956306
19,3040,0.043992314
19,3072,0.043759048
19,3104,0.043660697
19,3136,0.043975953
19,3168,0.04360243
19,3200,0.043694757
19,3232,0.043468345
19,3264,0.0434822
19,3296,0.0434199
19,3328,0.04342108
19,3360,0.043352813
19,3392,0.043395124
19,3424,0.04324059
19,3456,0.04338172
19,3488,0.04327582
19,3520,0.04328394
19,3552,0.04323635
19,3584,0.043041993
19,3616,0.043172598
19,3648,0.04322264
19,3680,0.04326927
19,3712,0.04320659
19,3744,0.042970203
19,3776,0.042975295
19,3808,0.043928828
19,3840,0.04457514
19,3872,0.044412732
19,3904,0.0441713
19,3936,0.04404455
19,3968,0.04415679
19,4000,0.0440368
19,4032,0.04389246
19,4064,0.043763276
19,4096,0.043911792
19,4128,0.043632966
19,4160,0.04361261
19,4192,0.043623943
19,4224,0.04343022
19,4256,0.043522462
19,4288,0.043139134
19,4320,0.043391075
19,4352,0.0435642
19,4384,0.043208614
19,4416,0.043225963
19,4448,0.043151844
19,4480,0.04321482
19,4512,0.043082986
19,4544,0.043017685
19,4576,0.043211553
19,4608,0.043183904
19,4640,0.04302412
19,4672,0.04303832
19,4704,0.04293159
19,4736,0.043155197
19,4768,0.042959847
19,4800,0.042971693
19,4832,0.0438685
19,4864,0.044455025
19,4896,0.044466984
19,4928,0.044138856
19,4960,0.04400242
19,4992,0.04408451
19,5024,0.04387731
19,5056,0.043720588
19,5088,0.04364987
19,5120,0.043631107
19,5152,0.043637734
19,5184,0.043642588
19,5216,0.04354947
19,5248,0.04356138
19,5280,0.043327678
19,5312,0.04327124
19,5344,0.043308787
19,5376,0.043480895
19,5408,0.043213774
19,5440,0.043241404
19,5472,0.04316954
19,5504,0.043073956
19,5536,0.043069277
19,5568,0.042906072
19,5600,0.04303273
19,5632,0.042741716
19,5664,0.042950753
19,5696,0.0428348
19,5728,0.04293146
19,5760,0.04279451
19,5792,0.042809233
19,5824,0.042932544
19,5856,0.043730356
19,5888,0.04461675
19,5920,0.044399347
19,5952,0.044222526
19,5984,0.04419667
19,6016,0.044106945
19,6048,0.0439458
19,6080,0.043882303
20,0,0.043566372
20,32,0.04364934
20,64,0.04365888
20,96,0.043576654
20,128,0.04363982
20,160,0.043533742
20,192,0.04344559
20,224,0.043422624
20,256,0.043546177
20,288,0.04348131
20,320,0.043358438
20,352,0.043265752
20,384,0.043171626
20,416,0.043187495
20,448,0.04314728
20,480,0.043260217
20,512,0.043135237
20,544,0.04319418
20,576,0.042852227
20,608,0.043004
20,640,0.042938504
20,672,0.043110065
20,704,0.04287663
20,736,0.042990703
20,768,0.043499317
20,800,0.044523064
20,832,0.044471886
20,864,0.04419525
20,896,0.04426445
20,928,0.04411654
20,960,0.043904155
20,992,0.04403802
20,1024,0.043730635
20,1056,0.043662746
20,1088,0.043754704
20,1120,0.043763712
20,1152,0.04355705
20,1184,0.043444745
20,1216,0.04356099
20,1248,0.043404583
20,1280,0.043468717
20,1312,0.04337486
20,1344,0.043047763
20,1376,0.043387044
20,1408,0.043249387
20,1440,0.043045834
20,1472,0.04324065
20,1504,0.04329485
20,1536,0.043124314
20,1568,0.043096893
20,1600,0.043241307
20,1632,0.043049008
20,1664,0.04304363
20,1696,0.043303028
20,1728,0.04324592
20,1760,0.0428769
20,1792,0.043571126
20,1824,0.04452724
20,1856,0.04437531
20,1888,0.044093028
20,1920,0.04409444
20,1952,0.04394889
20,1984,0.043801334
20,2016,0.04387525
20,2048,0.04364469
20,2080,0.043494605
20,2112,0.043715306
20,2144,0.043680996
20,2176,0.04340416
20,2208,0.043272234
20,2240,0.043460354
20,2272,0.043364365
20,2304,0.04336523
20,2336,0.0431943
20,2368,0.043096878
20,2400,0.043158565
20,2432,0.043314286
20,2464,0.04315463
20,2496,0.042921554
20,2528,0.04306033
20,2560,0.04323485
20,2592,0.04303223
20,2624,0.043031245
20,2656,0.04298271
20,2688,0.04302626
20,2720,0.042899914
20,2752,0.04288512
20,2784,0.042876396
20,2816,0.043279998
20,2848,0.044532467
20,2880,0.044413522
20,2912,0.04435859
20,2944,0.04424649
20,2976,0.04409446
20,3008,0.04396047
20,3040,0.04396435
20,3072,0.043890145
20,3104,0.043766268
20,3136,0.043691672
20,3168,0.043744788
20,3200,0.043559607
20,3232,0.04351343
20,3264,0.043614075
20,3296,0.043772805
20,3328,0.043582655
20,3360,0.043323632
20,3392,0.043574
20,3424,0.043518208
20,3456,0.04335078
20,3488,0.04332251
20,3520,0.043297768
20,3552,0.043318655
20,3584,0.04307978
20,3616,0.04317232
20,3648,0.043189507
20,3680,0.043177236
20,3712,0.04300709
20,3744,0.043032307
20,3776,0.043200657
20,3808,0.043120876
20,3840,0.043681037
20,3872,0.044711683
20,3904,0.044594888
20,3936,0.04427705
20,3968,0.044371136
20,4000,0.044089787
20,4032,0.04416823
20,4064,0.043991003
20,4096,0.044004593
20,4128,0.04390992
20,4160,0.04387879
20,4192,0.043849267
20,4224,0.043601558
20,4256,0.043601245
20,4288,0.043793052
20,4320,0.043601647
20,4352,0.04367178
20,4384,0.043424826
20,4416,0.043577682
20,4448,0.043511584
20,4480,0.04354419
20,4512,0.04331403
20,4544,0.04347336
20,4576,0.043228228
20,4608,0.04320001
20,4640,0.043225188
20,4672,0.043145817
20,4704,0.04308869
20,4736,0.043246217
20,4768,0.043202158
20,4800,0.043143716
20,4832,0.043049894
20,4864,0.04385288
20,4896,0.044797834
20,4928,0.044920366
20,4960,0.04462181
20,4992,0.044453252
20,5024,0.044313285
20,5056,0.044280134
20,5088,0.044253554
20,5120,0.04409224
20,5152,0.043975674
20,5184,0.04401053
20,5216,0.04403356
20,5248,0.04404207
20,5280,0.043700255
20,5312,0.043790292
20,5344,0.043956816
20,5376,0.04359118
20,5408,0.043597702
20,5440,0.043481845
20,5472,0.04363038
20,5504,0.043678902
20,5536,0.043452766
20,5568,0.043487374
20,5600,0.043587312
20,5632,0.043340135
20,5664,0.043408107
20,5696,0.04324157
20,5728,0.043351352
20,5760,0.043255698
20,5792,0.043370474
20,5824,0.043145683
20,5856,0.043384675
20,5888,0.043742113
20,5920,0.044776708
20,5952,0.044515662
20,5984,0.044231176
20,6016,0.04431771
20,6048,0.044113375
20,6080,0.043948516
21,0,0.043910433
21,32,0.043828066
21,64,0.043621168
21,96,0.043557685
21,128,0.043590665
21,160,0.043459352
21,192,0.043656196
21,224,0.043692447
21,256,0.043450635
21,288,0.043499965
21,320,0.04343156
21,352,0.043351647
21,384,0.04340717
21,416,0.043320876
21,448,0.04324248
21,480,0.04322689
21,512,0.043075882
21,544,0.043139216
21,576,0.04315006
21,608,0.04313638
21,640,0.043078326
21,672,0.043066442
21,704,0.043142196
21,736,0.042996224
21,768,0.04318054
21,800,0.043154087
21,832,0.044471875
21,864,0.04427042
21,896,0.04425717
21,928,0.044145465
21,960,0.043958485
21,992,0.043776527
21,1024,0.04379084
21,1056,0.043793056
21,1088,0.04367379
21,1120,0.04372649
21,1152,0.04361509
21,1184,0.043716535
21,1216,0.043581184
21,1248,0.04333538
21,1280,0.043416057
21,1312,0.04355189
21,1344,0.0432325
21,1376,0.043229315
21,1408,0.043236904
21,1440,0.04323807
21,1472,0.043175094
21,1504,0.043245427
21,1536,0.04311232
21,1568,0.043003608
21,1600,0.043198526
21,1632,0.043098133
21,1664,0.043212745
21,1696,0.04286772
21,1728,0.04298131
21,1760,0.043049976
21,1792,0.042952016
21,1824,0.042982854
21,1856,0.044707865
21,1888,0.04447405
21,1920,0.044283163
21,1952,0.044312086
21,1984,0.044290405
21,2016,0.043907795
21,2048,0.04408971
21,2080,0.04387102
21,2112,0.043904033
21,2144,0.04383593
21,2176,0.04367357
21,2208,0.04365056
21,2240,0.04361785
21,2272,0.04356138
21,2304,0.043543678
21,2336,0.043601725
21,2368,0.043500014
21,2400,0.043376967
21,2432,0.043287627
21,2464,0.043472033
21,2496,0.04344899
21,2528,0.0433095
21,2560,0.04317245
21,2592,0.04322859
21,2624,0.04303031
21,2656,0.043077096
21,2688,0.04302635
21,2720,0.042979997
21,2752,0.043100614
21,2784,0.042954456
21,2816,0.04300938
21,2848,0.04293301
21,2880,0.044308413
21,2912,0.044223085
21,2944,0.044104587
21,2976,0.043970667
21,3008,0.043945674
21,3040,0.043939352
21,3072,0.043791022
21,3104,0.043613825
21,3136,0.043439
21,3168,0.04360232
21,3200,0.043532938
21,3232,0.043442246
21,3264,0.043193534
21,3296,0.04327328
21,3328,0.043391075
21,3360,0.043233547
21,3392,0.043271936
21,3424,0.04319318
21,3456,0.043160878
21,3488,0.04309295
21,3520,0.043113023
21,3552,0.043052312
21,3584,0.043118108
21,3616,0.04309902
21,3648,0.043047547
21,3680,0.04305958
21,3712,0.042786855
21,3744,0.043041788
21,3776,0.042932704
21,3808,0.04292984
21,3840,0.042787645
21,3872,0.04282474
21,3904,0.044633206
21,3936,0.044559017
21,3968,0.04429298
21,4000,0.044306014
21,4032,0.044264995
21,4064,0.0440435
21,4096,0.043809835
21,4128,0.043792736
21,4160,0.04376581
21,4192,0.04372135
21,4224,0.04352096
21,4256,0.043665323
21,4288,0.043505855
21,4320,0.043677095
21,4352,0.043537155
21,4384,0.043550692
21,4416,0.04357419
21,4448,0.043462526
21,4480,0.04344523
21,4512,0.04329225
21,4544,0.04334443
21,4576,0.043390386
21,4608,0.04328132
21,4640,0.04318231
21,4672,0.0431211
21,4704,0.04312277
21,4736,0.043073803
21,4768,0.042874783
21,4800,0.043063436
21,4832,0.0430734
21,4864,0.043177582
21,4896,0.04309686
21,4928,0.04451202
21,4960,0.044294927
21,4992,0.04422964
21,5024,0.044147283
21,5056,0.04371067
21,5088,0.04397417
21,5120,0.043766282
21,5152,0.04395208
21,5184,0.04359458
21,5216,0.043518662
21,5248,0.043550313
21,5280,0.04371705
21,5312,0.043441746
21,5344,0.04360151
21,5376,0.043513197
21,5408,0.04344675
21,5440,0.0433206
21,5472,0.043322045
21,5504,0.043335866
21,5536,0.043238036
21,5568,0.043044537
21,5600,0.043153048
21,5632,0.043139722
21,5664,0.043057084
21,5696,0.043132186
21,5728,0.04289421
21,5760,0.042972002
21,5792,0.043169934
21,5824,0.043058153
21,5856,0.04316733
21,5888,0.043053556
21,5920,0.042780768
21,5952,0.044546753
21,5984,0.04426311
21,6016,0.04427989
21,6048,0.044335637
21,6080,0.0440969
22,0,0.0438766
22,32,0.043937035
22,64,0.043650918
22,96,0.043754607
22,128,0.043537293
22,160,0.04352517
22,192,0.043622516
22,224,0.04359779
22,256,0.043416083
22,288,0.043467764
22,320,0.043548264
22,352,0.04341157
22,384,0.043280873
22,416,0.043409385
22,448,0.04324994
22,480,0.043406494
22,512,0.043245625
22,544,0.04318592
22,576,0.043107465
22,608,0.043246854
22,640,0.043048628
22,672,0.04307075
22,704,0.043172058
22,736,0.04315355
22,768,0.0432416
22,800,0.043033365
22,832,0.042892836
22,864,0.044370238
22,896,0.044456363
22,928,0.04417163
22,960,0.044225123
22,992,0.043980263
22,1024,0.043882187
22,1056,0.044042416
22,1088,0.04375742
22,1120,0.04363288
22,1152,0.043677706
22,1184,0.04366156
22,1216,0.043548934
22,1248,0.043731544
22,1280,0.043564983
22,1312,0.04342056
22,1344,0.04344648
22,1376,0.043483075
22,1408,0.043203205
22,1440,0.043394234
22,1472,0.043142747
22,1504,0.04342679
22,1536,0.04323514
22,1568,0.043202177
22,1600,0.04325473
22,1632,0.043081313
22,1664,0.04314083
22,1696,0.043164138
22,1728,0.043117408
22,1760,0.043004513
22,1792,0.042840227
22,1824,0.043050844
22,1856,0.042762127
22,1888,0.044435162
22,1920,0.044717554
22,1952,0.044606145
22,1984,0.044714034
22,2016,0.044389237
22,2048,0.044251457
22,2080,0.04443384
22,2112,0.04427856
22,2144,0.044131428
22,2176,0.044194765
22,2208,0.04422446
22,2240,0.044066347
22,2272,0.04395433
22,2304,0.044062093
22,2336,0.043984838
22,2368,0.043911126
22,2400,0.043889355
22,2432,0.043691203
22,2464,0.043726273
22,2496,0.043813996
22,2528,0.043633543
22,2560,0.04371505
22,2592,0.043655157
22,2624,0.04368547
22,2656,0.04367305
22,2688,0.04350763
22,2720,0.04368293
22,2752,0.043545134
22,2784,0.04330519
22,2816,0.043515235
22,2848,0.0435997
22,2880,0.043308064
22,2912,0.044317935
22,2944,0.044429407
22,2976,0.044221513
22,3008,0.044159118
22,3040,0.043971933
22,3072,0.04390276
22,3104,0.043918118
22,3136,0.043845024
22,3168,0.043829363
22,3200,0.043650072
22,3232,0.043813027
22,3264,0.04339811
22,3296,0.04352899
22,3328,0.04344847
22,3360,0.043354932
22,3392,0.043406233
22,3424,0.043440763
22,3456,0.043369528
22,3488,0.04325282
22,3520,0.043261178
22,3552,0.043134153
22,3584,0.043199673
22,3616,0.04318834
22,3648,0.04332698
22,3680,0.04321115
22,3712,0.04301804
22,3744,0.043144226
22,3776,0.043088607
22,3808,0.04311889
22,3840,0.04299951
22,3872,0.04287919
22,3904,0.0429926
22,3936,0.044045735
22,3968,0.044477772
22,4000,0.044205237
22,4032,0.044077575
22,4064,0.043942936
22,4096,0.044074666
22,4128,0.043881796
22,4160,0.043852158
22,4192,0.04373872
22,4224,0.043619912
22,4256,0.043640953
22,4288,0.04357628
22,4320,0.043689813
22,4352,0.043539934
22,4384,0.043374274
22,4416,0.043516878
22,4448,0.043304406
22,4480,0.043508492
22,4512,0.043467447
22,4544,0.043316808
22,4576,0.043225728
22,4608,0.043168195
22,4640,0.043013584
22,4672,0.043261304
22,4704,0.04311991
22,4736,0.043131
22,4768,0.043189377
22,4800,0.04309626
22,4832,0.043067522
22,4864,0.043090902
22,4896,0.043066103
22,4928,0.042925514
22,4960,0.044492647
22,4992,0.04434557
22,5024,0.04421515
22,5056,0.044193573
22,5088,0.044361655
22,5120,0.04414573
22,5152,0.044088386
22,5184,0.043843333
22,5216,0.043489914
22,5248,0.04382149
22,5280,0.043742504
22,5312,0.043616325
22,5344,0.043424577
22,5376,0.04364695
22,5408,0.043459173
22,5440,0.04352779
22,5472,0.043451346
22,5504,0.043438118
22,5536,0.043334436
22,5568,0.04338441
22,5600,0.0432912
22,5632,0.0435069
22,5664,0.043153834
22,5696,0.043158054
22,5728,0.043127168
22,5760,0.043343138
22,5792,0.043175396
22,5824,0.043135338
22,5856,0.043072388
22,5888,0.04312834
22,5920,0.042933792
22,5952,0.04297521
22,5984,0.04418879
22,6016,0.044223476
22,6048,0.044270486
22,6080,0.044007417
23,0,0.04404676
23,32,0.04372068
23,64,0.04379082
23,96,0.0436547
23,128,0.043672983
23,160,0.043548767
23,192,0.043523446
23,224,0.043536685
23,256,0.043329444
23,288,0.043485314
23,320,0.043340836
23,352,0.043358184
23,384,0.043252572
23,416,0.042935036
23,448,0.04318962
23,480,0.04306382
23,512,0.04313293
23,544,0.04314931
23,576,0.042985324
23,608,0.043156903
23,640,0.0429675
23,672,0.0431175
23,704,0.04296742
23,736,0.04297313
23,768,0.042631187
23,800,0.04296308
23,832,0.042882796
23,864,0.042823475
23,896,0.04397925
23,928,0.044501696
23,960,0.044342786
23,992,0.04423958
23,1024,0.04400928
23,1056,0.04407574
23,1088,0.044114403
23,1120,0.04384238
23,1152,0.043769944
23,1184,0.043645516
23,1216,0.04359068
23,1248,0.043604814
23,1280,0.04376167
23,1312,0.043662164
23,1344,0.04338004
23,1376,0.043486733
23,1408,0.04347007
23,1440,0.04341206
23,1472,0.043197613
23,1504,0.043183096
23,1536,0.043147452
23,1568,0.04325751
23,1600,0.043145813
23,1632,0.043221936
23,1664,0.043238074
23,1696,0.04329003
23,1728,0.043123547
23,1760,0.043029644
23,1792,0.043198466
23,1824,0.042987764
23,1856,0.043069586
23,1888,0.0430313
23,1920,0.04376223
23,1952,0.044428274
23,1984,0.04412917
23,2016,0.04414711
23,2048,0.04405333
23,2080,0.04391444
23,2112,0.043935414
23,2144,0.043902393
23,2176,0.04362641
23,2208,0.04372613
23,2240,0.043573223
23,2272,0.043518465
23,2304,0.04340944
23,2336,0.043467034
23,2368,0.043289516
23,2400,0.043412607
23,2432,0.043374784
23,2464,0.04338641
23,2496,0.043493673
23,2528,0.04324776
23,2560,0.043162737
23,2592,0.04321784
23,2624,0.04328358
23,2656,0.04302883
23,2688,0.043141957
23,2720,0.043156937
23,2752,0.043128993
23,2784,0.043081984
23,2816,0.04305334
23,2848,0.042922623
23,2880,0.042969096
23,2912,0.043196227
23,2944,0.043692257
23,2976,0.044439025
23,3008,0.04429437
23,3040,0.04407118
23,3072,0.04409562
23,3104,0.04386067
23,3136,0.043785207
23,3168,0.0436938
23,3200,0.043694086
23,3232,0.04371233
23,3264,0.04354993
23,3296,0.043539274
23,3328,0.043594413
23,3360,0.043643583
23,3392,0.043422155
23,3424,0.043229435
23,3456,0.043354586
23,3488,0.04324015
23,3520,0.04335254
23,3552,0.04303628
23,3584,0.043390173
23,3616,0.04322848
23,3648,0.043282125
23,3680,0.04324434
23,3712,0.04310553
23,3744,0.043143477
23,3776,0.043127887
23,3808,0.042989388
23,3840,0.04308327
23,3872,0.042960364
23,3904,0.042957503
23,3936,0.04304312
23,3968,0.043913282
23,4000,0.044405602
23,4032,0.044213995
23,4064,0.04410354
23,4096,0.04430204
23,4128,0.04411587
23,4160,0.043960765
23,4192,0.0437601
23,4224,0.043805566
23,4256,0.043669943
23,4288,0.04371665
23,4320,0.04369069
23,4352,0.04366402
23,4384,0.04365663
23,4416,0.043406013
23,4448,0.043558404
23,4480,0.04347573
23,4512,0.043291137
23,4544,0.043506496
23,4576,0.043307394
23,4608,0.043276023
23,4640,0.043370467
23,4672,0.04317116
23,4704,0.043266434
23,4736,0.0432784
23,4768,0.043239407
23,4800,0.04319405
23,4832,0.043085184
23,4864,0.04303031
23,4896,0.04325903
23,4928,0.04321293
23,4960,0.042961814
23,4992,0.043904066
23,5024,0.04458812
23,5056,0.04444887
23,5088,0.044445805
23,5120,0.044333972
23,5152,0.04412538
23,5184,0.044052154
23,5216,0.044200376
23,5248,0.04396506
23,5280,0.043800652
23,5312,0.044109352
23,5344,0.043912914
23,5376,0.04379771
23,5408,0.04353097
23,5440,0.04367198
23,5472,0.043598205
23,5504,0.043535203
23,5536,0.043609906
23,5568,0.043573603
23,5600,0.043493334
23,5632,0.043391135
23,5664,0.043262836
23,5696,0.04346011
23,5728,0.043620843
23,5760,0.04338492
23,5792,0.04332179
23,5824,0.04335213
23,5856,0.043434884
23,5888,0.043222494
23,5920,0.043206677
23,5952,0.04317063
23,5984,0.043272633
23,6016,0.04398065
23,6048,0.044660117
23,6080,0.044325966
24,0,0.0444264
24,32,0.044345096
24,64,0.044138744
24,96,0.044080015
24,128,0.043999825
24,160,0.044010185
24,192,0.04406807
24,224,0.043930344
24,256,0.04397758
24,288,0.043840572
24,320,0.04365569
24,352,0.043670356
24,384,0.043863636
24,416,0.04359306
24,448,0.043719396
24,480,0.043780964
24,512,0.043576244
24,544,0.0435226
24,576,0.04365407
24,608,0.04327468
24,640,0.04345022
24,672,0.043456834
24,704,0.04342191
24,736,0.043475334
24,768,0.043541864
24,800,0.043394063
24,832,0.04324907
24,864,0.043175876
24,896,0.04309426
24,928,0.04359101
24,960,0.044341773
24,992,0.04421444
24,1024,0.044316556
24,1056,0.04414492
24,1088,0.043876294
24,1120,0.04399439
24,1152,0.043824594
24,1184,0.043816287
24,1216,0.043646418
24,1248,0.0436096
24,1280,0.043479625
24,1312,0.04349142
24,1344,0.043579157
24,1376,0.04349059
24,1408,0.043385018
24,1440,0.043216914
24,1472,0.04327064
24,1504,0.043316297
24,1536,0.043296434
24,1568,0.043160744
24,1600,0.043196477
24,1632,0.04326191
24,1664,0.04316094
24,1696,0.043210607
24,1728,0.043290548
24,1760,0.043136984
24,1792,0.04309283
24,1824,0.043130744
24,1856,0.04324334
24,1888,0.042839542
24,1920,0.043031953
24,1952,0.043313663
24,1984,0.04419649
24,2016,0.04424267
24,2048,0.04407087
24,2080,0.044140656
24,2112,0.04396694
24,2144,0.04386655
24,2176,0.043779757
24,2208,0.0436365
24,2240,0.043621976
24,2272,0.043598767
24,2304,0.043787785
24,2336,0.04357838
24,2368,0.043462247
24,2400,0.04356001
24,2432,0.04343727
24,2464,0.043412045
24,2496,0.043303106
24,2528,0.043384925
24,2560,0.04332909
24,2592,0.043327987
24,2624,0.04313323
24,2656,0.043257102
24,2688,0.043321904
24,2720,0.043244973
24,2752,0.043130185
24,2784,0.0431633
24,2816,0.04309113
24,2848,0.043191366
24,2880,0.043250915
24,2912,0.04299725
24,2944,0.042905543
24,2976,0.04356754
24,3008,0.044578105
24,3040,0.0442793
24,3072,0.044194218
24,3104,0.04408471
24,3136,0.044009395
24,3168,0.043754753
24,3200,0.043721445
24,3232,0.043801766
24,3264,0.043588545
24,3296,0.043809157
24,3328,0.04366216
24,3360,0.04357204
24,3392,0.04349831
24,3424,0.043467864
24,3456,0.043315146
24,3488,0.043575242
24,3520,0.04330401
24,3552,0.04348394
24,3584,0.043098498
24,3616,0.043270785
24,3648,0.04323246
24,3680,0.043217357
24,3712,0.043001644
24,3744,0.043418232
24,3776,0.04307941
24,3808,0.04318228
24,3840,0.04304292
24,3872,0.043304805
24,3904,0.04322923
24,3936,0.04324698
24,3968,0.043197908
24,4000,0.04337089
24,4032,0.04430807
24,4064,0.04418341
24,4096,0.044054482
24,4128,0.043954138
24,4160,0.043865986
24,4192,0.043723434
24,4224,0.043706723
24,4256,0.043713417
24,4288,0.043537017
24,4320,0.043431375
24,4352,0.04357498
24,4384,0.043346282
24,4416,0.043306515
24,4448,0.043287113
24,4480,0.043321677
24,4512,0.04316599
24,4544,0.04342982
24,4576,0.04316911
24,4608,0.04327841
24,4640,0.043124884
24,4672,0.043069378
24,4704,0.043160528
24,4736,0.04309366
24,4768,0.043001175
24,4800,0.043116074
24,4832,0.043030914
24,4864,0.04296942
24,4896,0.043024484
24,4928,0.042852286
24,4960,0.04292603
24,4992,0.042763628
24,5024,0.04320018
24,5056,0.044536658
24,5088,0.044402726
24,5120,0.044111613
24,5152,0.044243693
24,5184,0.04402327
24,5216,0.043972995
24,5248,0.043857157
24,5280,0.0437508
24,5312,0.04356395
24,5344,0.043625064
24,5376,0.043729566
24,5408,0.043518778
24,5440,0.04376093
24,5472,0.043631338
24,5504,0.043464817
24,5536,0.04360348
24,5568,0.043286666
24,5600,0.04354627
24,5632,0.043488804
24,5664,0.04359587
24,5696,0.04347824
24,5728,0.04322438
24,5760,0.043234613
24,5792,0.043355737
24,5824,0.043164607
24,5856,0.04306872
24,5888,0.043379486
24,5920,0.043111697
24,5952,0.04311138
24,5984,0.043184794
24,6016,0.04309722
24,6048,0.043324392
24,6080,0.044456232
25,0,0.0442899
25,32,0.044319537
25,64,0.04405754
25,96,0.043864787
25,128,0.044007376
25,160,0.043921154
25,192,0.043663885
25,224,0.043842148
25,256,0.043620396
25,288,0.043388594
25,320,0.043645203
25,352,0.04369057
25,384,0.043455854
25,416,0.043403
25,448,0.043413825
25,480,0.043379195
25,512,0.043155476
25,544,0.04336161
25,576,0.043290682
25,608,0.043091487
25,640,0.04331062
25,672,0.043329712
25,704,0.043144125
25,736,0.043107226
25,768,0.042897016
25,800,0.043304425
25,832,0.043237817
25,864,0.043215405
25,896,0.042972565
25,928,0.043047383
25,960,0.04298593
25,992,0.044440206
25,1024,0.04428725
25,1056,0.04405717
25,1088,0.04404838
25,1120,0.043975122
25,1152,0.043825
25,1184,0.043810662
25,1216,0.04362706
25,1248,0.04390108
25,1280,0.043551687
25,1312,0.04371643
25,1344,0.043472998
25,1376,0.04359862
25,1408,0.043458216
25,1440,0.043488633
25,1472,0.043462954
25,1504,0.04328391
25,1536,0.043201067
25,1568,0.043417763
25,1600,0.043489885
25,1632,0.04326607
25,1664,0.04320448
25,1696,0.043354787
25,1728,0.04319971
25,1760,0.043229133
25,1792,0.043104734
25,1824,0.04318906
25,1856,0.043226738
25,1888,0.043016758
25,1920,0.04310674
25,1952,0.04305937
25,1984,0.043157186
25,2016,0.044611875
25,2048,0.04434519
25,2080,0.044292323
25,2112,0.04415508
25,2144,0.043808613
25,2176,0.04393948
25,2208,0.04377197
25,2240,0.043691643
25,2272,0.04387521
25,2304,0.04365881
25,2336,0.043754317
25,2368,0.04355139
25,2400,0.043404993
25,2432,0.043624736
25,2464,0.043594245
25,2496,0.043187343
25,2528,0.043241724
25,2560,0.04340483
25,2592,0.043486476
25,2624,0.043538727
25,2656,0.043284163
25,2688,0.04326562
25,2720,0.043356292
25,2752,0.043037932
25,2784,0.043143716
25,2816,0.04314234
25,2848,0.043113705
25,2880,0.04323806
25,2912,0.043218225
25,2944,0.043025844
25,2976,0.043121215
25,3008,0.043060906
25,3040,0.04476912
25,3072,0.044644564
25,3104,0.044431716
25,3136,0.044428825
25,3168,0.044427786
25,3200,0.04423377
25,3232,0.04403622
25,3264,0.044131972
25,3296,0.044114627
25,3328,0.044076644
25,3360,0.044025503
25,3392,0.044030663
25,3424,0.043947622
25,3456,0.043762345
25,3488,0.043864086
25,3520,0.043890063
25,3552,0.043754574
25,3584,0.043618236
25,3616,0.043480996
25,3648,0.043624092
25,3680,0.043601375
25,3712,0.043653257
25,3744,0.043497972
25,3776,0.04351822
25,3808,0.043632753
25,3840,0.04349424
25,3872,0.043583352
25,3904,0.043350596
25,3936,0.043465007
25,3968,0.043394282
25,4000,0.04349841
25,4032,0.043496188
25,4064,0.044158168
25,4096,0.044244874
25,4128,0.0441244
25,4160,0.043897282
25,4192,0.043762352
25,4224,0.044096157
25,4256,0.044006735
25,4288,0.043795224
25,4320,0.043754622
25,4352,0.043558624
25,4384,0.04370944
25,4416,0.043737233
25,4448,0.043469504
25,4480,0.04356949
25,4512,0.04337529
25,4544,0.043469135
25,4576,0.043308917
25,4608,0.0432758
25,4640,0.04351119
25,4672,0.043146595
25,4704,0.043120522
25,4736,0.04327828
25,4768,0.043111652
25,4800,0.04310685
25,4832,0.04313808
25,4864,0.043113697
25,4896,0.043042626
25,4928,0.043015588
25,4960,0.043047242
25,4992,0.043280173
25,5024,0.04310203
25,5056,0.043190297
25,5088,0.044261266
25,5120,0.04425623
25,5152,0.044265725
25,5184,0.04399058
25,5216,0.04409347
25,5248,0.04399535
25,5280,0.04404887
25,5312,0.043793388
25,5344,0.04384643
25,5376,0.043859996
25,5408,0.043789838
25,5440,0.043522388
25,5472,0.043631885
25,5504,0.04348068
25,5536,0.04333522
25,5568,0.043541227
25,5600,0.04342065
25,5632,0.043530844
25,5664,0.04319287
25,5696,0.043356698
25,5728,0.04333752
25,5760,0.043161906
25,5792,0.04346685
25,5824,0.043264426
25,5856,0.04326251
25,5888,0.043203916
25,5920,0.04325393
25,5952,0.04312415
25,5984,0.043031078
25,6016,0.04310643
25,6048,0.043296263
25,6080,0.043048956
26,0,0.04439087
26,32,0.0443106
26,64,0.044129115
26,96,0.044040695
26,128,0.044157602
26,160,0.04405817
26,192,0.043957796
26,224,0.043597467
26,256,0.043783862
26,288,0.043628685
26,320,0.043528993
26,352,0.043615445
26,384,0.043531775
26,416,0.043421317
26,448,0.043283407
26,480,0.04348154
26,512,0.043426596
26,544,0.043418523
26,576,0.04329278
26,608,0.043318085
26,640,0.043303292
26,672,0.043218352
26,704,0.043042943
26,736,0.043136753
26,768,0.043351084
26,800,0.043166734
26,832,0.043136388
26,864,0.04324048
26,896,0.042828366
26,928,0.043195534
26,960,0.04295055
26,992,0.043120816
26,1024,0.044011407
26,1056,0.04406196
26,1088,0.043947354
26,1120,0.04386619
26,1152,0.04392313
26,1184,0.04378685
26,1216,0.04370859
26,1248,0.043622363
26,1280,0.043570764
26,1312,0.04353348
26,1344,0.043434188
26,1376,0.043467943
26,1408,0.04348482
26,1440,0.04359833
26,1472,0.04342929
26,1504,0.043285523
26,1536,0.04319327
26,1568,0.043275524
26,1600,0.043097403
26,1632,0.043528024
26,1664,0.04319554
26,1696,0.043080647
26,1728,0.043046318
26,1760,0.043134164
26,1792,0.042983964
26,1824,0.043123044
26,1856,0.0430575
26,1888,0.043049663
26,1920,0.042989403
26,1952,0.04284942
26,1984,0.042964928
26,2016,0.04285824
26,2048,0.044155214
26,2080,0.04438113
26,2112,0.044029746
26,2144,0.04408155
26,2176,0.043957137
26,2208,0.043959714
26,2240,0.043741673
26,2272,0.0437682
26,2304,0.043700233
26,2336,0.043722916
26,2368,0.04354069
26,2400,0.043787915
26,2432,0.04369246
26,2464,0.043650623
26,2496,0.04373937
26,2528,0.043429133
26,2560,0.043621387
26,2592,0.043346096
26,2624,0.04333917
26,2656,0.04332667
26,2688,0.043484993
26,2720,0.04331163
26,2752,0.043265924
26,2784,0.04321115
26,2816,0.042997036
26,2848,0.043325514
26,2880,0.04306656
26,2912,0.043154705
26,2944,0.04308921
26,2976,0.04309441
26,3008,0.04319897
26,3040,0.04318068
26,3072,0.044086624
26,3104,0.044365343
26,3136,0.044040542
26,3168,0.044002675
26,3200,0.043970022
26,3232,0.04379197
26,3264,0.04377427
26,3296,0.043763816
26,3328,0.043686476
26,3360,0.04365448
26,3392,0.043420173
26,3424,0.04349001
26,3456,0.043554615
26,3488,0.043543875
26,3520,0.0433996
26,3552,0.043481216
26,3584,0.043385506
26,3616,0.043264616
26,3648,0.04332445
26,3680,0.043410942
26,3712,0.043304518
26,3744,0.043137956
26,3776,0.0431102
26,3808,0.043222163
26,3840,0.04324488
26,3872,0.043230407
26,3904,0.04316444
26,3936,0.043263797
26,3968,0.04336769
26,4000,0.043038778
26,4032,0.043097038
26,4064,0.043156005
26,4096,0.043861147
26,4128,0.04430722
26,4160,0.04404898
26,4192,0.043975465
26,4224,0.043958712
26,4256,0.043711618
26,4288,0.043782413
26,4320,0.04374435
26,4352,0.043848645
26,4384,0.043703556
26,4416,0.043605067
26,4448,0.043319672
26,4480,0.043453153
26,4512,0.04355807
26,4544,0.04346258
26,4576,0.043374408
26,4608,0.04335098
26,4640,0.04332129
26,4672,0.043225493
26,4704,0.04329612
26,4736,0.04345618
26,4768,0.043336675
26,4800,0.043177642
26,4832,0.0429609
26,4864,0.04313722
26,4896,0.042994104
26,4928,0.04308538
26,4960,0.043245234
26,4992,0.043168686
26,5024,0.043128584
26,5056,0.04309138
26,5088,0.042917028
26,5120,0.04393172
26,5152,0.04412772
26,5184,0.043993995
26,5216,0.044135418
26,5248,0.04408673
26,5280,0.044011243
26,5312,0.044032734
26,5344,0.04390569
26,5376,0.043762717
26,5408,0.043511737
26,5440,0.043609276
26,5472,0.043677364
26,5504,0.043496724
26,5536,0.043516163
26,5568,0.04363753
26,5600,0.043511704
26,5632,0.043301556
26,5664,0.04337851
26,5696,0.04348299
26,5728,0.043405633
26,5760,0.04346142
26,5792,0.043350738
26,5824,0.043213766
26,5856,0.043220006
26,5888,0.043099985
26,5920,0.043126676
26,5952,0.043231867
26,5984,0.043105222
26,6016,0.043176148
26,6048,0.04306064
26,6080,0.043285616
27,0,0.042888228
27,32,0.043864533
27,64,0.044593703
27,96,0.044678416
27,128,0.044362847
27,160,0.044247236
27,192,0.04416938
27,224,0.044234835
27,256,0.04418116
27,288,0.043866467
27,320,0.04398188
27,352,0.043908857
27,384,0.04381255
27,416,0.04382893
27,448,0.043628775
27,480,0.043790553
27,512,0.04368148
27,544,0.04374764
27,576,0.043638337
27,608,0.043839276
27,640,0.043564893
27,672,0.04379608
27,704,0.043588623
27,736,0.043481603
27,768,0.04357506
27,800,0.043579236
27,832,0.043685317
27,864,0.043442115
27,896,0.043512274
27,928,0.043655615
27,960,0.04322438
27,992,0.04339615
27,1024,0.043356046
27,1056,0.04392984
27,1088,0.044381317
27,1120,0.044302188
27,1152,0.04404011
27,1184,0.044152256
27,1216,0.04412245
27,1248,0.044040926
27,1280,0.043979734
27,1312,0.04412254
27,1344,0.0438505
27,1376,0.0439199
27,1408,0.043737702
27,1440,0.04391344
27,1472,0.043792043
27,1504,0.043669213
27,1536,0.043632302
27,1568,0.043644764
27,1600,0.043633983
27,1632,0.0435944
27,1664,0.043574724
27,1696,0.043570206
27,1728,0.04356095
27,1760,0.043521307
27,1792,0.043552436
27,1824,0.043365415
27,1856,0.043520045
27,1888,0.043329332
27,1920,0.043420576
27,1952,0.043270662
27,1984,0.043319546
27,2016,0.04349524
27,2048,0.04321573
27,2080,0.04365739
27,2112,0.04423488
27,2144,0.04410396
27,2176,0.043928575
27,2208,0.043867465
27,2240,0.04373981
27,2272,0.04372988
27,2304,0.043641794
27,2336,0.04372291
27,2368,0.043532565
27,2400,0.043567203
27,2432,0.04357575
27,2464,0.04355228
27,2496,0.043306287
27,2528,0.043426003
27,2560,0.043338057
27,2592,0.043383047
27,2624,0.043398306
27,2656,0.04337828
27,2688,0.043140963
27,2720,0.04330326
27,2752,0.043327987
27,2784,0.043162365
27,2816,0.043248013
27,2848,0.043155484
27,2880,0.04305304
27,2912,0.043108832
27,2944,0.043052644
27,2976,0.043114018
27,3008,0.043125134
27,3040,0.043094423
27,3072,0.043126605
27,3104,0.04374078
27,3136,0.04413476
27,3168,0.044081617
27,3200,0.04406873
27,3232,0.0438235
27,3264,0.044077124
27,3296,0.04384401
27,3328,0.043711502
27,3360,0.0437282
27,3392,0.043614008
27,3424,0.043605458
27,3456,0.043714516
27,3488,0.04355029
27,3520,0.043631423
27,3552,0.043522693
27,3584,0.043428853
27,3616,0.04340132
27,3648,0.043442283
27,3680,0.04322431
27,3712,0.043082565
27,3744,0.043377522
27,3776,0.04340356
27,3808,0.043063015
27,3840,0.043313585
27,3872,0.043354157
27,3904,0.04333199
27,3936,0.043192185
27,3968,0.04304195
27,4000,0.043255053
27,4032,0.043173123
27,4064,0.04303906
27,4096,0.04302816
27,4128,0.043662
27,4160,0.044193164
27,4192,0.04419902
27,4224,0.04399531
27,4256,0.044063438
27,4288,0.04392937
27,4320,0.043809287
27,4352,0.04381103
27,4384,0.043740645
27,4416,0.04379868
27,4448,0.043422487
27,4480,0.04349143
27,4512,0.043668497
27,4544,0.043659456
27,4576,0.04357851
27,4608,0.04349628
27,4640,0.043474548
27,4672,0.043384403
27,4704,0.043417156
27,4736,0.043384586
27,4768,0.043377675
27,4800,0.04335035
27,4832,0.043317646
27,4864,0.043279458
27,4896,0.043184433
27,4928,0.043335345
27,4960,0.04318492
27,4992,0.043247484
27,5024,0.043241043
27,5056,0.043131277
27,5088,0.043276995
27,5120,0.04306506
27,5152,0.04376743
27,5184,0.04424233
27,5216,0.044030983
27,5248,0.043784086
27,5280,0.043805733
27,5312,0.043719206
27,5344,0.043752655
27,5376,0.043627944
27,5408,0.04364023
27,5440,0.043588955
27,5472,0.04370383
27,5504,0.04352933
27,5536,0.04353619
27,5568,0.043349776
27,5600,0.04324359
27,5632,0.04337404
27,5664,0.043219883
27,5696,0.043235775
27,5728,0.04317369
27,5760,0.04328998
27,5792,0.04327565
27,5824,0.043258436
27,5856,0.04319955
27,5888,0.043021616
27,5920,0.043341063
27,5952,0.043182842
27,5984,0.043144986
27,6016,0.043250967
27,6048,0.043080106
27,6080,0.04299634
28,0,0.04302902
28,32,0.042831607
28,64,0.043250877
28,96,0.043992307
28,128,0.043977108
28,160,0.04418647
28,192,0.04380956
28,224,0.04386333
28,256,0.043847233
28,288,0.04381592
28,320,0.043753106
28,352,0.04379339
28,384,0.043801624
28,416,0.043497458
28,448,0.04371057
28,480,0.043686207
28,512,0.04347621
28,544,0.04356174
28,576,0.043518934
28,608,0.043486044
28,640,0.043359976
28,672,0.043428145
28,704,0.043485425
28,736,0.04336496
28,768,0.04353957
28,800,0.043244623
28,832,0.043260764
28,864,0.043309066
28,896,0.04317705
28,928,0.043142147
28,960,0.04313275
28,992,0.043206267
28,1024,0.043021813
28,1056,0.04313204
28,1088,0.043606073
28,1120,0.0442039
28,1152,0.043793976
28,1184,0.04398712
28,1216,0.04399624
28,1248,0.043715224
28,1280,0.04371877
28,1312,0.043688253
28,1344,0.04372196
28,1376,0.043535255
28,1408,0.043599214
28,1440,0.043486282
28,1472,0.043479677
28,1504,0.0435958
28,1536,0.04339295
28,1568,0.043359328
28,1600,0.04351532
28,1632,0.043283306
28,1664,0.043199986
28,1696,0.043569453
28,1728,0.043384604
28,1760,0.043312654
28,1792,0.043392412
28,1824,0.04328385
28,1856,0.043101225
28,1888,0.043206975
28,1920,0.043126196
28,1952,0.043091167
28,1984,0.04322124
28,2016,0.043237794
28,2048,0.043133512
28,2080,0.043008115
28,2112,0.043552067
28,2144,0.044238143
28,2176,0.044144176
28,2208,0.044252243
28,2240,0.043996193
28,2272,0.043977752
28,2304,0.043878272
28,2336,0.043788992
28,2368,0.043885943
28,2400,0.04371638
28,2432,0.043779515
28,2464,0.043676425
28,2496,0.043823693
28,2528,0.0435723
28,2560,0.04376671
28,2592,0.04359134
28,2624,0.043631423
28,2656,0.043567512
28,2688,0.043430675
28,2720,0.043418135
28,2752,0.04349158
28,2784,0.043149784
28,2816,0.043413915
28,2848,0.043143854
28,2880,0.043270838
28,2912,0.043260638
28,2944,0.043462794
28,2976,0.04315212
28,3008,0.04324406
28,3040,0.043041043
28,3072,0.043295514
28,3104,0.043218162
28,3136,0.04353781
28,3168,0.044169836
28,3200,0.043966714
28,3232,0.04399145
28,3264,0.043649744
28,3296,0.043816164
28,3328,0.043815665
28,3360,0.043724075
28,3392,0.04368205
28,3424,0.043819986
28,3456,0.04378128
28,3488,0.04342829
28,3520,0.043632615
28,3552,0.043532018
28,3584,0.04330839
28,3616,0.04363736
28,3648,0.043475755
28,3680,0.04346562
28,3712,0.043337446
28,3744,0.043364607
28,3776,0.043311466
28,3808,0.043447513
28,3840,0.04326789
28,3872,0.04323173
28,3904,0.04331173
28,3936,0.043260995
28,3968,0.043317016
28,4000,0.043293312
28,4032,0.04323309
28,4064,0.043097764
28,4096,0.043197054
28,4128,0.04335548
28,4160,0.04356102
28,4192,0.04451752
28,4224,0.044479225
28,4256,0.044604726
28,4288,0.04421892
28,4320,0.04424483
28,4352,0.044324
28,4384,0.04421164
28,4416,0.043961372
28,4448,0.044094034
28,4480,0.04409937
28,4512,0.04391424
28,4544,0.043873016
28,4576,0.043994557
28,4608,0.043711737
28,4640,0.043982737
28,4672,0.043929573
28,4704,0.043830205
28,4736,0.04365061
28,4768,0.04374066
28,4800,0.043954443
28,4832,0.04377253
28,4864,0.043765303
28,4896,0.043401938
28,4928,0.043466303
28,4960,0.04350966
28,4992,0.0434536
28,5024,0.04347661
28,5056,0.043582834
28,5088,0.043393087
28,5120,0.043505564
28,5152,0.043387763
28,5184,0.043701448
28,5216,0.044245616
28,5248,0.04416217
28,5280,0.044113006
28,5312,0.04383872
28,5344,0.043949757
28,5376,0.043858226
28,5408,0.04385874
28,5440,0.043675758
28,5472,0.043712936
28,5504,0.04363937
28,5536,0.04377081
28,5568,0.04361583
28,5600,0.04355201
28,5632,0.04346018
28,5664,0.043756206
28,5696,0.043444887
28,5728,0.043510534
28,5760,0.043395817
28,5792,0.043277923
28,5824,0.043287884
28,5856,0.04336241
28,5888,0.043402214
28,5920,0.043256823
28,5952,0.043356054
28,5984,0.0434613
28,6016,0.043410998
28,6048,0.043162793
28,6080,0.04321885
29,0,0.04325482
29,32,0.04317464
29,64,0.04319633
29,96,0.043225624
29,128,0.044038273
29,160,0.04395854
29,192,0.04393123
29,224,0.04400148
29,256,0.043828744
29,288,0.043802615
29,320,0.043903675
29,352,0.043847512
29,384,0.043710828
29,416,0.043582536
29,448,0.043442793
29,480,0.04345261
29,512,0.043565914
29,544,0.043669973
29,576,0.043319795
29,608,0.04334139
29,640,0.043484736
29,672,0.04342638
29,704,0.043383613
29,736,0.043207146
29,768,0.04335923
29,800,0.04335881
29,832,0.04321787
29,864,0.043183714
29,896,0.04326249
29,928,0.043316487
29,960,0.042924687
29,992,0.043141663
29,1024,0.043038737
29,1056,0.04318277
29,1088,0.043035965
29,1120,0.043005325
29,1152,0.04412491
29,1184,0.04417231
29,1216,0.044022005
29,1248,0.044040833
29,1280,0.043768562
29,1312,0.043714073
29,1344,0.043762326
29,1376,0.04379134
29,1408,0.043876715
29,1440,0.04370621
29,1472,0.043720294
29,1504,0.043608468
29,1536,0.04357459
29,1568,0.043558627
29,1600,0.043538593
29,1632,0.043172482
29,1664,0.04364049
29,1696,0.043521218
29,1728,0.04335149
29,1760,0.04355405
29,1792,0.043288358
29,1824,0.043325495
29,1856,0.043454606
29,1888,0.043214943
29,1920,0.043372042
29,1952,0.043266617
29,1984,0.0432312
29,2016,0.043094408
29,2048,0.04300507
29,2080,0.043352526
29,2112,0.04311443
29,2144,0.043397352
29,2176,0.044178344
29,2208,0.043998584
29,2240,0.04394683
29,2272,0.04389822
29,2304,0.043721482
29,2336,0.0436356
29,2368,0.04372671
29,2400,0.04356114
29,2432,0.043441404
29,2464,0.043611117
29,2496,0.043636728
29,2528,0.043315474
29,2560,0.04353106
29,2592,0.043476325
29,2624,0.043517508
29,2656,0.043461375
29,2688,0.0432784
29,2720,0.04334943
29,2752,0.043397233
29,2784,0.043324906
29,2816,0.043229625
29,2848,0.0433617
29,2880,0.043281324
29,2912,0.043140225
29,2944,0.04317993
29,2976,0.042912073
29,3008,0.043142322
29,3040,0.04315813
29,3072,0.04296227
29,3104,0.04310996
29,3136,0.042922046
29,3168,0.04320136
29,3200,0.044107154
29,3232,0.043999776
29,3264,0.04410713
29,3296,0.043936256
29,3328,0.043813996
29,3360,0.0437656
29,3392,0.043669615
29,3424,0.043802783
29,3456,0.043756366
29,3488,0.043689474
29,3520,0.043564126
29,3552,0.043654963
29,3584,0.043603305
29,3616,0.04343966
29,3648,0.043577675
29,3680,0.043638956
29,3712,0.043510232
29,3744,0.043292392
29,3776,0.043384388
29,3808,0.0434914
29,3840,0.043361437
29,3872,0.043272007
29,3904,0.043243565
29,3936,0.043184042
29,3968,0.04321542
29,4000,0.043257862
29,4032,0.04320289
29,4064,0.04311357
29,4096,0.04331608
29,4128,0.043078262
29,4160,0.043174427
29,4192,0.043147907
29,4224,0.044001956
29,4256,0.043996103
29,4288,0.04402419
29,4320,0.043843586
29,4352,0.043883223
29,4384,0.043899316
29,4416,0.04363906
29,4448,0.04372517
29,4480,0.043630708
29,4512,0.04357501
29,4544,0.04357556
29,4576,0.04334513
29,4608,0.04352709
29,4640,0.04351635
29,4672,0.043447103
29,4704,0.04337784
29,4736,0.043498628
29,4768,0.043406997
29,4800,0.04348065
29,4832,0.043136034
29,4864,0.043517597
29,4896,0.04325894
29,4928,0.04315975
29,4960,0.043191966
29,4992,0.043131668
29,5024,0.04325513
29,5056,0.043225206
29,5088,0.04324654
29,5120,0.043185808
29,5152,0.043235045
29,5184,0.043071028
29,5216,0.043123413
29,5248,0.044197313
29,5280,0.044109322
29,5312,0.04407865
29,5344,0.043867428
29,5376,0.04389463
29,5408,0.04374914
29,5440,0.04379172
29,5472,0.04384263
29,5504,0.043678205
29,5536,0.043646503
29,5568,0.043750282
29,5600,0.04381035
29,5632,0.04337214
29,5664,0.04369428
29,5696,0.043480538
29,5728,0.043415945
29,5760,0.043446917
29,5792,0.043548554
29,5824,0.04344603
29,5856,0.043265346
29,5888,0.043310333
29,5920,0.043273795
29,5952,0.043159656
29,5984,0.043251023
29,6016,0.043255284
29,6048,0.04322459
29,6080,0.043358248
30,0,0.043100055
30,32,0.043196186
30,64,0.043249145
30,96,0.043240424
30,128,0.043137547
30,160,0.044037692
30,192,0.043858998
30,224,0.043938767
30,256,0.04376608
30,288,0.043869823
30,320,0.04399503
30,352,0.043738734
30,384,0.04367936
30,416,0.04372197
30,448,0.043767445
30,480,0.043666184
30,512,0.043597344
30,544,0.043483417
30,576,0.043620996
30,608,0.04353168
30,640,0.043550897
30,672,0.043459475
30,704,0.043374754
30,736,0.043434486
30,768,0.043445613
30,800,0.043341227
30,832,0.043380864
30,864,0.043346297
30,896,0.043359403
30,928,0.043219347
30,960,0.043151088
30,992,0.04319448
30,1024,0.043348644
30,1056,0.04326912
30,1088,0.043380324
30,1120,0.04320664
30,1152,0.043174352
30,1184,0.044428162
30,1216,0.044299483
30,1248,0.04436428
30,1280,0.044190567
30,1312,0.044390984
30,1344,0.04419333
30,1376,0.043942057
30,1408,0.04403185
30,1440,0.044177562
30,1472,0.04386822
30,1504,0.043833937
30,1536,0.043746054
30,1568,0.043883156
30,1600,0.043869335
30,1632,0.04385782
30,1664,0.044067223
30,1696,0.043804333
30,1728,0.043537028
30,1760,0.04367708
30,1792,0.043580256
30,1824,0.043741982
30,1856,0.04368923
30,1888,0.04356637
30,1920,0.043596968
30,1952,0.043623313
30,1984,0.04352595
30,2016,0.043470513
30,2048,0.043729175
30,2080,0.04337603
30,2112,0.043453533
30,2144,0.043639075
30,2176,0.043644704
30,2208,0.044123232
30,2240,0.044142246
30,2272,0.04411839
30,2304,0.0439219
30,2336,0.04415587
30,2368,0.043775983
30,2400,0.044051938
30,2432,0.04386065
30,2464,0.0438471
30,2496,0.043726888
30,2528,0.043665953
30,2560,0.04386589
30,2592,0.0435282
30,2624,0.043397103
30,2656,0.04356216
30,2688,0.043374
30,2720,0.043330565
30,2752,0.043489654
30,2784,0.043554038
30,2816,0.043506373
30,2848,0.043460317
30,2880,0.043296702
30,2912,0.043522157
30,2944,0.04335213
30,2976,0.043328848
30,3008,0.043237798
30,3040,0.043317128
30,3072,0.043332357
30,3104,0.043392703
30,3136,0.04330317
30,3168,0.043110263
30,3200,0.04344039
30,3232,0.043882854
30,3264,0.044031966
30,3296,0.044014767
30,3328,0.04385804
30,3360,0.04380763
30,3392,0.043719884
30,3424,0.04375212
30,3456,0.04361741
30,3488,0.043855257
30,3520,0.043658078
30,3552,0.043613736
30,3584,0.04355811
30,3616,0.04352472
30,3648,0.043450717
30,3680,0.043400776
30,3712,0.043503635
30,3744,0.043510504
30,3776,0.04346322
30,3808,0.043522123
30,3840,0.043354664
30,3872,0.04328929
30,3904,0.04315982
30,3936,0.043421183
30,3968,0.04318743
30,4000,0.0432478
30,4032,0.043521617
30,4064,0.043311205
30,4096,0.043367326
30,4128,0.043390766
30,4160,0.043083914
30,4192,0.043168206
30,4224,0.043230217
30,4256,0.043901734
30,4288,0.044025358
30,4320,0.04388936
30,4352,0.043955743
30,4384,0.043978684
30,4416,0.043702412
30,4448,0.043836366
30,4480,0.043707486
30,4512,0.043811962
30,4544,0.043565188
30,4576,0.043684572
30,4608,0.043704893
30,4640,0.043554112
30,4672,0.043581072
30,4704,0.043529823
30,4736,0.043439608
30,4768,0.043550227
30,4800,0.043547843
30,4832,0.04344126
30,4864,0.043656085
30,4896,0.04342718
30,4928,0.043493006
30,4960,0.043303274
30,4992,0.0434052
30,5024,0.043477815
30,5056,0.04323058
30,5088,0.043338913
30,5120,0.04321164
30,5152,0.04336862
30,5184,0.043354582
30,5216,0.04316161
30,5248,0.043159753
30,5280,0.04380392
30,5312,0.04377311
30,5344,0.04383419
30,5376,0.04389711
30,5408,0.043918096
30,5440,0.043630462
30,5472,0.043680202
30,5504,0.043491367
30,5536,0.043650787
30,5568,0.043680564
30,5600,0.043693908
30,5632,0.043623496
30,5664,0.04331432
30,5696,0.043597434
30,5728,0.04327767
30,5760,0.04335402
30,5792,0.043553893
30,5824,0.04347519
30,5856,0.043499872
30,5888,0.04329279
30,5920,0.04331156
30,5952,0.04323513
30,5984,0.043440133
30,6016,0.043139372
30,6048,0.043091014
30,6080,0.043240007
31,0,0.043246865
31,32,0.043219086
31,64,0.04317965
31,96,0.043083508
31,128,0.043065444
31,160,0.043123096
31,192,0.04373532
31,224,0.044215653
31,256,0.04408745
31,288,0.04374781
31,320,0.044056717
31,352,0.04381695
31,384,0.043596487
31,416,0.04377867
31,448,0.04367199
31,480,0.043693386
31,512,0.04349679
31,544,0.043757357
31,576,0.04371611
31,608,0.04368016
31,640,0.04369635
31,672,0.04352669
31,704,0.043470472
31,736,0.04356087
31,768,0.043677405
31,800,0.043468792
31,832,0.04333158
31,864,0.043493263
31,896,0.0433451
31,928,0.043295234
31,960,0.04336852
31,992,0.043357693
31,1024,0.043332387
31,1056,0.043439686
31,1088,0.043283828
31,1120,0.043482937
31,1152,0.043222982
31,1184,0.043334287
31,1216,0.043645144
31,1248,0.043911148
31,1280,0.043845233
31,1312,0.043974083
31,1344,0.043829307
31,1376,0.04363925
31,1408,0.0437162
31,1440,0.043756396
31,1472,0.043774594
31,1504,0.043483187
31,1536,0.043627746
31,1568,0.043559127
31,1600,0.04354495
31,1632,0.04359157
31,1664,0.043533295
31,1696,0.04363715
31,1728,0.043385465
31,1760,0.04348619
31,1792,0.043600824
31,1824,0.04340442
31,1856,0.04344434
31,1888,0.043246325
31,1920,0.043278318
31,1952,0.043097068
31,1984,0.043159712
31,2016,0.043287355
31,2048,0.04328389
31,2080,0.04325538
31,2112,0.043523505
31,2144,0.043280076
31,2176,0.043162268
31,2208,0.043276176
31,2240,0.04362826
31,2272,0.043772936
31,2304,0.043546904
31,2336,0.04366743
31,2368,0.04362064
31,2400,0.043731883
31,2432,0.043678857
31,2464,0.04373087
31,2496,0.043524705
31,2528,0.04352115
31,2560,0.043535266
31,2592,0.0433336
31,2624,0.04353586
31,2656,0.043334097
31,2688,0.043250572
31,2720,0.043389242
31,2752,0.043259166
31,2784,0.043332934
31,2816,0.043304857
31,2848,0.043385483
31,2880,0.043417368
31,2912,0.04309429
31,2944,0.043238565
31,2976,0.04308544
31,3008,0.043024898
31,3040,0.043187074
31,3072,0.043116897
31,3104,0.043007616
31,3136,0.04311328
31,3168,0.043081462
31,3200,0.043155428
31,3232,0.042869665
31,3264,0.043623954
31,3296,0.04401676
31,3328,0.043923955
31,3360,0.044063825
31,3392,0.04392088
31,3424,0.044025686
31,3456,0.043925937
31,3488,0.043760564
31,3520,0.043783344
31,3552,0.043671332
31,3584,0.04372695
31,3616,0.043809365
31,3648,0.04371331
31,3680,0.043685354
31,3712,0.043508314
31,3744,0.04361907
31,3776,0.04348603
31,3808,0.043556344
31,3840,0.043668307
31,3872,0.043529917
31,3904,0.043591052
31,3936,0.04358718
31,3968,0.04347154
31,4000,0.043472774
31,4032,0.043571524
31,4064,0.04348734
31,4096,0.043534033
31,4128,0.04349216
31,4160,0.043244693
31,4192,0.043434743
31,4224,0.043391146
31,4256,0.043465815
31,4288,0.044060953
31,4320,0.043919634
31,4352,0.043884177
31,4384,0.04380017
31,4416,0.044012044
31,4448,0.04385446
31,4480,0.04377069
31,4512,0.043743923
31,4544,0.043884613
31,4576,0.04361501
31,4608,0.043882143
31,4640,0.04370237
31,4672,0.0437986
31,4704,0.04368484
31,4736,0.0437293
31,4768,0.043545693
31,4800,0.043824602
31,4832,0.043751515
31,4864,0.043605957
31,4896,0.043567043
31,4928,0.043564215
31,4960,0.043506917
31,4992,0.043364663
31,5024,0.043405604
31,5056,0.043398
31,5088,0.043481942
31,5120,0.0432795
31,5152,0.043470643
31,5184,0.04353624
31,5216,0.04342668
31,5248,0.043170437
31,5280,0.04337606
31,5312,0.043912582
31,5344,0.04416746
31,5376,0.044082385
31,5408,0.044202995
31,5440,0.04421484
31,5472,0.04419717
31,5504,0.04401429
31,5536,0.043990333
31,5568,0.04394426
31,5600,0.044051204
31,5632,0.04365613
31,5664,0.044020303
31,5696,0.04391677
31,5728,0.04395429
31,5760,0.043707997
31,5792,0.04387174
31,5824,0.043807745
31,5856,0.043673616
31,5888,0.043910146
31,5920,0.04358986
31,5952,0.043643918
31,5984,0.043591153
31,6016,0.043615922
31,6048,0.04361941
31,6080,0.043708187
32,0,0.043625344
32,32,0.04343516
32,64,0.043345533
32,96,0.043372195
32,128,0.043412615
32,160,0.043402247
32,192,0.043590438
32,224,0.043600548
32,256,0.044117622
32,288,0.044014424
32,320,0.043926757
32,352,0.043988213
32,384,0.043811444
32,416,0.043808557
32,448,0.04371127
32,480,0.04366049
32,512,0.043777365
32,544,0.04377104
32,576,0.04351495
32,608,0.043487024
32,640,0.043671396
32,672,0.043434214
32,704,0.043564714
32,736,0.04340284
32,768,0.04355986
32,800,0.04358899
32,832,0.043367956
32,864,0.04331961
32,896,0.043433584
32,928,0.043413527
32,960,0.04329397
32,992,0.043444093
32,1024,0.04349827
32,1056,0.04349201
32,1088,0.04335055
32,1120,0.043490324
32,1152,0.043343026
32,1184,0.043539558
32,1216,0.043444347
32,1248,0.043493338
32,1280,0.04399492
32,1312,0.043885745
32,1344,0.043635488
32,1376,0.043866
32,1408,0.04366934
32,1440,0.04370593
32,1472,0.043638147
32,1504,0.043681756
32,1536,0.04353189
32,1568,0.043637387
32,1600,0.043600224
32,1632,0.043795187
32,1664,0.04331
32,1696,0.043595072
32,1728,0.043400936
32,1760,0.043366272
32,1792,0.04324201
32,1824,0.04336986
32,1856,0.043476198
32,1888,0.04343716
32,1920,0.0432387
32,1952,0.043378945
32,1984,0.04345019
32,2016,0.04328176
32,2048,0.04354717
32,2080,0.043124996
32,2112,0.04358832
32,2144,0.043053396
32,2176,0.043325335
32,2208,0.04336217
32,2240,0.04333501
32,2272,0.043454673
32,2304,0.04382924
32,2336,0.04411144
32,2368,0.0437183
32,2400,0.04379132
32,2432,0.04361034
32,2464,0.04355062
32,2496,0.043545227
32,2528,0.043496516
32,2560,0.043798376
32,2592,0.043645274
32,2624,0.04362468
32,2656,0.043386005
32,2688,0.043564808
32,2720,0.04357145
32,2752,0.043586344
32,2784,0.04357221
32,2816,0.04357512
32,2848,0.043607086
32,2880,0.043353077
32,2912,0.04330648
32,2944,0.04353469
32,2976,0.043595582
32,3008,0.043333165
32,3040,0.04317974
32,3072,0.04315891
32,3104,0.04340746
32,3136,0.043368153
32,3168,0.043195546
32,3200,0.043225046
32,3232,0.043145902
32,3264,0.043189816
32,3296,0.043344088
32,3328,0.043749597
32,3360,0.043760657
32,3392,0.043739755
32,3424,0.043630432
32,3456,0.04354914
32,3488,0.0437703
32,3520,0.04362489
32,3552,0.043609295
32,3584,0.04348654
32,3616,0.043490723
32,3648,0.04358938
32,3680,0.043715738
32,3712,0.043511778
32,3744,0.043590326
32,3776,0.043491546
32,3808,0.04340452
32,3840,0.04342082
32,3872,0.043492395
32,3904,0.04367484
32,3936,0.04357816
32,3968,0.043408625
32,4000,0.04338851
32,4032,0.043216866
32,4064,0.043333326
32,4096,0.04336785
32,4128,0.043187242
32,4160,0.04322871
32,4192,0.043235432
32,4224,0.04324542
32,4256,0.043205883
32,4288,0.0432381
32,4320,0.043316927
32,4352,0.043837387
32,4384,0.04373634
32,4416,0.043847732
32,4448,0.0437797
32,4480,0.04374235
32,4512,0.043794177
32,4544,0.04361806
32,4576,0.04376866
32,4608,0.043833543
32,4640,0.043650605
32,4672,0.043673955
32,4704,0.043558
32,4736,0.043614026
32,4768,0.04353922
32,4800,0.043542806
32,4832,0.043566827
32,4864,0.043534733
32,4896,0.043611266
32,4928,0.043602936
32,4960,0.043561444
32,4992,0.04339242
32,5024,0.043313146
32,5056,0.04344056
32,5088,0.043441556
32,5120,0.043463793
32,5152,0.0431941
32,5184,0.043162517
32,5216,0.043358296
32,5248,0.043374505
32,5280,0.04309638
32,5312,0.04327824
32,5344,0.043514453
32,5376,0.043840192
32,5408,0.043948967
32,5440,0.043926243
32,5472,0.043615706
32,5504,0.04382021
32,5536,0.043772917
32,5568,0.043599587
32,5600,0.04345227
32,5632,0.043538373
32,5664,0.04350793
32,5696,0.043502104
32,5728,0.043782305
32,5760,0.043740377
32,5792,0.043378893
32,5824,0.043437507
32,5856,0.04341106
32,5888,0.043470483
32,5920,0.043401714
32,5952,0.043409407
32,5984,0.043248165
32,6016,0.043424785
32,6048,0.04343761
32,6080,0.04338452
33,0,0.043278594
33,32,0.043583065
33,64,0.04336544
33,96,0.04319649
33,128,0.04324656
33,160,0.04327877
33,192,0.043186978
33,224,0.04313028
33,256,0.04323596
33,288,0.04382812
33,320,0.043532494
33,352,0.043638542
33,384,0.043733645
33,416,0.04370903
33,448,0.04370055
33,480,0.043641236
33,512,0.043587245
33,544,0.043586332
33,576,0.04347022
33,608,0.04379504
33,640,0.04364264
33,672,0.043632407
33,704,0.04352925
33,736,0.043368958
33,768,0.04348544
33,800,0.04350295
33,832,0.043413233
33,864,0.04351446
33,896,0.043313786
33,928,0.04333089
33,960,0.043328047
33,992,0.04356912
33,1024,0.04337805
33,1056,0.043560464
33,1088,0.043450043
33,1120,0.043311063
33,1152,0.04324066
33,1184,0.04320285
33,1216,0.043326806
33,1248,0.04325628
33,1280,0.04323448
33,1312,0.043946914
33,1344,0.04373623
33,1376,0.043868855
33,1408,0.043641407
33,1440,0.043675147
33,1472,0.043678086
33,1504,0.043827742
33,1536,0.04369832
33,1568,0.043810174
33,1600,0.04371172
33,1632,0.0436715
33,1664,0.043647937
33,1696,0.043499846
33,1728,0.043572973
33,1760,0.043537118
33,1792,0.043552395
33,1824,0.043740526
33,1856,0.043421417
33,1888,0.043639798
33,1920,0.04338586
33,1952,0.04347454
33,1984,0.04351457
33,2016,0.0435027
33,2048,0.043443378
33,2080,0.043574225
33,2112,0.043437883
33,2144,0.043365326
33,2176,0.04344392
33,2208,0.043352406
33,2240,0.043463934
33,2272,0.043427873
33,2304,0.043472204
33,2336,0.044151362
33,2368,0.044207547
33,2400,0.044024028
33,2432,0.04408885
33,2464,0.04425004
33,2496,0.04411539
33,2528,0.04414824
33,2560,0.044143017
33,2592,0.04402436
33,2624,0.043864436
33,2656,0.044001073
33,2688,0.043851536
33,2720,0.0440296
33,2752,0.04387318
33,2784,0.04399577
33,2816,0.04383726
33,2848,0.044001866
33,2880,0.044003695
33,2912,0.043714162
33,2944,0.04365642
33,2976,0.043648705
33,3008,0.043813962
33,3040,0.043722354
33,3072,0.04382661
33,3104,0.043846257
33,3136,0.04375936
33,3168,0.043570623
33,3200,0.04372362
33,3232,0.043547202
33,3264,0.04368375
33,3296,0.04375759
33,3328,0.043641865
33,3360,0.044013992
33,3392,0.043929033
33,3424,0.043732952
33,3456,0.043873753
33,3488,0.043910734
33,3520,0.043711558
33,3552,0.043855384
33,3584,0.043707717
33,3616,0.04373019
33,3648,0.043728136
33,3680,0.04384289
33,3712,0.04364165
33,3744,0.043596942
33,3776,0.04353522
33,3808,0.043530982
33,3840,0.043652654
33,3872,0.043702442
33,3904,0.043628875
33,3936,0.0436259
33,3968,0.04364075
33,4000,0.04346808
33,4032,0.0433268
33,4064,0.04358612
33,4096,0.04362674
33,4128,0.04355454
33,4160,0.043290466
33,4192,0.043425538
33,4224,0.043488946
33,4256,0.04350504
33,4288,0.043497607
33,4320,0.043390673
33,4352,0.043322455
33,4384,0.04396025
33,4416,0.043764208
33,4448,0.04385688
33,4480,0.043655418
33,4512,0.043807685
33,4544,0.04353556
33,4576,0.04384833
33,4608,0.043694057
33,4640,0.043573882
33,4672,0.043494243
33,4704,0.043730628
33,4736,0.043620523
33,4768,0.043714203
33,4800,0.04345389
33,4832,0.04343005
33,4864,0.043518968
33,4896,0.043353315
33,4928,0.043451965
33,4960,0.04353541
33,4992,0.043449175
33,5024,0.043282684
33,5056,0.043526977
33,5088,0.043416906
33,5120,0.043405235
33,5152,0.0433408
33,5184,0.043392356
33,5216,0.04330932
33,5248,0.043205954
33,5280,0.043389495
33,5312,0.043345496
33,5344,0.04327604
33,5376,0.043237526
33,5408,0.043871604
33,5440,0.043845072
33,5472,0.043752957
33,5504,0.04382084
33,5536,0.04358249
33,5568,0.043841828
33,5600,0.04353991
33,5632,0.043743495
33,5664,0.043764967
33,5696,0.043673534
33,5728,0.043741167
33,5760,0.043361288
33,5792,0.04364759
33,5824,0.043727927
33,5856,0.043590438
33,5888,0.04359567
33,5920,0.043580245
33,5952,0.04343609
33,5984,0.043628197
33,6016,0.04334674
33,6048,0.04336448
33,6080,0.043295186
34,0,0.043196667
34,32,0.04323017
34,64,0.043444596
34,96,0.04322099
34,128,0.043210637
34,160,0.043355066
34,192,0.043406527
34,224,0.043337807
34,256,0.043343093
34,288,0.04320479
34,320,0.043517645
34,352,0.043856066
34,384,0.043629006
34,416,0.043420624
34,448,0.04362471
34,480,0.04372897
34,512,0.04356203
34,544,0.04369328
34,576,0.043683026
34,608,0.043399412
34,640,0.043581866
34,672,0.043473907
34,704,0.043373924
34,736,0.043453444
34,768,0.04347404
34,800,0.043497838
34,832,0.043476142
34,864,0.043470997
34,896,0.04339188
34,928,0.04334233
34,960,0.043458823
34,992,0.043448724
34,1024,0.043274954
34,1056,0.0434079
34,1088,0.04351898
34,1120,0.043323632
34,1152,0.04326681
34,1184,0.043395787
34,1216,0.04335977
34,1248,0.043332454
34,1280,0.043362863
34,1312,0.043225512
34,1344,0.04361737
34,1376,0.043747813
34,1408,0.043959543
34,1440,0.043675393
34,1472,0.043826938
34,1504,0.043882634
34,1536,0.043616474
34,1568,0.04372694
34,1600,0.043609202
34,1632,0.043597855
34,1664,0.043510467
34,1696,0.043796904
34,1728,0.043732096
34,1760,0.043588154
34,1792,0.0435554
34,1824,0.043445624
34,1856,0.04355502
34,1888,0.043502085
34,1920,0.04357011
34,1952,0.043579683
34,1984,0.043677717
34,2016,0.043546584
34,2048,0.04352156
34,2080,0.043631256
34,2112,0.04352645
34,2144,0.04355347
34,2176,0.04355753
34,2208,0.043292496
34,2240,0.04339958
34,2272,0.043470263
34,2304,0.04343136
34,2336,0.04346009
34,2368,0.043536436
34,2400,0.04386757
34,2432,0.043607965
34,2464,0.043712232
34,2496,0.043597538
34,2528,0.043637093
34,2560,0.043508727
34,2592,0.043561768
34,2624,0.043750625
34,2656,0.043403573
34,2688,0.043367628
34,2720,0.043794516
34,2752,0.043628052
34,2784,0.04338776
34,2816,0.04350515
34,2848,0.043390673
34,2880,0.043312326
34,2912,0.04352139
34,2944,0.043502606
34,2976,0.04333249
34,3008,0.043258153
34,3040,0.043248385
34,3072,0.043433547
34,3104,0.043448098
34,3136,0.043384824
34,3168,0.04333976
34,3200,0.043378916
34,3232,0.04326837
34,3264,0.043337792
34,3296,0.04322963
34,3328,0.043361794
34,3360,0.04331714
34,3392,0.0437159
34,3424,0.04368899
34,3456,0.04357611
34,3488,0.043534465
34,3520,0.043434568
34,3552,0.043557666
34,3584,0.04353337
34,3616,0.04337912
34,3648,0.043587264
34,3680,0.04365683
34,3712,0.04349571
34,3744,0.043558624
34,3776,0.04351862
34,3808,0.043597836
34,3840,0.043403644
34,3872,0.043513857
34,3904,0.043482218
34,3936,0.04320764
34,3968,0.04335401
34,4000,0.04313119
34,4032,0.043414265
34,4064,0.04337786
34,4096,0.043136075
34,4128,0.043340445
34,4160,0.0432268
34,4192,0.043468643
34,4224,0.04331307
34,4256,0.0434037
34,4288,0.043439917
34,4320,0.043148573
34,4352,0.04329066
34,4384,0.043302275
34,4416,0.043701567
34,4448,0.043909136
34,4480,0.044039525
34,4512,0.043965556
34,4544,0.043674715
34,4576,0.043774974
34,4608,0.04386954
34,4640,0.043704677
34,4672,0.043582533
34,4704,0.04376567
34,4736,0.04383405
34,4768,0.043822642
34,4800,0.043662336
34,4832,0.04364738
34,4864,0.043574587
34,4896,0.043569162
34,4928,0.043728337
34,4960,0.043567196
34,4992,0.04358488
34,5024,0.043517046
34,5056,0.04358079
34,5088,0.043715663
34,5120,0.043265358
34,5152,0.04332244
34,5184,0.043469556
34,5216,0.043721754
34,5248,0.04346549
34,5280,0.043451607
34,5312,0.04359323
34,5344,0.043412365
34,5376,0.043367974
34,5408,0.04353691
34,5440,0.044054266
34,5472,0.043892574
34,5504,0.04392499
34,5536,0.04392017
34,5568,0.04368154
34,5600,0.04389851
34,5632,0.04369639
34,5664,0.043981977
34,5696,0.043897517
34,5728,0.04384431
34,5760,0.043945823
34,5792,0.043728746
34,5824,0.04371943
34,5856,0.043847363
34,5888,0.043508973
34,5920,0.04364122
34,5952,0.043690946
34,5984,0.043740083
34,6016,0.043819033
34,6048,0.043777205
34,6080,0.04381553
35,0,0.043599337
35,32,0.04367736
35,64,0.043712836
35,96,0.043595895
35,128,0.043468602
35,160,0.0436877
35,192,0.04360456
35,224,0.043544278
35,256,0.04356559
35,288,0.043647554
35,320,0.043566965
35,352,0.043942317
35,384,0.043976188
35,416,0.043970298
35,448,0.043990724
35,480,0.04392691
35,512,0.043971185
35,544,0.04379256
35,576,0.043653663
35,608,0.043789838
35,640,0.043974493
35,672,0.043728936
35,704,0.04380812
35,736,0.04380358
35,768,0.04372774
35,800,0.04356421
35,832,0.043606196
35,864,0.043865837
35,896,0.043687742
35,928,0.04367284
35,960,0.043744527
35,992,0.043544058
35,1024,0.043523528
35,1056,0.043632694
35,1088,0.04354591
35,1120,0.043670066
35,1152,0.043552354
35,1184,0.04361861
35,1216,0.043837823
35,1248,0.043668624
35,1280,0.043684065
35,1312,0.04370937
35,1344,0.04357854
35,1376,0.043646734
35,1408,0.04386442
35,1440,0.04392404
35,1472,0.043894123
35,1504,0.043794446
35,1536,0.043919943
35,1568,0.043903437
35,1600,0.04376305
35,1632,0.043868024
35,1664,0.043626856
35,1696,0.04362888
35,1728,0.0436306
35,1760,0.04386869
35,1792,0.043589648
35,1824,0.043732125
35,1856,0.04374156
35,1888,0.04340563
35,1920,0.043651816
35,1952,0.043627348
35,1984,0.04369456
35,2016,0.04356052
35,2048,0.043491684
35,2080,0.043651167
35,2112,0.043585923
35,2144,0.043449778
35,2176,0.043531504
35,2208,0.04343131
35,2240,0.043424148
35,2272,0.04361194
35,2304,0.0436177
35,2336,0.043484174
35,2368,0.04347586
35,2400,0.04345007
35,2432,0.043762956
35,2464,0.043549303
35,2496,0.04348479
35,2528,0.0434654
35,2560,0.043530725
35,2592,0.043487072
35,2624,0.04359822
35,2656,0.04353717
35,2688,0.0433721
35,2720,0.043384105
35,2752,0.04374325
35,2784,0.04345399
35,2816,0.04348917
35,2848,0.043463767
35,2880,0.04351912
35,2912,0.04354062
35,2944,0.04339536
35,2976,0.04353579
35,3008,0.04347294
35,3040,0.04337928
35,3072,0.043388847
35,3104,0.0433002
35,3136,0.0432857
35,3168,0.04325513
35,3200,0.04334276
35,3232,0.043308213
35,3264,0.043138623
35,3296,0.04326714
35,3328,0.0434903
35,3360,0.04324778
35,3392,0.043401137
35,3424,0.043608863
35,3456,0.043758303
35,3488,0.043813493
35,3520,0.043629088
35,3552,0.04379947
35,3584,0.043810934
35,3616,0.04370541
35,3648,0.043677285
35,3680,0.043586675
35,3712,0.04376293
35,3744,0.043571793
35,3776,0.043640602
35,3808,0.04385752
35,3840,0.043760993
35,3872,0.043782245
35,3904,0.04374993
35,3936,0.043548036
35,3968,0.04357886
35,4000,0.043498214
35,4032,0.043754634
35,4064,0.0436059
35,4096,0.04365954
35,4128,0.043351363
35,4160,0.04351288
35,4192,0.043590866
35,4224,0.04343573
35,4256,0.043426987
35,4288,0.043500952
35,4320,0.043514803
35,4352,0.0436872
35,4384,0.04343224
35,4416,0.043399878
35,4448,0.043544166
35,4480,0.04361459
35,4512,0.043350983
35,4544,0.04339965
35,4576,0.043385554
35,4608,0.043446995
35,4640,0.043650895
35,4672,0.043322522
35,4704,0.043418106
35,4736,0.0435168
35,4768,0.04358351
35,4800,0.043170482
35,4832,0.04329994
35,4864,0.04344683
35,4896,0.043058466
35,4928,0.043443102
35,4960,0.043624487
35,4992,0.043342303
35,5024,0.043407556
35,5056,0.043316197
35,5088,0.0434077
35,5120,0.04341707
35,5152,0.043227315
35,5184,0.043190297
35,5216,0.043266736
35,5248,0.043500572
35,5280,0.043170065
35,5312,0.04339508
35,5344,0.04328797
35,5376,0.04310422
35,5408,0.043406244
35,5440,0.04324901
35,5472,0.043576878
35,5504,0.043731794
35,5536,0.04377652
35,5568,0.043713927
35,5600,0.043712106
35,5632,0.04375293
35,5664,0.04373512
35,5696,0.04368387
35,5728,0.04358871
35,5760,0.04359717
35,5792,0.043723077
35,5824,0.043723896
35,5856,0.043885402
35,5888,0.04382442
35,5920,0.043604016
35,5952,0.043454245
35,5984,0.04348162
35,6016,0.043506708
35,6048,0.043484382
35,6080,0.043766063
36,0,0.043490842
36,32,0.043526825
36,64,0.04348727
36,96,0.043443833
36,128,0.043415073
36,160,0.043458413
36,192,0.043405198
36,224,0.043425255
36,256,0.04335743
36,288,0.043665256
36,320,0.04355319
36,352,0.04329374
36,384,0.043486647
36,416,0.04364612
36,448,0.043601826
36,480,0.043697968
36,512,0.043670945
36,544,0.043777835
36,576,0.04372028
36,608,0.043621477
36,640,0.043518055
36,672,0.04380657
36,704,0.043679994
36,736,0.043509543
36,768,0.043616977
36,800,0.043700967
36,832,0.04358004
36,864,0.043446172
36,896,0.043518882
36,928,0.043566186
36,960,0.04389855
36,992,0.043503866
36,1024,0.043536495
36,1056,0.04364305
36,1088,0.043686893
36,1120,0.043477133
36,1152,0.043392144
36,1184,0.043599676
36,1216,0.043603152
36,1248,0.04331437
36,1280,0.0436997
36,1312,0.043512173
36,1344,0.043420814
36,1376,0.043413028
36,1408,0.043340083
36,1440,0.043856706
36,1472,0.043592382
36,1504,0.043541145
36,1536,0.043721516
36,1568,0.043853432
36,1600,0.043376483
36,1632,0.043674253
36,1664,0.043421946
36,1696,0.04363801
36,1728,0.04364579
36,1760,0.04365668
36,1792,0.043374214
36,1824,0.043279067
36,1856,0.04358942
36,1888,0.043537498
36,1920,0.04345477
36,1952,0.043514494
36,1984,0.043324336
36,2016,0.043503873
36,2048,0.043489184
36,2080,0.043539353
36,2112,0.043459732
36,2144,0.04363658
36,2176,0.04340804
36,2208,0.043523215
36,2240,0.043548703
36,2272,0.043429483
36,2304,0.04334841
36,2336,0.043320466
36,2368,0.043437116
36,2400,0.043328468
36,2432,0.043495134
36,2464,0.043802343
36,2496,0.04362633
36,2528,0.04359604
36,2560,0.043854173
36,2592,0.043625046
36,2624,0.043590248
36,2656,0.043522112
36,2688,0.04368255
36,2720,0.0435971
36,2752,0.04354959
36,2784,0.043572385
36,2816,0.04362745
36,2848,0.04365682
36,2880,0.043366067
36,2912,0.043655105
36,2944,0.04358823
36,2976,0.043588523
36,3008,0.0433268
36,3040,0.043525424
36,3072,0.04335947
36,3104,0.043572705
36,3136,0.043640684
36,3168,0.04356764
36,3200,0.043424904
36,3232,0.043463696
36,3264,0.043462288
36,3296,0.043614283
36,3328,0.043430198
36,3360,0.043485798
36,3392,0.0435725
36,3424,0.043542735
36,3456,0.043594122
36,3488,0.044045813
36,3520,0.04407171
36,3552,0.044008113
36,3584,0.043953393
36,3616,0.043956045
36,3648,0.043926693
36,3680,0.044119384
36,3712,0.044057604
36,3744,0.044037182
36,3776,0.043940615
36,3808,0.044024613
36,3840,0.043847498
36,3872,0.044008557
36,3904,0.043951187
36,3936,0.043931
36,3968,0.043719184
36,4000,0.043975376
36,4032,0.043874066
36,4064,0.04374594
36,4096,0.043670744
36,4128,0.043794096
36,4160,0.043917924
36,4192,0.04379826
36,4224,0.044020973
36,4256,0.044046093
36,4288,0.04385878
36,4320,0.04380704
36,4352,0.043579128
36,4384,0.043793812
36,4416,0.043724608
36,4448,0.043585684
36,4480,0.043724015
36,4512,0.04364872
36,4544,0.04360125
36,4576,0.043659437
36,4608,0.04359894
36,4640,0.043622896
36,4672,0.04374232
36,4704,0.04365977
36,4736,0.043704182
36,4768,0.043594196
36,4800,0.043756444
36,4832,0.043706466
36,4864,0.043483827
36,4896,0.043479353
36,4928,0.043575246
36,4960,0.04384655
36,4992,0.043760136
36,5024,0.043674365
36,5056,0.04352437
36,5088,0.043688357
36,5120,0.043638267
36,5152,0.04356464
36,5184,0.043198626
36,5216,0.043651342
36,5248,0.043585014
36,5280,0.043440115
36,5312,0.043503545
36,5344,0.043633454
36,5376,0.043556772
36,5408,0.04365237
36,5440,0.043369602
36,5472,0.043400574
36,5504,0.04344489
36,5536,0.043784484
36,5568,0.043774623
36,5600,0.0436495
36,5632,0.04377813
36,5664,0.043653943
36,5696,0.043686077
36,5728,0.043671686
36,5760,0.043523878
36,5792,0.043583523
36,5824,0.04355869
36,5856,0.04352832
36,5888,0.043694038
36,5920,0.043394852
36,5952,0.04342241
36,5984,0.04363
36,6016,0.043522246
36,6048,0.043433715
36,6080,0.043394633
37,0,0.04359545
37,32,0.04355615
37,64,0.04354976
37,96,0.043502405
37,128,0.043535702
37,160,0.043512817
37,192,0.043470766
37,224,0.043503527
37,256,0.0433496
37,288,0.043528218
37,320,0.04345903
37,352,0.043612238
37,384,0.04356105
37,416,0.043453403
37,448,0.04370869
37,480,0.043553114
37,512,0.043642394
37,544,0.043556653
37,576,0.043544166
37,608,0.043689657
37,640,0.043498106
37,672,0.043492377
37,704,0.043730818
37,736,0.043759115
37,768,0.043640926
37,800,0.043680467
37,832,0.043629725
37,864,0.043662805
37,896,0.043691788
37,928,0.043667782
37,960,0.043717764
37,992,0.043701213
37,1024,0.04373835
37,1056,0.043687135
37,1088,0.04362694
37,1120,0.043503094
37,1152,0.043480035
37,1184,0.043492444
37,1216,0.043442473
37,1248,0.043493126
37,1280,0.043547757
37,1312,0.04336276
37,1344,0.043437228
37,1376,0.043687437
37,1408,0.043612853
37,1440,0.043691024
37,1472,0.043614004
37,1504,0.043576103
37,1536,0.043481912
37,1568,0.04347581
37,1600,0.043430947
37,1632,0.043365825
37,1664,0.043424245
37,1696,0.04349532
37,1728,0.043439414
37,1760,0.043442752
37,1792,0.043303512
37,1824,0.043415464
37,1856,0.043268006
37,1888,0.043421816
37,1920,0.04332549
37,1952,0.043570988
37,1984,0.04335271
37,2016,0.04339497
37,2048,0.043457117
37,2080,0.043258846
37,2112,0.043207996
37,2144,0.043162044
37,2176,0.043271326
37,2208,0.043505576
37,2240,0.04336282
37,2272,0.04327701
37,2304,0.043430842
37,2336,0.043226752
37,2368,0.043374114
37,2400,0.04335117
37,2432,0.043388635
37,2464,0.043212414
37,2496,0.04362767
37,2528,0.043795522
37,2560,0.04361903
37,2592,0.043456294
37,2624,0.04357292
37,2656,0.04361086
37,2688,0.043543138
37,2720,0.043573655
37,2752,0.043573752
37,2784,0.04383939
37,2816,0.04358303
37,2848,0.04369361
37,2880,0.04369625
37,2912,0.043734193
37,2944,0.04354056
37,2976,0.04357143
37,3008,0.04355321
37,3040,0.043796886
37,3072,0.04350894
37,3104,0.043473933
37,3136,0.04366648
37,3168,0.043610957
37,3200,0.04357364
37,3232,0.043684058
37,3264,0.043492153
37,3296,0.04352334
37,3328,0.043497734
37,3360,0.04342722
37,3392,0.04354888
37,3424,0.04355654
37,3456,0.04362601
37,3488,0.043492645
37,3520,0.043394618
37,3552,0.04367605
37,3584,0.0436249
37,3616,0.043623775
37,3648,0.043434363
37,3680,0.04366508
37,3712,0.0434642
37,3744,0.04368073
37,3776,0.04356281
37,3808,0.04358156
37,3840,0.04343274
37,3872,0.043718867
37,3904,0.04329505
37,3936,0.043474402
37,3968,0.04346614
37,4000,0.04360221
37,4032,0.043579437
37,4064,0.043414306
37,4096,0.04347755
37,4128,0.043610524
37,4160,0.04346637
37,4192,0.04339446
37,4224,0.04351937
37,4256,0.043646008
37,4288,0.043634582
37,4320,0.043655146
37,4352,0.043436777
37,4384,0.043391805
37,4416,0.043384895
37,4448,0.043528657
37,4480,0.04341915
37,4512,0.043341562
37,4544,0.04366519
37,4576,0.043563157
37,4608,0.04363588
37,4640,0.043674815
37,4672,0.043530148
37,4704,0.043583743
37,4736,0.04349693
37,4768,0.0432863
37,4800,0.043554943
37,4832,0.043406904
37,4864,0.043435495
37,4896,0.043639127
37,4928,0.043440863
37,4960,0.043441337
37,4992,0.043682847
37,5024,0.043567963
37,5056,0.04351602
37,5088,0.043552797
37,5120,0.043552034
37,5152,0.04350663
37,5184,0.043443672
37,5216,0.043536253
37,5248,0.043384586
37,5280,0.043670062
37,5312,0.04340644
37,5344,0.043493565
37,5376,0.0433993
37,5408,0.04358564
37,5440,0.043434378
37,5472,0.043405313
37,5504,0.043511145
37,5536,0.043362092
37,5568,0.04368652
37,5600,0.043534767
37,5632,0.04364515
37,5664,0.04371236
37,5696,0.04381674
37,5728,0.04364983
37,5760,0.04348494
37,5792,0.04346045
37,5824,0.043749258
37,5856,0.043610867
37,5888,0.043574337
37,5920,0.043492716
37,5952,0.043561198
37,5984,0.04356859
37,6016,0.04341405
37,6048,0.0435078
37,6080,0.043498967
38,0,0.043763656
38,32,0.043584388
38,64,0.04349382
38,96,0.043601908
38,128,0.043511193
38,160,0.04346364
38,192,0.043507036
38,224,0.04349656
38,256,0.04359453
38,288,0.043568976
38,320,0.04350037
38,352,0.043623894
38,384,0.043370202
38,416,0.043371785
38,448,0.043333273
38,480,0.043602236
38,512,0.04393891
38,544,0.043978553
38,576,0.043871317
38,608,0.04376974
38,640,0.043667167
38,672,0.04399721
38,704,0.043757945
38,736,0.043895803
38,768,0.04389605
38,800,0.043707296
38,832,0.0438533
38,864,0.04384606
38,896,0.04371873
38,928,0.043656457
38,960,0.04377876
38,992,0.04373935
38,1024,0.043719612
38,1056,0.04388964
38,1088,0.043762904
38,1120,0.04373868
38,1152,0.043878905
38,1184,0.043763965
38,1216,0.0438798
38,1248,0.043834522
38,1280,0.04376229
38,1312,0.043924894
38,1344,0.04365333
38,1376,0.043885212
38,1408,0.04352141
38,1440,0.04379926
38,1472,0.043706115
38,1504,0.04376277
38,1536,0.043932594
38,1568,0.043665584
38,1600,0.043871637
38,1632,0.04389562
38,1664,0.043690465
38,1696,0.04381641
38,1728,0.04383322
38,1760,0.04394209
38,1792,0.04376274
38,1824,0.04385425
38,1856,0.043817066
38,1888,0.04380881
38,1920,0.043686725
38,1952,0.043731567
38,1984,0.043650106
38,2016,0.043850932
38,2048,0.04360734
38,2080,0.043784287
38,2112,0.04388426
38,2144,0.043752298
38,2176,0.0438211
38,2208,0.04364673
38,2240,0.04357749
38,2272,0.043739524
38,2304,0.04412134
38,2336,0.043808054
38,2368,0.043840263
38,2400,0.043833908
38,2432,0.043600872
38,2464,0.043793995
38,2496,0.04378903
38,2528,0.0437412
38,2560,0.043623157
38,2592,0.04357336
38,2624,0.04351539
38,2656,0.043585755
38,2688,0.04358659
38,2720,0.043542553
38,2752,0.043519717
38,2784,0.043557107
38,2816,0.043721553
38,2848,0.04354109
38,2880,0.043690946
38,2912,0.043524675
38,2944,0.043650698
38,2976,0.04354735
38,3008,0.043699417
38,3040,0.043625984
38,3072,0.043580096
38,3104,0.043397326
38,3136,0.043543033
38,3168,0.043465767
38,3200,0.04360203
38,3232,0.043441225
38,3264,0.04358086
38,3296,0.043568954
38,3328,0.0435669
38,3360,0.043568533
38,3392,0.043425266
38,3424,0.04357889
38,3456,0.04348863
38,3488,0.04368607
38,3520,0.043563623
38,3552,0.04361458
38,3584,0.04366757
38,3616,0.043402717
38,3648,0.043375384
38,3680,0.043518957
38,3712,0.043621574
38,3744,0.043670736
38,3776,0.04357821
38,3808,0.04347391
38,3840,0.043273203
38,3872,0.04340549
38,3904,0.04334324
38,3936,0.043390147
38,3968,0.043414757
38,4000,0.04363993
38,4032,0.04333556
38,4064,0.043533128
38,4096,0.04335814
38,4128,0.043440193
38,4160,0.043639176
38,4192,0.04343232
38,4224,0.043488074
38,4256,0.043506127
38,4288,0.04356003
38,4320,0.04341239
38,4352,0.043457728
38,4384,0.04345644
38,4416,0.043448854
38,4448,0.04344217
38,4480,0.04348801
38,4512,0.043318465
38,4544,0.043425396
38,4576,0.043729555
38,4608,0.043588288
38,4640,0.043733407
38,4672,0.04358368
38,4704,0.043750856
38,4736,0.043607023
38,4768,0.043621406
38,4800,0.043605056
38,4832,0.043703735
38,4864,0.043593086
38,4896,0.0438348
38,4928,0.043486994
38,4960,0.04356408
38,4992,0.043652628
38,5024,0.04361064
38,5056,0.043634653
38,5088,0.043696027
38,5120,0.043632228
38,5152,0.04362463
38,5184,0.043663733
38,5216,0.043614216
38,5248,0.043735176
38,5280,0.04370809
38,5312,0.04370104
38,5344,0.04342001
38,5376,0.043640632
38,5408,0.043438412
38,5440,0.043714445
38,5472,0.04354226
38,5504,0.043560088
38,5536,0.04360728
38,5568,0.043641012
38,5600,0.04339925
38,5632,0.04346797
38,5664,0.04337939
38,5696,0.043426067
38,5728,0.04332803
38,5760,0.043472882
38,5792,0.043472745
38,5824,0.04329743
38,5856,0.04347652
38,5888,0.043271564
38,5920,0.04340782
38,5952,0.043343294
38,5984,0.043238517
38,6016,0.043221816
38,6048,0.04344903
38,6080,0.043384828
39,0,0.04338725
39,32,0.043335754
39,64,0.04343787
39,96,0.043205272
39,128,0.04337883
39,160,0.04340446
39,192,0.04321788
39,224,0.043342724
39,256,0.043138046
39,288,0.043278046
39,320,0.04340787
39,352,0.043525185
39,384,0.043466337
39,416,0.043332364
39,448,0.043226473
39,480,0.043359604
39,512,0.043513663
39,544,0.04371771
39,576,0.04357268
39,608,0.04368305
39,640,0.043592017
39,672,0.043732487
39,704,0.043559138
39,736,0.043646388
39,768,0.043799445
39,800,0.043652754
39,832,0.04357178
39,864,0.0435837
39,896,0.04353198
39,928,0.043571934
39,960,0.043655403
39,992,0.043612886
39,1024,0.04367732
39,1056,0.043768324
39,1088,0.04369988
39,1120,0.04382035
39,1152,0.043699745
39,1184,0.043622196
39,1216,0.043770373
39,1248,0.043651655
39,1280,0.043553405
39,1312,0.043600008
39,1344,0.043627013
39,1376,0.043555647
39,1408,0.043706212
39,1440,0.0435399
39,1472,0.043587744
39,1504,0.043484934
39,1536,0.043650895
39,1568,0.043658905
39,1600,0.043438308
39,1632,0.043482445
39,1664,0.04356925
39,1696,0.043549076
39,1728,0.043574646
39,1760,0.043466616
39,1792,0.043508857
39,1824,0.04359112
39,1856,0.043486472
39,1888,0.043628596
39,1920,0.04349218
39,1952,0.043667343
39,1984,0.04352917
39,2016,0.043388776
39,2048,0.043604262
39,2080,0.043660462
39,2112,0.043422468
39,2144,0.04351025
39,2176,0.043338098
39,2208,0.043590017
39,2240,0.043557726
39,2272,0.0435749
39,2304,0.043579288
39,2336,0.04329191
39,2368,0.04340313
39,2400,0.043612
39,2432,0.04348143
39,2464,0.04342223
39,2496,0.043478407
39,2528,0.043328058
39,2560,0.04347927
39,2592,0.0435178
39,2624,0.04345349
39,2656,0.043557547
39,2688,0.043759312
39,2720,0.043662462
39,2752,0.043666765
39,2784,0.043421045
39,2816,0.043475628
39,2848,0.043769225
39,2880,0.043521494
39,2912,0.04358864
39,2944,0.04358697
39,2976,0.043681327
39,3008,0.043747224
39,3040,0.043568004
39,3072,0.043608163
39,3104,0.04342943
39,3136,0.043745644
39,3168,0.04364188
39,3200,0.04358989
39,3232,0.04366766
39,3264,0.043474153
39,3296,0.043747514
39,3328,0.043514382
39,3360,0.04346252
39,3392,0.04358079
39,3424,0.043449894
39,3456,0.043536484
39,3488,0.043557502
39,3520,0.043610647
39,3552,0.04343403
39,3584,0.04360629
39,3616,0.043536723
39,3648,0.043655876
39,3680,0.043479398
39,3712,0.043610673
39,3744,0.043669086
39,3776,0.04354024
39,3808,0.04348499
39,3840,0.043567434
39,3872,0.04346865
39,3904,0.043522492
39,3936,0.043461796
39,3968,0.043618146
39,4000,0.04343015
39,4032,0.043579552
39,4064,0.043478236
39,4096,0.04365108
39,4128,0.04349667
39,4160,0.043569665
39,4192,0.04362467
39,4224,0.043608923
39,4256,0.043535233
39,4288,0.043537296
39,4320,0.04363193
39,4352,0.043421373
39,4384,0.043419953
39,4416,0.043627404
39,4448,0.04337641
39,4480,0.043364607
39,4512,0.043564968
39,4544,0.04350547
39,4576,0.04368544
39,4608,0.043860827
39,4640,0.043874208
39,4672,0.04391496
39,4704,0.043671165
39,4736,0.044097967
39,4768,0.043956153
39,4800,0.044044264
39,4832,0.043806005
39,4864,0.043756608
39,4896,0.04388447
39,4928,0.044067267
39,4960,0.044004485
39,4992,0.043941453
39,5024,0.044083554
39,5056,0.043921366
39,5088,0.04394614
39,5120,0.04391661
39,5152,0.043812223
39,5184,0.044110496
39,5216,0.04393312
39,5248,0.04376134
39,5280,0.04384339
39,5312,0.043879535
39,5344,0.043978322
39,5376,0.043926664
39,5408,0.043759014
39,5440,0.043892074
39,5472,0.043911383
39,5504,0.04396057
39,5536,0.04404447
39,5568,0.04387032
39,5600,0.0437474
39,5632,0.04380555
39,5664,0.04355878
39,5696,0.043765355
39,5728,0.043618068
39,5760,0.04364511
39,5792,0.043633856
39,5824,0.04355066
39,5856,0.04343764
39,5888,0.0434486
39,5920,0.043523733
39,5952,0.04345504
39,5984,0.043699548
39,6016,0.043625213
39,6048,0.04347432
39,6080,0.043662712
40,0,0.043640595
40,32,0.04362609
40,64,0.043317314
40,96,0.043527544
40,128,0.043354627
40,160,0.0435439
40,192,0.043477535
40,224,0.043664064
40,256,0.043590263
40,288,0.043478426
40,320,0.04341374
40,352,0.043484982
40,384,0.04364441
40,416,0.04351465
40,448,0.043525375
40,480,0.043589436
40,512,0.043682054
40,544,0.04365162
40,576,0.043442443
40,608,0.0434827
40,640,0.043725464
40,672,0.043596163
40,704,0.043790676
40,736,0.043629795
40,768,0.043566987
40,800,0.04363815
40,832,0.04366091
40,864,0.043450058
40,896,0.04353624
40,928,0.04348971
40,960,0.0434507
40,992,0.043532096
40,1024,0.04354355
40,1056,0.043539744
40,1088,0.043532204
40,1120,0.04342921
40,1152,0.043324634
40,1184,0.043503463
40,1216,0.04353845
40,1248,0.043525126
40,1280,0.043480527
40,1312,0.04347524
40,1344,0.043463733
40,1376,0.04360067
40,1408,0.043501753
40,1440,0.043342557
40,1472,0.043552577
40,1504,0.043570448
40,1536,0.04346674
40,1568,0.043657772
40,1600,0.04350468
40,1632,0.043648977
40,1664,0.04347718
40,1696,0.043482658
40,1728,0.043581184
40,1760,0.04370503
40,1792,0.043689027
40,1824,0.043483578
40,1856,0.043701857
40,1888,0.043530516
40,1920,0.043512188
40,1952,0.043527756
40,1984,0.04376861
40,2016,0.04360506
40,2048,0.043531492
40,2080,0.04361638
40,2112,0.043608204
40,2144,0.04369012
40,2176,0.043456536
40,2208,0.043621972
40,2240,0.043670453
40,2272,0.043670237
40,2304,0.043573294
40,2336,0.04368105
40,2368,0.04342835
40,2400,0.043611057
40,2432,0.043549124
40,2464,0.04350463
40,2496,0.04368089
40,2528,0.043417316
40,2560,0.04377894
40,2592,0.04361229
40,2624,0.043148145
40,2656,0.043527894
40,2688,0.043501627
40,2720,0.043364197
40,2752,0.043522958
40,2784,0.043431845
40,2816,0.04341523
40,2848,0.04321526
40,2880,0.043463416
40,2912,0.043492094
40,2944,0.04317977
40,2976,0.043541443
40,3008,0.043365538
40,3040,0.043335307
40,3072,0.043469854
40,3104,0.043481447
40,3136,0.043317713
40,3168,0.043307018
40,3200,0.043357123
40,3232,0.043513525
40,3264,0.043230105
40,3296,0.043283768
40,3328,0.043551855
40,3360,0.043464594
40,3392,0.043384187
40,3424,0.043174647
40,3456,0.04334904
40,3488,0.043289762
40,3520,0.043432374
40,3552,0.04332035
40,3584,0.04344889
40,3616,0.043403827
40,3648,0.043592952
40,3680,0.04344572
40,3712,0.043657564
40,3744,0.04367355
40,3776,0.043458823
40,3808,0.043564662
40,3840,0.04340001
40,3872,0.043638352
40,3904,0.043626875
40,3936,0.04364589
40,3968,0.043629605
40,4000,0.04357008
40,4032,0.04370969
40,4064,0.04367569
40,4096,0.043658152
40,4128,0.043846574
40,4160,0.043508597
40,4192,0.043752454
40,4224,0.04381249
40,4256,0.04340332
40,4288,0.043551736
40,4320,0.04352532
40,4352,0.043733645
40,4384,0.04354005
40,4416,0.04351414
40,4448,0.04385575
40,4480,0.043628976
40,4512,0.043708466
40,4544,0.043518975
40,4576,0.04354433
40,4608,0.043552138
40,4640,0.043673694
40,4672,0.043665953
40,4704,0.043457128
40,4736,0.043589275
40,4768,0.043523595
40,4800,0.04344707
40,4832,0.04361142
40,4864,0.04369228
40,4896,0.043606684
40,4928,0.04367521
40,4960,0.04350531
40,4992,0.04345028
40,5024,0.04359703
40,5056,0.04347624
40,5088,0.043521814
40,5120,0.04367444
40,5152,0.04343812
40,5184,0.043552227
40,5216,0.04368789
40,5248,0.043400027
40,5280,0.04355695
40,5312,0.04351646
40,5344,0.04358216
40,5376,0.043499105
40,5408,0.043364435
40,5440,0.043559015
40,5472,0.04362189
40,5504,0.043427333
40,5536,0.043471705
40,5568,0.043721892
40,5600,0.04342465
40,5632,0.04355811
40,5664,0.04342803
40,5696,0.043443285
40,5728,0.043523867
40,5760,0.04348856
40,5792,0.04342122
40,5824,0.043498777
40,5856,0.043575995
40,5888,0.043497145
40,5920,0.043519337
40,5952,0.04362307
40,5984,0.04340586
40,6016,0.043396566
40,6048,0.043409597
40,6080,0.043460287
