1,0,0.06287156
1,32,0.062442224
1,64,0.06178131
1,96,0.06126635
1,128,0.06090502
1,160,0.060655337
1,192,0.060535204
1,224,0.060437273
1,256,0.060578603
1,288,0.060282722
1,320,0.06031347
1,352,0.059849653
1,384,0.059960734
1,416,0.060052525
1,448,0.05996619
1,480,0.059911683
1,512,0.059755877
1,544,0.059646334
1,576,0.059826948
1,608,0.05973642
1,640,0.059413593
1,672,0.059466805
1,704,0.05953828
1,736,0.059381023
1,768,0.059381712
1,800,0.05934615
1,832,0.059068974
1,864,0.05950725
1,896,0.05938359
1,928,0.05933196
1,960,0.059355345
1,992,0.05919901
1,1024,0.059129722
1,1056,0.060937267
1,1088,0.06058065
1,1120,0.060416818
1,1152,0.060057223
1,1184,0.060110103
1,1216,0.05980707
1,1248,0.059776828
1,1280,0.05953033
1,1312,0.059639875
1,1344,0.05945715
1,1376,0.059261966
1,1408,0.059262455
1,1440,0.05892238
1,1472,0.059011992
1,1504,0.05897864
1,1536,0.058843218
1,1568,0.058922373
1,1600,0.059084285
1,1632,0.05898402
1,1664,0.05866561
1,1696,0.05860958
1,1728,0.05879448
1,1760,0.058695238
1,1792,0.058744904
1,1824,0.05882983
1,1856,0.058605473
1,1888,0.058600325
1,1920,0.058472138
1,1952,0.058497395
1,1984,0.05855024
1,2016,0.058631804
1,2048,0.058437966
1,2080,0.060822967
1,2112,0.060425743
1,2144,0.0602756
1,2176,0.05980586
1,2208,0.059667725
1,2240,0.059819154
1,2272,0.059391916
1,2304,0.059311643
1,2336,0.05941633
1,2368,0.059074197
1,2400,0.059476826
1,2432,0.059067443
1,2464,0.05902611
1,2496,0.059313122
1,2528,0.058993213
1,2560,0.05905609
1,2592,0.05898315
1,2624,0.058811605
1,2656,0.0587942
1,2688,0.058768094
1,2720,0.058830343
1,2752,0.058604855
1,2784,0.05867911
1,2816,0.05861933
1,2848,0.058590405
1,2880,0.058409166
1,2912,0.058779746
1,2944,0.058505174
1,2976,0.05858571
1,3008,0.058407206
1,3040,0.058331188
1,3072,0.058642704
1,3104,0.06384601
1,3136,0.06338675
1,3168,0.06280969
1,3200,0.06293993
1,3232,0.0627981
1,3264,0.062493306
1,3296,0.06230773
1,3328,0.06239479
1,3360,0.06231916
1,3392,0.06212335
1,3424,0.06224336
1,3456,0.062169295
1,3488,0.06183201
1,3520,0.061986305
1,3552,0.06172758
1,3584,0.061917946
1,3616,0.061798774
1,3648,0.061626893
1,3680,0.061642487
1,3712,0.061581492
1,3744,0.06155007
1,3776,0.061584122
1,3808,0.06159218
1,3840,0.061314475
1,3872,0.06144581
1,3904,0.061378315
1,3936,0.061407074
1,3968,0.061364036
1,4000,0.06118503
1,4032,0.061197225
1,4064,0.06131767
1,4096,0.061147586
1,4128,0.05919999
1,4160,0.05858316
1,4192,0.058351383
1,4224,0.058172293
1,4256,0.057936575
1,4288,0.05791385
1,4320,0.05768393
1,4352,0.057838406
1,4384,0.057634585
1,4416,0.057510126
1,4448,0.05761215
1,4480,0.057321087
1,4512,0.057222392
1,4544,0.05714032
1,4576,0.05716508
1,4608,0.057195432
1,4640,0.057155833
1,4672,0.05676504
1,4704,0.056991417
1,4736,0.056976408
1,4768,0.057030603
1,4800,0.05675842
1,4832,0.056833055
1,4864,0.056783132
1,4896,0.056863233
1,4928,0.056613307
1,4960,0.056699786
1,4992,0.056725394
1,5024,0.056681648
1,5056,0.05664914
1,5088,0.05682026
1,5120,0.05680642
1,5152,0.06278184
1,5184,0.062231984
1,5216,0.06219915
1,5248,0.06208529
1,5280,0.061823115
1,5312,0.061546493
1,5344,0.061517056
1,5376,0.06127781
1,5408,0.0613209
1,5440,0.061185088
1,5472,0.061101597
1,5504,0.061173785
1,5536,0.060709633
1,5568,0.060979847
1,5600,0.06093389
1,5632,0.06089191
1,5664,0.060934473
1,5696,0.060655475
1,5728,0.060788084
1,5760,0.060797226
1,5792,0.060666062
1,5824,0.060409535
1,5856,0.06042294
1,5888,0.06050265
1,5920,0.060421307
1,5952,0.060368776
1,5984,0.060493845
1,6016,0.06029237
1,6048,0.06035982
1,6080,0.06022431
2,0,0.060343955
2,32,0.06049624
2,64,0.059601534
2,96,0.059038535
2,128,0.05890867
2,160,0.058502518
2,192,0.05824136
2,224,0.05808433
2,256,0.05804532
2,288,0.057933897
2,320,0.05788733
2,352,0.05784732
2,384,0.05798745
2,416,0.05784546
2,448,0.057590794
2,480,0.057677552
2,512,0.057270624
2,544,0.057622347
2,576,0.05718319
2,608,0.057380646
2,640,0.057212085
2,672,0.0573998
2,704,0.05733961
2,736,0.057360273
2,768,0.057204604
2,800,0.057281908
2,832,0.056960855
2,864,0.05713657
2,896,0.057133432
2,928,0.05704306
2,960,0.056975543
2,992,0.05707561
2,1024,0.05682791
2,1056,0.05693024
2,1088,0.061333034
2,1120,0.062285155
2,1152,0.062201507
2,1184,0.061809625
2,1216,0.06168137
2,1248,0.06135641
2,1280,0.061537676
2,1312,0.061236724
2,1344,0.061034895
2,1376,0.06099828
2,1408,0.061011698
2,1440,0.060802493
2,1472,0.0606696
2,1504,0.060736362
2,1536,0.060608823
2,1568,0.06078326
2,1600,0.060646135
2,1632,0.06070627
2,1664,0.060668457
2,1696,0.06064459
2,1728,0.06043042
2,1760,0.060498904
2,1792,0.060342714
2,1824,0.060318064
2,1856,0.060182795
2,1888,0.060186673
2,1920,0.06027128
2,1952,0.060263835
2,1984,0.06033772
2,2016,0.060300447
2,2048,0.06031556
2,2080,0.060049962
2,2112,0.062545955
2,2144,0.062878154
2,2176,0.062692106
2,2208,0.062441118
2,2240,0.06218921
2,2272,0.062093657
2,2304,0.062025815
2,2336,0.06175675
2,2368,0.061822675
2,2400,0.06167612
2,2432,0.061662327
2,2464,0.061655466
2,2496,0.061520845
2,2528,0.06141682
2,2560,0.061384533
2,2592,0.061295465
2,2624,0.061390787
2,2656,0.06113304
2,2688,0.061189905
2,2720,0.060915027
2,2752,0.06107671
2,2784,0.061350882
2,2816,0.061015885
2,2848,0.061087303
2,2880,0.061019696
2,2912,0.061035022
2,2944,0.06101791
2,2976,0.060984477
2,3008,0.06082208
2,3040,0.060763966
2,3072,0.060917918
2,3104,0.06065429
2,3136,0.060351923
2,3168,0.059593875
2,3200,0.05953941
2,3232,0.0590655
2,3264,0.05900404
2,3296,0.058925286
2,3328,0.058844045
2,3360,0.058470055
2,3392,0.058490638
2,3424,0.058289986
2,3456,0.058228035
2,3488,0.05841913
2,3520,0.058374193
2,3552,0.058178585
2,3584,0.058249187
2,3616,0.057902668
2,3648,0.058000125
2,3680,0.057974663
2,3712,0.058005597
2,3744,0.058013253
2,3776,0.057791572
2,3808,0.057747956
2,3840,0.057665367
2,3872,0.057719972
2,3904,0.057912946
2,3936,0.057847377
2,3968,0.057631202
2,4000,0.057799198
2,4032,0.057580594
2,4064,0.05752402
2,4096,0.05763509
2,4128,0.057673737
2,4160,0.061903443
2,4192,0.06305547
2,4224,0.06259151
2,4256,0.0627473
2,4288,0.0622834
2,4320,0.062095087
2,4352,0.061741143
2,4384,0.0616897
2,4416,0.061727513
2,4448,0.061687216
2,4480,0.06155744
2,4512,0.06154046
2,4544,0.0615352
2,4576,0.061429553
2,4608,0.061346706
2,4640,0.06133178
2,4672,0.0611294
2,4704,0.061139237
2,4736,0.06104086
2,4768,0.06122149
2,4800,0.060910866
2,4832,0.060854077
2,4864,0.060800094
2,4896,0.060950756
2,4928,0.060908005
2,4960,0.06067781
2,4992,0.060777266
2,5024,0.060650494
2,5056,0.061071973
2,5088,0.06077704
2,5120,0.060630362
2,5152,0.060934737
2,5184,0.060861174
2,5216,0.060814247
2,5248,0.06031379
2,5280,0.059909377
2,5312,0.059847064
2,5344,0.059514225
2,5376,0.059757844
2,5408,0.059498508
2,5440,0.059411526
2,5472,0.059345882
2,5504,0.058928348
2,5536,0.05907303
2,5568,0.059149023
2,5600,0.058974415
2,5632,0.05878162
2,5664,0.058825117
2,5696,0.05877624
2,5728,0.058880806
2,5760,0.058823362
2,5792,0.05864054
2,5824,0.05869824
2,5856,0.05888283
2,5888,0.058727894
2,5920,0.05855306
2,5952,0.0586029
2,5984,0.058608044
2,6016,0.058417555
2,6048,0.05846699
2,6080,0.058450554
3,0,0.058418553
3,32,0.05858927
3,64,0.058393877
3,96,0.058403756
3,128,0.057877835
3,160,0.057608303
3,192,0.05718948
3,224,0.057089753
3,256,0.05705926
3,288,0.057079736
3,320,0.056612995
3,352,0.056570295
3,384,0.056674905
3,416,0.05649971
3,448,0.056681838
3,480,0.05630551
3,512,0.05637755
3,544,0.056171823
3,576,0.05624042
3,608,0.056149807
3,640,0.056113504
3,672,0.056069564
3,704,0.05604289
3,736,0.056058645
3,768,0.055995017
3,800,0.05585206
3,832,0.05601394
3,864,0.056011952
3,896,0.05606637
3,928,0.05581285
3,960,0.055738106
3,992,0.055694744
3,1024,0.055910166
3,1056,0.05566839
3,1088,0.055598136
3,1120,0.058616064
3,1152,0.060721736
3,1184,0.060369223
3,1216,0.06037313
3,1248,0.059949636
3,1280,0.060114413
3,1312,0.059770443
3,1344,0.0599342
3,1376,0.05938813
3,1408,0.059388325
3,1440,0.059353713
3,1472,0.05922241
3,1504,0.059293177
3,1536,0.05918283
3,1568,0.05908485
3,1600,0.058971208
3,1632,0.058913387
3,1664,0.058986336
3,1696,0.05887118
3,1728,0.058832232
3,1760,0.058909636
3,1792,0.058889404
3,1824,0.05890962
3,1856,0.0585545
3,1888,0.05851223
3,1920,0.058408596
3,1952,0.058675285
3,1984,0.058667816
3,2016,0.05835353
3,2048,0.05849842
3,2080,0.058748372
3,2112,0.058479473
3,2144,0.058941167
3,2176,0.05906656
3,2208,0.058744308
3,2240,0.058412883
3,2272,0.058420602
3,2304,0.05824895
3,2336,0.057903755
3,2368,0.057694044
3,2400,0.05760213
3,2432,0.057669025
3,2464,0.057756055
3,2496,0.057553563
3,2528,0.057446342
3,2560,0.057542734
3,2592,0.05729548
3,2624,0.057299055
3,2656,0.05727887
3,2688,0.05717193
3,2720,0.05733668
3,2752,0.057165325
3,2784,0.057204507
3,2816,0.056904558
3,2848,0.05712577
3,2880,0.05696516
3,2912,0.056983095
3,2944,0.056906365
3,2976,0.056978878
3,3008,0.05700288
3,3040,0.05666375
3,3072,0.05671173
3,3104,0.056753118
3,3136,0.056951396
3,3168,0.059539746
3,3200,0.061901066
3,3232,0.061533023
3,3264,0.06131327
3,3296,0.060995474
3,3328,0.06085958
3,3360,0.06067013
3,3392,0.060670353
3,3424,0.060447212
3,3456,0.060153924
3,3488,0.060417507
3,3520,0.060258057
3,3552,0.0601206
3,3584,0.060051203
3,3616,0.06011649
3,3648,0.060045462
3,3680,0.060005866
3,3712,0.059724513
3,3744,0.05985767
3,3776,0.059809405
3,3808,0.059734855
3,3840,0.05980103
3,3872,0.059551872
3,3904,0.05976421
3,3936,0.05968643
3,3968,0.059518598
3,4000,0.059569355
3,4032,0.0596174
3,4064,0.059335694
3,4096,0.059367564
3,4128,0.059599172
3,4160,0.05930456
3,4192,0.0598979
3,4224,0.060044736
3,4256,0.059706777
3,4288,0.059439577
3,4320,0.059035037
3,4352,0.059095807
3,4384,0.05920345
3,4416,0.058870215
3,4448,0.058769587
3,4480,0.058807112
3,4512,0.058522824
3,4544,0.058544762
3,4576,0.058636993
3,4608,0.058367405
3,4640,0.05823582
3,4672,0.05829535
3,4704,0.05812784
3,4736,0.058237486
3,4768,0.05805733
3,4800,0.05817245
3,4832,0.057997033
3,4864,0.057780646
3,4896,0.05814603
3,4928,0.057912696
3,4960,0.05789987
3,4992,0.05788106
3,5024,0.0579229
3,5056,0.05787887
3,5088,0.057789076
3,5120,0.057907492
3,5152,0.057669263
3,5184,0.057660114
3,5216,0.056893736
3,5248,0.056047913
3,5280,0.055422433
3,5312,0.055294022
3,5344,0.055064205
3,5376,0.055037532
3,5408,0.054774802
3,5440,0.05481059
3,5472,0.05449153
3,5504,0.054708403
3,5536,0.054500755
3,5568,0.054544427
3,5600,0.054541077
3,5632,0.05420829
3,5664,0.054141533
3,5696,0.054478213
3,5728,0.05426974
3,5760,0.05434044
3,5792,0.054022945
3,5824,0.054128528
3,5856,0.054082636
3,5888,0.05406102
3,5920,0.05392843
3,5952,0.05399676
3,5984,0.053870812
3,6016,0.05370102
3,6048,0.053855486
3,6080,0.05393827
4,0,0.05393525
4,32,0.05388553
4,64,0.053739347
4,96,0.053958002
4,128,0.054920003
4,160,0.057716418
4,192,0.057378773
4,224,0.057468142
4,256,0.056943912
4,288,0.057137106
4,320,0.05687539
4,352,0.056627676
4,384,0.056522366
4,416,0.056610983
4,448,0.056283902
4,480,0.0563516
4,512,0.05637375
4,544,0.05631251
4,576,0.056169894
4,608,0.05622467
4,640,0.056178465
4,672,0.056132417
4,704,0.05600211
4,736,0.056048222
4,768,0.05594659
4,800,0.05593797
4,832,0.055916034
4,864,0.0558149
4,896,0.055814445
4,928,0.05569941
4,960,0.055682942
4,992,0.055699777
4,1024,0.05588721
4,1056,0.05570516
4,1088,0.055627577
4,1120,0.055584986
4,1152,0.058054224
4,1184,0.06348837
4,1216,0.063247375
4,1248,0.06304396
4,1280,0.062831424
4,1312,0.06253437
4,1344,0.062515385
4,1376,0.0622654
4,1408,0.0621552
4,1440,0.062195905
4,1472,0.061871123
4,1504,0.061887562
4,1536,0.061931018
4,1568,0.061659623
4,1600,0.061701477
4,1632,0.061772794
4,1664,0.061864465
4,1696,0.06131803
4,1728,0.06156247
4,1760,0.061574753
4,1792,0.06133715
4,1824,0.061560374
4,1856,0.06134262
4,1888,0.06149863
4,1920,0.061370064
4,1952,0.061219618
4,1984,0.06122709
4,2016,0.06130645
4,2048,0.061131265
4,2080,0.061185118
4,2112,0.061154984
4,2144,0.061105825
4,2176,0.060879465
4,2208,0.06036598
4,2240,0.059932787
4,2272,0.05952194
4,2304,0.059305437
4,2336,0.0592633
4,2368,0.05923555
4,2400,0.05903275
4,2432,0.0588254
4,2464,0.058563348
4,2496,0.058684688
4,2528,0.058712944
4,2560,0.058584254
4,2592,0.0584714
4,2624,0.058370244
4,2656,0.05828645
4,2688,0.058316164
4,2720,0.058412872
4,2752,0.05814572
4,2784,0.058393862
4,2816,0.05802983
4,2848,0.058056097
4,2880,0.05813271
4,2912,0.057910338
4,2944,0.058147006
4,2976,0.058110178
4,3008,0.05808905
4,3040,0.05793996
4,3072,0.057941407
4,3104,0.057935715
4,3136,0.058086023
4,3168,0.057904083
4,3200,0.059791952
4,3232,0.06498159
4,3264,0.064624004
4,3296,0.06437136
4,3328,0.063933134
4,3360,0.063925676
4,3392,0.06388364
4,3424,0.063761406
4,3456,0.06339452
4,3488,0.063543774
4,3520,0.06347956
4,3552,0.063368835
4,3584,0.06318157
4,3616,0.062921256
4,3648,0.06326445
4,3680,0.06313669
4,3712,0.062963694
4,3744,0.06267683
4,3776,0.06318472
4,3808,0.06284245
4,3840,0.062727354
4,3872,0.06263569
4,3904,0.06282255
4,3936,0.06277801
4,3968,0.06288344
4,4000,0.06261219
4,4032,0.062618494
4,4064,0.06262539
4,4096,0.06253985
4,4128,0.06242864
4,4160,0.062488154
4,4192,0.06259765
4,4224,0.061605763
4,4256,0.058834307
4,4288,0.058372978
4,4320,0.058073226
4,4352,0.05786165
4,4384,0.057626143
4,4416,0.057613265
4,4448,0.057159074
4,4480,0.057244755
4,4512,0.05726035
4,4544,0.056882042
4,4576,0.05708539
4,4608,0.056901705
4,4640,0.056691334
4,4672,0.056781918
4,4704,0.056951698
4,4736,0.05681502
4,4768,0.056706276
4,4800,0.05666795
4,4832,0.05671575
4,4864,0.056602802
4,4896,0.056509532
4,4928,0.056574587
4,4960,0.056657866
4,4992,0.05672326
4,5024,0.056432795
4,5056,0.056318443
4,5088,0.056224775
4,5120,0.056314487
4,5152,0.055983543
4,5184,0.05620598
4,5216,0.05619948
4,5248,0.057319943
4,5280,0.059669416
4,5312,0.05910832
4,5344,0.058923006
4,5376,0.058629535
4,5408,0.058643684
4,5440,0.05844279
4,5472,0.058363922
4,5504,0.058379397
4,5536,0.058207046
4,5568,0.057991497
4,5600,0.05788671
4,5632,0.05816067
4,5664,0.057781793
4,5696,0.057842586
4,5728,0.05763598
4,5760,0.057739466
4,5792,0.05775669
4,5824,0.05765937
4,5856,0.057813104
4,5888,0.057597246
4,5920,0.057526734
4,5952,0.057495847
4,5984,0.057545155
4,6016,0.057459794
4,6048,0.0575639
4,6080,0.05723773
5,0,0.057404265
5,32,0.057343233
5,64,0.057317548
5,96,0.057274673
5,128,0.057143643
5,160,0.057328984
5,192,0.058924735
5,224,0.058670625
5,256,0.058602523
5,288,0.058094196
5,320,0.057985622
5,352,0.057899952
5,384,0.057614762
5,416,0.05778587
5,448,0.057747953
5,480,0.057301022
5,512,0.057209555
5,544,0.057217028
5,576,0.057061307
5,608,0.057236373
5,640,0.057184488
5,672,0.057163987
5,704,0.057067588
5,736,0.05702126
5,768,0.05712224
5,800,0.05693836
5,832,0.056852594
5,864,0.057019282
5,896,0.05688751
5,928,0.056789342
5,960,0.056737147
5,992,0.056925077
5,1024,0.056773562
5,1056,0.056760512
5,1088,0.056700908
5,1120,0.056531616
5,1152,0.05664747
5,1184,0.056821123
5,1216,0.063161425
5,1248,0.062945224
5,1280,0.0624529
5,1312,0.062407263
5,1344,0.062093124
5,1376,0.06194758
5,1408,0.061837018
5,1440,0.06175223
5,1472,0.061578304
5,1504,0.061632384
5,1536,0.06161015
5,1568,0.061488587
5,1600,0.061329383
5,1632,0.061357804
5,1664,0.061160073
5,1696,0.06122786
5,1728,0.061222807
5,1760,0.060846362
5,1792,0.061089206
5,1824,0.06088667
5,1856,0.060929764
5,1888,0.06091717
5,1920,0.060776226
5,1952,0.060901076
5,1984,0.06087078
5,2016,0.060782705
5,2048,0.060846925
5,2080,0.060598228
5,2112,0.060570754
5,2144,0.060737964
5,2176,0.060604148
5,2208,0.060805418
5,2240,0.06417637
5,2272,0.063822255
5,2304,0.06377467
5,2336,0.06354799
5,2368,0.06314549
5,2400,0.0630273
5,2432,0.062740535
5,2464,0.062532656
5,2496,0.062522635
5,2528,0.06253939
5,2560,0.06252991
5,2592,0.06243836
5,2624,0.062187593
5,2656,0.062377654
5,2688,0.06242163
5,2720,0.062212534
5,2752,0.062196158
5,2784,0.06211335
5,2816,0.062077668
5,2848,0.061900284
5,2880,0.061939847
5,2912,0.061951447
5,2944,0.061881825
5,2976,0.062195424
5,3008,0.061937507
5,3040,0.06184996
5,3072,0.061741717
5,3104,0.061636392
5,3136,0.061616477
5,3168,0.061675146
5,3200,0.061765704
5,3232,0.061669026
5,3264,0.059313033
5,3296,0.058834393
5,3328,0.05845941
5,3360,0.05824077
5,3392,0.058230057
5,3424,0.05795346
5,3456,0.057999253
5,3488,0.05755072
5,3520,0.057715084
5,3552,0.0576686
5,3584,0.05729679
5,3616,0.0575599
5,3648,0.05732165
5,3680,0.0573124
5,3712,0.05730717
5,3744,0.05726798
5,3776,0.057088118
5,3808,0.05704339
5,3840,0.057242278
5,3872,0.057078212
5,3904,0.057017222
5,3936,0.05713322
5,3968,0.05706041
5,4000,0.05691253
5,4032,0.05696061
5,4064,0.05665782
5,4096,0.05686479
5,4128,0.05687461
5,4160,0.05685977
5,4192,0.05684842
5,4224,0.056698836
5,4256,0.056861285
5,4288,0.062322512
5,4320,0.061962735
5,4352,0.061732057
5,4384,0.061452534
5,4416,0.061404753
5,4448,0.061194774
5,4480,0.061086603
5,4512,0.060958717
5,4544,0.060982715
5,4576,0.060705155
5,4608,0.060561717
5,4640,0.060613304
5,4672,0.060668774
5,4704,0.06054175
5,4736,0.060487024
5,4768,0.060447782
5,4800,0.06039939
5,4832,0.060429208
5,4864,0.060259886
5,4896,0.06000933
5,4928,0.06042957
5,4960,0.060295507
5,4992,0.06005846
5,5024,0.060161483
5,5056,0.060114257
5,5088,0.06008866
5,5120,0.06003805
5,5152,0.05999914
5,5184,0.059983272
5,5216,0.05977287
5,5248,0.05984632
5,5280,0.05984365
5,5312,0.05987898
5,5344,0.059367113
5,5376,0.059002306
5,5408,0.058585886
5,5440,0.058606423
5,5472,0.058389895
5,5504,0.058416024
5,5536,0.058501296
5,5568,0.058045134
5,5600,0.058110747
5,5632,0.058008093
5,5664,0.057966802
5,5696,0.057835754
5,5728,0.05789658
5,5760,0.057640806
5,5792,0.057766307
5,5824,0.05758621
5,5856,0.05754771
5,5888,0.05750678
5,5920,0.057717934
5,5952,0.057438795
5,5984,0.05762875
5,6016,0.057519518
5,6048,0.057429325
5,6080,0.057428785
6,0,0.05724977
6,32,0.057462648
6,64,0.057360813
6,96,0.05736072
6,128,0.057176027
6,160,0.05704342
6,192,0.057351373
6,224,0.06101382
6,256,0.062072854
6,288,0.061405092
6,320,0.061148103
6,352,0.06141842
6,384,0.0609908
6,416,0.06075908
6,448,0.060881447
6,480,0.060706995
6,512,0.06074942
6,544,0.060553618
6,576,0.060453232
6,608,0.060554545
6,640,0.060213786
6,672,0.060418937
6,704,0.060135238
6,736,0.060100097
6,768,0.060085528
6,800,0.06004608
6,832,0.059932426
6,864,0.05997749
6,896,0.060063183
6,928,0.05999173
6,960,0.05975925
6,992,0.05980709
6,1024,0.059741385
6,1056,0.059739236
6,1088,0.059807744
6,1120,0.05978949
6,1152,0.059496958
6,1184,0.05966686
6,1216,0.05967423
6,1248,0.05949774
6,1280,0.058782842
6,1312,0.058461275
6,1344,0.058269087
6,1376,0.057956778
6,1408,0.058124226
6,1440,0.05754156
6,1472,0.0578491
6,1504,0.05751941
6,1536,0.057558943
6,1568,0.057402905
6,1600,0.057533592
6,1632,0.057322748
6,1664,0.057265025
6,1696,0.05725493
6,1728,0.057139244
6,1760,0.0571683
6,1792,0.056989755
6,1824,0.05700514
6,1856,0.056929316
6,1888,0.056837272
6,1920,0.05713894
6,1952,0.056821857
6,1984,0.05675027
6,2016,0.05677143
6,2048,0.056854233
6,2080,0.056776334
6,2112,0.05681909
6,2144,0.056652453
6,2176,0.056500316
6,2208,0.05649849
6,2240,0.056383703
6,2272,0.05851105
6,2304,0.05887819
6,2336,0.058337517
6,2368,0.058239058
6,2400,0.058035206
6,2432,0.057770822
6,2464,0.057630718
6,2496,0.0578162
6,2528,0.057840098
6,2560,0.057528853
6,2592,0.05742422
6,2624,0.057316422
6,2656,0.057335902
6,2688,0.057118747
6,2720,0.057143345
6,2752,0.05713941
6,2784,0.057091385
6,2816,0.057222586
6,2848,0.056810234
6,2880,0.05696634
6,2912,0.056985307
6,2944,0.056873567
6,2976,0.05691215
6,3008,0.056651942
6,3040,0.05674281
6,3072,0.05663275
6,3104,0.05669208
6,3136,0.05664099
6,3168,0.056711316
6,3200,0.05665972
6,3232,0.056634832
6,3264,0.056565534
6,3296,0.05939203
6,3328,0.059855312
6,3360,0.05954269
6,3392,0.05951844
6,3424,0.059219807
6,3456,0.058763936
6,3488,0.059227105
6,3520,0.058750488
6,3552,0.058622856
6,3584,0.058557313
6,3616,0.058519244
6,3648,0.05845337
6,3680,0.0583923
6,3712,0.058298025
6,3744,0.058464944
6,3776,0.05842469
6,3808,0.058202803
6,3840,0.058245935
6,3872,0.058186624
6,3904,0.058223817
6,3936,0.058137417
6,3968,0.05807036
6,4000,0.057950504
6,4032,0.057992972
6,4064,0.057986327
6,4096,0.057925165
6,4128,0.057841197
6,4160,0.057720263
6,4192,0.057899483
6,4224,0.057938676
6,4256,0.05782127
6,4288,0.057910413
6,4320,0.06316206
6,4352,0.06456465
6,4384,0.06417388
6,4416,0.06391651
6,4448,0.06372657
6,4480,0.06388536
6,4512,0.06341139
6,4544,0.063524716
6,4576,0.06357461
6,4608,0.06323679
6,4640,0.06302895
6,4672,0.06306841
6,4704,0.06317799
6,4736,0.06313254
6,4768,0.06282274
6,4800,0.06273446
6,4832,0.063078396
6,4864,0.062656045
6,4896,0.06260792
6,4928,0.062456217
6,4960,0.06253428
6,4992,0.06256507
6,5024,0.062487133
6,5056,0.06256921
6,5088,0.06240968
6,5120,0.06265368
6,5152,0.062433526
6,5184,0.062344637
6,5216,0.06243078
6,5248,0.062331572
6,5280,0.06241301
6,5312,0.062082455
6,5344,0.059513044
6,5376,0.05824132
6,5408,0.05782447
6,5440,0.057624448
6,5472,0.057559565
6,5504,0.057250936
6,5536,0.057305664
6,5568,0.057048924
6,5600,0.05678853
6,5632,0.056969054
6,5664,0.056920867
6,5696,0.056922376
6,5728,0.056736093
6,5760,0.056731068
6,5792,0.056631595
6,5824,0.05645193
6,5856,0.056566052
6,5888,0.05647177
6,5920,0.056558087
6,5952,0.056298263
6,5984,0.05653061
6,6016,0.056298252
6,6048,0.056319278
6,6080,0.056284867
7,0,0.05616262
7,32,0.05617106
7,64,0.056120623
7,96,0.05640656
7,128,0.05624142
7,160,0.056174375
7,192,0.05617055
7,224,0.056059416
7,256,0.058092263
7,288,0.059707485
7,320,0.059582207
7,352,0.059254907
7,384,0.058895018
7,416,0.058679637
7,448,0.05842681
7,480,0.05856342
7,512,0.05836832
7,544,0.05832293
7,576,0.0582923
7,608,0.05817432
7,640,0.058156084
7,672,0.057948254
7,704,0.058045413
7,736,0.058115996
7,768,0.057917953
7,800,0.057903904
7,832,0.05794671
7,864,0.057917863
7,896,0.057812966
7,928,0.057733886
7,960,0.057789296
7,992,0.057738815
7,1024,0.057713784
7,1056,0.057528622
7,1088,0.05763523
7,1120,0.057682656
7,1152,0.057474613
7,1184,0.057604555
7,1216,0.05737177
7,1248,0.057626836
7,1280,0.058142498
7,1312,0.058566056
7,1344,0.058394488
7,1376,0.058004905
7,1408,0.05790666
7,1440,0.057788406
7,1472,0.057614733
7,1504,0.05741669
7,1536,0.057430785
7,1568,0.05720015
7,1600,0.056861762
7,1632,0.05697169
7,1664,0.05690555
7,1696,0.056964595
7,1728,0.057033878
7,1760,0.056978464
7,1792,0.056671213
7,1824,0.056806378
7,1856,0.056619186
7,1888,0.056690328
7,1920,0.05661743
7,1952,0.056701753
7,1984,0.056636855
7,2016,0.056717966
7,2048,0.056510363
7,2080,0.05654449
7,2112,0.05651069
7,2144,0.056279864
7,2176,0.056395162
7,2208,0.056296505
7,2240,0.056428667
7,2272,0.056331895
7,2304,0.05639486
7,2336,0.05619907
7,2368,0.055994757
7,2400,0.055563156
7,2432,0.055429406
7,2464,0.055517487
7,2496,0.055190913
7,2528,0.055361196
7,2560,0.055180606
7,2592,0.055059876
7,2624,0.054814458
7,2656,0.05482144
7,2688,0.054749068
7,2720,0.054671403
7,2752,0.054425
7,2784,0.054562125
7,2816,0.05437391
7,2848,0.054552734
7,2880,0.054376878
7,2912,0.054420363
7,2944,0.054315113
7,2976,0.054386113
7,3008,0.054383125
7,3040,0.054171547
7,3072,0.054329935
7,3104,0.054261547
7,3136,0.05420464
7,3168,0.054123532
7,3200,0.05428956
7,3232,0.054197114
7,3264,0.0541261
7,3296,0.054177266
7,3328,0.05966656
7,3360,0.06450872
7,3392,0.06404886
7,3424,0.06369255
7,3456,0.06353333
7,3488,0.063515864
7,3520,0.063238785
7,3552,0.06314912
7,3584,0.06305368
7,3616,0.062942855
7,3648,0.06306358
7,3680,0.06280641
7,3712,0.062965244
7,3744,0.06283489
7,3776,0.06260008
7,3808,0.06239813
7,3840,0.06260113
7,3872,0.062227104
7,3904,0.062701404
7,3936,0.062478147
7,3968,0.062389106
7,4000,0.062254734
7,4032,0.06237506
7,4064,0.062244922
7,4096,0.06218192
7,4128,0.06215845
7,4160,0.061976008
7,4192,0.06202421
7,4224,0.06211116
7,4256,0.061881185
7,4288,0.06212798
7,4320,0.06183247
7,4352,0.061279297
7,4384,0.05988459
7,4416,0.059500113
7,4448,0.059392743
7,4480,0.05924762
7,4512,0.059054285
7,4544,0.05886987
7,4576,0.058752723
7,4608,0.058715478
7,4640,0.05874219
7,4672,0.05852693
7,4704,0.05855002
7,4736,0.058399398
7,4768,0.058327656
7,4800,0.058177322
7,4832,0.058149014
7,4864,0.058125064
7,4896,0.0581678
7,4928,0.05794095
7,4960,0.05807101
7,4992,0.057775114
7,5024,0.058073577
7,5056,0.057849806
7,5088,0.057885278
7,5120,0.057746474
7,5152,0.057635557
7,5184,0.057788987
7,5216,0.057615835
7,5248,0.057607576
7,5280,0.057694536
7,5312,0.057771824
7,5344,0.0575839
7,5376,0.058495495
7,5408,0.058874454
7,5440,0.05846475
7,5472,0.05840951
7,5504,0.05820537
7,5536,0.058149036
7,5568,0.057734784
7,5600,0.057781927
7,5632,0.05775877
7,5664,0.057505876
7,5696,0.05730797
7,5728,0.0576207
7,5760,0.057279415
7,5792,0.057205785
7,5824,0.05716005
7,5856,0.057222135
7,5888,0.056918614
7,5920,0.057349637
7,5952,0.057003412
7,5984,0.05695645
7,6016,0.056828458
7,6048,0.057165064
7,6080,0.056701895
8,0,0.0568361
8,32,0.056725744
8,64,0.056983788
8,96,0.056754354
8,128,0.056786414
8,160,0.05660766
8,192,0.056594312
8,224,0.056625184
8,256,0.056675836
8,288,0.059077576
8,320,0.064484134
8,352,0.06406135
8,384,0.06376121
8,416,0.06352007
8,448,0.063376926
8,480,0.06331563
8,512,0.06294028
8,544,0.06303881
8,576,0.062991336
8,608,0.06292335
8,640,0.06295397
8,672,0.062896356
8,704,0.062645875
8,736,0.06229853
8,768,0.062498227
8,800,0.06263991
8,832,0.062380802
8,864,0.062315594
8,896,0.062290177
8,928,0.061987802
8,960,0.062404633
8,992,0.062136617
8,1024,0.062098138
8,1056,0.06216679
8,1088,0.06187732
8,1120,0.061938863
8,1152,0.062096275
8,1184,0.061952565
8,1216,0.061943375
8,1248,0.062102664
8,1280,0.06202752
8,1312,0.062018372
8,1344,0.06209036
8,1376,0.061840177
8,1408,0.06161124
8,1440,0.061236814
8,1472,0.06105726
8,1504,0.06097506
8,1536,0.06086842
8,1568,0.060690917
8,1600,0.060667593
8,1632,0.060482122
8,1664,0.060328856
8,1696,0.06057261
8,1728,0.06026668
8,1760,0.0601503
8,1792,0.060239382
8,1824,0.06015767
8,1856,0.06009011
8,1888,0.060232572
8,1920,0.060190454
8,1952,0.05982853
8,1984,0.05991125
8,2016,0.0598665
8,2048,0.060126003
8,2080,0.05977528
8,2112,0.059836272
8,2144,0.059883375
8,2176,0.059830308
8,2208,0.059821133
8,2240,0.05971407
8,2272,0.059758954
8,2304,0.059598777
8,2336,0.059678737
8,2368,0.059137564
8,2400,0.05858598
8,2432,0.05840294
8,2464,0.058195885
8,2496,0.058141153
8,2528,0.05801554
8,2560,0.057814214
8,2592,0.05769343
8,2624,0.05767153
8,2656,0.057429776
8,2688,0.05733198
8,2720,0.057389304
8,2752,0.05720351
8,2784,0.057278406
8,2816,0.05725553
8,2848,0.057119217
8,2880,0.0570176
8,2912,0.056972995
8,2944,0.057058148
8,2976,0.05710505
8,3008,0.05694072
8,3040,0.05695865
8,3072,0.056799684
8,3104,0.05688185
8,3136,0.05676251
8,3168,0.05674152
8,3200,0.056840707
8,3232,0.05683463
8,3264,0.056776777
8,3296,0.056583203
8,3328,0.05671673
8,3360,0.057851266
8,3392,0.060142424
8,3424,0.05971362
8,3456,0.05950936
8,3488,0.059287693
8,3520,0.05905517
8,3552,0.059161756
8,3584,0.05887556
8,3616,0.058847878
8,3648,0.058700442
8,3680,0.058691673
8,3712,0.058698352
8,3744,0.058544036
8,3776,0.058493853
8,3808,0.058433812
8,3840,0.05822607
8,3872,0.058235805
8,3904,0.0582546
8,3936,0.058207907
8,3968,0.05812881
8,4000,0.058105297
8,4032,0.057974294
8,4064,0.05800948
8,4096,0.057969783
8,4128,0.05803545
8,4160,0.05783086
8,4192,0.057973262
8,4224,0.05789762
8,4256,0.05770352
8,4288,0.05776719
8,4320,0.057869054
8,4352,0.0576205
8,4384,0.059788726
8,4416,0.06517105
8,4448,0.064608976
8,4480,0.06418694
8,4512,0.064149246
8,4544,0.063976675
8,4576,0.06377298
8,4608,0.063732356
8,4640,0.06375576
8,4672,0.06354731
8,4704,0.06336167
8,4736,0.06359503
8,4768,0.0632296
8,4800,0.06308655
8,4832,0.063195005
8,4864,0.06303096
8,4896,0.062917516
8,4928,0.06301857
8,4960,0.06296748
8,4992,0.06305852
8,5024,0.062944554
8,5056,0.06290793
8,5088,0.062789
8,5120,0.06276654
8,5152,0.06279979
8,5184,0.06270621
8,5216,0.06272864
8,5248,0.06257721
8,5280,0.062572464
8,5312,0.06234364
8,5344,0.062372014
8,5376,0.062489342
8,5408,0.061311018
8,5440,0.058339573
8,5472,0.057829298
8,5504,0.05774739
8,5536,0.057243995
8,5568,0.057257093
8,5600,0.057265352
8,5632,0.05697983
8,5664,0.056986023
8,5696,0.056684285
8,5728,0.056732308
8,5760,0.056626268
8,5792,0.056742445
8,5824,0.056515582
8,5856,0.056331847
8,5888,0.056370012
8,5920,0.05622086
8,5952,0.056241702
8,5984,0.05617564
8,6016,0.056153312
8,6048,0.05610144
8,6080,0.056220055
9,0,0.055988673
9,32,0.05594308
9,64,0.056002308
9,96,0.056220256
9,128,0.05613721
9,160,0.05602073
9,192,0.05615574
9,224,0.055888377
9,256,0.055846818
9,288,0.055967413
9,320,0.05586328
9,352,0.05920398
9,384,0.058952764
9,416,0.05838078
9,448,0.0584937
9,480,0.058192804
9,512,0.058186695
9,544,0.057925414
9,576,0.05802221
9,608,0.057772737
9,640,0.057801187
9,672,0.057560146
9,704,0.057648364
9,736,0.05761434
9,768,0.05750462
9,800,0.057382714
9,832,0.057350475
9,864,0.057181053
9,896,0.05720896
9,928,0.05718734
9,960,0.057135887
9,992,0.057138722
9,1024,0.057027154
9,1056,0.0568461
9,1088,0.057110704
9,1120,0.056770623
9,1152,0.05699076
9,1184,0.056909822
9,1216,0.05690041
9,1248,0.057009403
9,1280,0.057013564
9,1312,0.056817435
9,1344,0.057083696
9,1376,0.061737824
9,1408,0.061319385
9,1440,0.06105352
9,1472,0.060794882
9,1504,0.06073484
9,1536,0.06037621
9,1568,0.06059117
9,1600,0.06039893
9,1632,0.060392175
9,1664,0.06006253
9,1696,0.060150813
9,1728,0.060095597
9,1760,0.05981709
9,1792,0.05986038
9,1824,0.05977736
9,1856,0.05985153
9,1888,0.05988554
9,1920,0.059564237
9,1952,0.05961389
9,1984,0.059796564
9,2016,0.059413817
9,2048,0.059366558
9,2080,0.059412852
9,2112,0.059562378
9,2144,0.05949919
9,2176,0.05950262
9,2208,0.059274275
9,2240,0.059260987
9,2272,0.05915484
9,2304,0.059313852
9,2336,0.059269443
9,2368,0.05929743
9,2400,0.059168853
9,2432,0.058838427
9,2464,0.058457896
9,2496,0.058095466
9,2528,0.057892166
9,2560,0.057920847
9,2592,0.057967722
9,2624,0.057667453
9,2656,0.057671055
9,2688,0.05746944
9,2720,0.057479054
9,2752,0.057460606
9,2784,0.057145976
9,2816,0.057250254
9,2848,0.05736214
9,2880,0.05728413
9,2912,0.056938615
9,2944,0.057064008
9,2976,0.056871828
9,3008,0.05697456
9,3040,0.056997802
9,3072,0.056933414
9,3104,0.056819413
9,3136,0.056777503
9,3168,0.056910753
9,3200,0.05681834
9,3232,0.056672055
9,3264,0.056672215
9,3296,0.056732424
9,3328,0.056654762
9,3360,0.05682019
9,3392,0.056817383
9,3424,0.05933648
9,3456,0.05888877
9,3488,0.05861987
9,3520,0.058579903
9,3552,0.05838695
9,3584,0.058297437
9,3616,0.058146022
9,3648,0.05810482
9,3680,0.057856813
9,3712,0.058011632
9,3744,0.057730198
9,3776,0.057651762
9,3808,0.057368334
9,3840,0.057610083
9,3872,0.057518877
9,3904,0.057614177
9,3936,0.05744242
9,3968,0.057308678
9,4000,0.057310555
9,4032,0.057241775
9,4064,0.057205874
9,4096,0.057269778
9,4128,0.057018097
9,4160,0.05727425
9,4192,0.056970507
9,4224,0.057003062
9,4256,0.05709394
9,4288,0.057065077
9,4320,0.05695918
9,4352,0.056891978
9,4384,0.057051007
9,4416,0.05710809
9,4448,0.061442472
9,4480,0.06107063
9,4512,0.06087725
9,4544,0.060647268
9,4576,0.060310174
9,4608,0.0602362
9,4640,0.059957564
9,4672,0.05999312
9,4704,0.06024714
9,4736,0.060019627
9,4768,0.05984611
9,4800,0.059689663
9,4832,0.059650213
9,4864,0.059513427
9,4896,0.059559487
9,4928,0.05951627
9,4960,0.059270002
9,4992,0.059203647
9,5024,0.059598416
9,5056,0.05947519
9,5088,0.059248395
9,5120,0.059181303
9,5152,0.059129223
9,5184,0.059393708
9,5216,0.059131935
9,5248,0.058966078
9,5280,0.059139047
9,5312,0.059130266
9,5344,0.059180357
9,5376,0.05894927
9,5408,0.058938105
9,5440,0.059007067
9,5472,0.06059534
9,5504,0.06003017
9,5536,0.05980609
9,5568,0.059612785
9,5600,0.059419826
9,5632,0.059327636
9,5664,0.059227664
9,5696,0.059230536
9,5728,0.059130456
9,5760,0.05906319
9,5792,0.058895558
9,5824,0.058887653
9,5856,0.05896914
9,5888,0.05872298
9,5920,0.058777213
9,5952,0.058669195
9,5984,0.058596972
9,6016,0.058458015
9,6048,0.058321916
9,6080,0.05850244
10,0,0.058437448
10,32,0.058178343
10,64,0.05833029
10,96,0.05834662
10,128,0.058317736
10,160,0.058299452
10,192,0.0582134
10,224,0.05819988
10,256,0.058163125
10,288,0.05806603
10,320,0.05814839
10,352,0.05818068
10,384,0.060611717
10,416,0.060799036
10,448,0.060705137
10,480,0.060482446
10,512,0.059899222
10,544,0.05996847
10,576,0.059993543
10,608,0.059713688
10,640,0.05977339
10,672,0.059617348
10,704,0.059413552
10,736,0.05943356
10,768,0.059222005
10,800,0.059354845
10,832,0.059134863
10,864,0.059266094
10,896,0.059269838
10,928,0.05925647
10,960,0.059128564
10,992,0.059000663
10,1024,0.058877297
10,1056,0.058893595
10,1088,0.058790613
10,1120,0.058828514
10,1152,0.059002057
10,1184,0.05889852
10,1216,0.05888883
10,1248,0.058749918
10,1280,0.0584127
10,1312,0.05871531
10,1344,0.058490768
10,1376,0.058582604
10,1408,0.062522545
10,1440,0.063319996
10,1472,0.06301207
10,1504,0.062810816
10,1536,0.06243622
10,1568,0.06229389
10,1600,0.06226286
10,1632,0.06214177
10,1664,0.062206246
10,1696,0.061749317
10,1728,0.062040817
10,1760,0.06170282
10,1792,0.061613955
10,1824,0.06170127
10,1856,0.0616513
10,1888,0.061782476
10,1920,0.061458893
10,1952,0.061555278
10,1984,0.061382506
10,2016,0.061255082
10,2048,0.061470944
10,2080,0.061188698
10,2112,0.061197765
10,2144,0.061123356
10,2176,0.0611147
10,2208,0.06117433
10,2240,0.061126374
10,2272,0.061104257
10,2304,0.06114704
10,2336,0.061028942
10,2368,0.061031308
10,2400,0.06107386
10,2432,0.06075754
10,2464,0.05998869
10,2496,0.05989425
10,2528,0.059437435
10,2560,0.059520118
10,2592,0.059303652
10,2624,0.059239574
10,2656,0.058909103
10,2688,0.05894231
10,2720,0.058827896
10,2752,0.058785327
10,2784,0.05872141
10,2816,0.058760706
10,2848,0.05842787
10,2880,0.058457453
10,2912,0.058581956
10,2944,0.05843023
10,2976,0.058322165
10,3008,0.058413617
10,3040,0.058187436
10,3072,0.05827664
10,3104,0.058108453
10,3136,0.058163136
10,3168,0.058107875
10,3200,0.05817177
10,3232,0.057984505
10,3264,0.05789566
10,3296,0.058113545
10,3328,0.057969596
10,3360,0.058195487
10,3392,0.05809007
10,3424,0.05795706
10,3456,0.059358113
10,3488,0.059501313
10,3520,0.059298936
10,3552,0.059044216
10,3584,0.05870891
10,3616,0.05869315
10,3648,0.058661733
10,3680,0.05862638
10,3712,0.058474198
10,3744,0.05841578
10,3776,0.058368113
10,3808,0.058434114
10,3840,0.058066227
10,3872,0.058139592
10,3904,0.058060132
10,3936,0.05799896
10,3968,0.05772646
10,4000,0.057997115
10,4032,0.057758335
10,4064,0.0578021
10,4096,0.05786754
10,4128,0.05782753
10,4160,0.05792582
10,4192,0.057853792
10,4224,0.057740625
10,4256,0.05751846
10,4288,0.05756709
10,4320,0.057550624
10,4352,0.057569984
10,4384,0.057444
10,4416,0.057504654
10,4448,0.0574807
10,4480,0.06095083
10,4512,0.06181561
10,4544,0.06137381
10,4576,0.061221924
10,4608,0.061310112
10,4640,0.060704198
10,4672,0.06069008
10,4704,0.06073605
10,4736,0.060729776
10,4768,0.06051246
10,4800,0.060297105
10,4832,0.060349897
10,4864,0.059954885
10,4896,0.06015739
10,4928,0.059953082
10,4960,0.06010225
10,4992,0.060123317
10,5024,0.06006014
10,5056,0.059908543
10,5088,0.059815515
10,5120,0.059678726
10,5152,0.059825856
10,5184,0.059665933
10,5216,0.059587784
10,5248,0.059644412
10,5280,0.059742063
10,5312,0.05961366
10,5344,0.05964303
10,5376,0.0596554
10,5408,0.059661083
10,5440,0.059530064
10,5472,0.05959053
10,5504,0.056972645
10,5536,0.055743042
10,5568,0.055294335
10,5600,0.05509166
10,5632,0.05473238
10,5664,0.054994833
10,5696,0.05489966
10,5728,0.054682277
10,5760,0.054377988
10,5792,0.05445572
10,5824,0.05426249
10,5856,0.05436791
10,5888,0.054127324
10,5920,0.054264095
10,5952,0.054016482
10,5984,0.05401777
10,6016,0.054133248
10,6048,0.054131374
10,6080,0.054084815
11,0,0.05376734
11,32,0.05378089
11,64,0.053772375
11,96,0.053619005
11,128,0.053428054
11,160,0.053767726
11,192,0.053694602
11,224,0.053683203
11,256,0.053590264
11,288,0.05368717
11,320,0.053571016
11,352,0.05352652
11,384,0.053769257
11,416,0.05671485
11,448,0.05891514
11,480,0.05860453
11,512,0.058337796
11,544,0.05805811
11,576,0.058177788
11,608,0.057824574
11,640,0.0580185
11,672,0.05785552
11,704,0.0575712
11,736,0.057590615
11,768,0.05755352
11,800,0.057440322
11,832,0.05740974
11,864,0.057423525
11,896,0.05739541
11,928,0.05749311
11,960,0.05717513
11,992,0.05724518
11,1024,0.05706873
11,1056,0.05702971
11,1088,0.057221126
11,1120,0.05692788
11,1152,0.056940056
11,1184,0.05701456
11,1216,0.057073005
11,1248,0.056890912
11,1280,0.056913875
11,1312,0.05700682
11,1344,0.056882538
11,1376,0.056707855
11,1408,0.056867734
11,1440,0.05804014
11,1472,0.058812514
11,1504,0.058423515
11,1536,0.05816532
11,1568,0.057978913
11,1600,0.05766363
11,1632,0.05788784
11,1664,0.057694405
11,1696,0.057708435
11,1728,0.05746991
11,1760,0.057322785
11,1792,0.057350196
11,1824,0.057219844
11,1856,0.05699209
11,1888,0.05708429
11,1920,0.056998305
11,1952,0.057186663
11,1984,0.05690723
11,2016,0.05702496
11,2048,0.05694302
11,2080,0.056812737
11,2112,0.05688752
11,2144,0.05688157
11,2176,0.05671352
11,2208,0.056796737
11,2240,0.05651953
11,2272,0.05680722
11,2304,0.056614924
11,2336,0.05674546
11,2368,0.05657502
11,2400,0.05667054
11,2432,0.05664479
11,2464,0.05801568
11,2496,0.058932498
11,2528,0.05847251
11,2560,0.058559906
11,2592,0.058338992
11,2624,0.05805838
11,2656,0.057874423
11,2688,0.057798922
11,2720,0.057761427
11,2752,0.05764775
11,2784,0.05764775
11,2816,0.057569925
11,2848,0.0573304
11,2880,0.05714701
11,2912,0.057355843
11,2944,0.05712369
11,2976,0.057094295
11,3008,0.057280365
11,3040,0.057092156
11,3072,0.056970295
11,3104,0.057216074
11,3136,0.05714279
11,3168,0.056843206
11,3200,0.057256836
11,3232,0.056642663
11,3264,0.056773394
11,3296,0.056786012
11,3328,0.05692494
11,3360,0.056676287
11,3392,0.056729827
11,3424,0.05651125
11,3456,0.05664517
11,3488,0.058204446
11,3520,0.05888416
11,3552,0.05874274
11,3584,0.05854507
11,3616,0.058307547
11,3648,0.05809045
11,3680,0.057889808
11,3712,0.0579649
11,3744,0.057731446
11,3776,0.05777021
11,3808,0.057392187
11,3840,0.057402316
11,3872,0.057557102
11,3904,0.05739822
11,3936,0.057195034
11,3968,0.057340913
11,4000,0.057264924
11,4032,0.057149645
11,4064,0.057220694
11,4096,0.05711551
11,4128,0.056956474
11,4160,0.057006106
11,4192,0.056960326
11,4224,0.057034913
11,4256,0.05685661
11,4288,0.056822345
11,4320,0.056815203
11,4352,0.056857962
11,4384,0.056828327
11,4416,0.0567589
11,4448,0.056701228
11,4480,0.056692846
11,4512,0.05757551
11,4544,0.058321223
11,4576,0.05807741
11,4608,0.05774295
11,4640,0.05766816
11,4672,0.057405677
11,4704,0.05741372
11,4736,0.057097103
11,4768,0.057211272
11,4800,0.05700375
11,4832,0.05694534
11,4864,0.056931354
11,4896,0.056781
11,4928,0.05677635
11,4960,0.05672976
11,4992,0.056565516
11,5024,0.056543015
11,5056,0.056514163
11,5088,0.056426756
11,5120,0.05636064
11,5152,0.056337178
11,5184,0.056372706
11,5216,0.05648392
11,5248,0.05634728
11,5280,0.05629513
11,5312,0.056386206
11,5344,0.0560727
11,5376,0.056088045
11,5408,0.056455582
11,5440,0.05616329
11,5472,0.05595443
11,5504,0.056425575
11,5536,0.05657346
11,5568,0.056933235
11,5600,0.056673698
11,5632,0.056335777
11,5664,0.056156367
11,5696,0.056158163
11,5728,0.05591327
11,5760,0.055761926
11,5792,0.055682167
11,5824,0.055771217
11,5856,0.05568058
11,5888,0.05569234
11,5920,0.055554148
11,5952,0.055269923
11,5984,0.05540529
11,6016,0.05550423
11,6048,0.055377867
11,6080,0.055385944
12,0,0.05507495
12,32,0.055329464
12,64,0.05515572
12,96,0.055043083
12,128,0.055232514
12,160,0.055153873
12,192,0.055010844
12,224,0.055135287
12,256,0.054950904
12,288,0.0549245
12,320,0.054819636
12,352,0.054770943
12,384,0.05466452
12,416,0.054820582
12,448,0.05544785
12,480,0.05719744
12,512,0.05690543
12,544,0.056624915
12,576,0.05657832
12,608,0.05639874
12,640,0.056044582
12,672,0.056181137
12,704,0.055996146
12,736,0.055894632
12,768,0.055764794
12,800,0.055802982
12,832,0.055695903
12,864,0.055622086
12,896,0.055409927
12,928,0.05544549
12,960,0.05550615
12,992,0.05537926
12,1024,0.055633627
12,1056,0.055433024
12,1088,0.055386234
12,1120,0.05533598
12,1152,0.055413984
12,1184,0.05528389
12,1216,0.055134963
12,1248,0.05505139
12,1280,0.05511287
12,1312,0.055261265
12,1344,0.05515071
12,1376,0.054965615
12,1408,0.05503524
12,1440,0.054968648
12,1472,0.055329226
12,1504,0.05540963
12,1536,0.05511783
12,1568,0.054790113
12,1600,0.0546476
12,1632,0.05447291
12,1664,0.05433465
12,1696,0.05427638
12,1728,0.054138213
12,1760,0.05422215
12,1792,0.054065634
12,1824,0.053952593
12,1856,0.053982347
12,1888,0.054046668
12,1920,0.053747665
12,1952,0.053809434
12,1984,0.053771425
12,2016,0.05371654
12,2048,0.053531863
12,2080,0.053708334
12,2112,0.053561337
12,2144,0.05361454
12,2176,0.053503852
12,2208,0.05363512
12,2240,0.053475834
12,2272,0.053559087
12,2304,0.053375594
12,2336,0.053449184
12,2368,0.05325188
12,2400,0.053386535
12,2432,0.05331972
12,2464,0.05314153
12,2496,0.055176422
12,2528,0.05958504
12,2560,0.05911619
12,2592,0.058887072
12,2624,0.058758248
12,2656,0.058570385
12,2688,0.05849228
12,2720,0.058506913
12,2752,0.058516897
12,2784,0.058251288
12,2816,0.05823689
12,2848,0.05804651
12,2880,0.057997245
12,2912,0.058259364
12,2944,0.05787736
12,2976,0.057748266
12,3008,0.05798096
12,3040,0.057758745
12,3072,0.057983417
12,3104,0.05760878
12,3136,0.057575844
12,3168,0.057596207
12,3200,0.057386246
12,3232,0.0575481
12,3264,0.05771512
12,3296,0.057456855
12,3328,0.057418454
12,3360,0.057190694
12,3392,0.057342358
12,3424,0.057315286
12,3456,0.057399757
12,3488,0.057462156
12,3520,0.05924681
12,3552,0.063995294
12,3584,0.06360668
12,3616,0.063310996
12,3648,0.06304855
12,3680,0.06273293
12,3712,0.062550135
12,3744,0.06243555
12,3776,0.062575355
12,3808,0.06242895
12,3840,0.062544174
12,3872,0.062062282
12,3904,0.062006027
12,3936,0.06233944
12,3968,0.062136
12,4000,0.06195081
12,4032,0.061742585
12,4064,0.061814904
12,4096,0.06193167
12,4128,0.06166649
12,4160,0.061855186
12,4192,0.061465666
12,4224,0.06164211
12,4256,0.06152646
12,4288,0.061569035
12,4320,0.061370555
12,4352,0.061652616
12,4384,0.061407603
12,4416,0.061711736
12,4448,0.061394006
12,4480,0.061247353
12,4512,0.061257284
12,4544,0.06028204
12,4576,0.057432655
12,4608,0.057152577
12,4640,0.05693527
12,4672,0.05667016
12,4704,0.05640574
12,4736,0.056478232
12,4768,0.056318052
12,4800,0.056118257
12,4832,0.056044526
12,4864,0.056027185
12,4896,0.05614479
12,4928,0.055953253
12,4960,0.05593384
12,4992,0.055688687
12,5024,0.05555427
12,5056,0.055751696
12,5088,0.0555746
12,5120,0.055683777
12,5152,0.055650555
12,5184,0.055492252
12,5216,0.055395678
12,5248,0.055441175
12,5280,0.05531548
12,5312,0.055262342
12,5344,0.055257354
12,5376,0.055197574
12,5408,0.055300593
12,5440,0.055316385
12,5472,0.055352286
12,5504,0.05530042
12,5536,0.055348657
12,5568,0.057528473
12,5600,0.0634535
12,5632,0.06322535
12,5664,0.06268679
12,5696,0.06279006
12,5728,0.06254028
12,5760,0.06219344
12,5792,0.062330365
12,5824,0.06226826
12,5856,0.061992396
12,5888,0.06210081
12,5920,0.061781216
12,5952,0.061797556
12,5984,0.061742123
12,6016,0.06186916
12,6048,0.06165013
12,6080,0.061685808
13,0,0.061460044
13,32,0.061563134
13,64,0.061532408
13,96,0.061420422
13,128,0.061478835
13,160,0.061359324
13,192,0.0610475
13,224,0.061226644
13,256,0.061272338
13,288,0.0610731
13,320,0.061351605
13,352,0.060989875
13,384,0.061179917
13,416,0.06102328
13,448,0.061127797
13,480,0.06080098
13,512,0.057896107
13,544,0.057277888
13,576,0.05715557
13,608,0.056985054
13,640,0.05694877
13,672,0.05676525
13,704,0.056798965
13,736,0.056518573
13,768,0.056442775
13,800,0.056390442
13,832,0.05614787
13,864,0.056371316
13,896,0.05622877
13,928,0.055905193
13,960,0.056001134
13,992,0.05580555
13,1024,0.05605083
13,1056,0.055821892
13,1088,0.055678174
13,1120,0.05567023
13,1152,0.055710826
13,1184,0.05567381
13,1216,0.055540897
13,1248,0.055744756
13,1280,0.055634815
13,1312,0.055686656
13,1344,0.05570157
13,1376,0.05559214
13,1408,0.055634793
13,1440,0.055546455
13,1472,0.055167932
13,1504,0.05546461
13,1536,0.058575608
13,1568,0.058236066
13,1600,0.058019303
13,1632,0.057966292
13,1664,0.057857614
13,1696,0.057636317
13,1728,0.05736284
13,1760,0.05758534
13,1792,0.057562314
13,1824,0.05725674
13,1856,0.05717446
13,1888,0.057025634
13,1920,0.057116892
13,1952,0.0568763
13,1984,0.05696499
13,2016,0.05687037
13,2048,0.056846112
13,2080,0.05679891
13,2112,0.05673203
13,2144,0.056645636
13,2176,0.05677993
13,2208,0.05652912
13,2240,0.056637254
13,2272,0.05650337
13,2304,0.056699563
13,2336,0.056614246
13,2368,0.056456354
13,2400,0.056418523
13,2432,0.056170836
13,2464,0.05643779
13,2496,0.056352194
13,2528,0.056675635
13,2560,0.060668472
13,2592,0.060517535
13,2624,0.059984915
13,2656,0.0599263
13,2688,0.0595347
13,2720,0.05979374
13,2752,0.059668154
13,2784,0.059308626
13,2816,0.059256718
13,2848,0.059229206
13,2880,0.05913782
13,2912,0.059043065
13,2944,0.058940046
13,2976,0.05901383
13,3008,0.058784638
13,3040,0.058839224
13,3072,0.058947723
13,3104,0.058821693
13,3136,0.058620192
13,3168,0.05844949
13,3200,0.05869781
13,3232,0.058517765
13,3264,0.058555257
13,3296,0.058483314
13,3328,0.058538552
13,3360,0.058338065
13,3392,0.058420107
13,3424,0.058376618
13,3456,0.058511533
13,3488,0.0583024
13,3520,0.05823187
13,3552,0.05829153
13,3584,0.06165835
13,3616,0.06122018
13,3648,0.061111577
13,3680,0.06090544
13,3712,0.060578253
13,3744,0.06025497
13,3776,0.06037852
13,3808,0.06031326
13,3840,0.060108762
13,3872,0.060185794
13,3904,0.059926506
13,3936,0.059829097
13,3968,0.05985188
13,4000,0.06007935
13,4032,0.060012564
13,4064,0.059772555
13,4096,0.05960455
13,4128,0.059851937
13,4160,0.059724707
13,4192,0.059523873
13,4224,0.059283722
13,4256,0.05940844
13,4288,0.059385028
13,4320,0.059278697
13,4352,0.059558865
13,4384,0.059430547
13,4416,0.059301063
13,4448,0.059433136
13,4480,0.05939079
13,4512,0.059058324
13,4544,0.059257094
13,4576,0.059181716
13,4608,0.05806565
13,4640,0.05763428
13,4672,0.057420455
13,4704,0.057455845
13,4736,0.056968898
13,4768,0.056883942
13,4800,0.056906037
13,4832,0.05653746
13,4864,0.05658412
13,4896,0.05666138
13,4928,0.056608457
13,4960,0.056200996
13,4992,0.056183502
13,5024,0.056100965
13,5056,0.056399677
13,5088,0.056254108
13,5120,0.056160055
13,5152,0.05650863
13,5184,0.05586753
13,5216,0.05593311
13,5248,0.056110453
13,5280,0.055941273
13,5312,0.055669047
13,5344,0.05580941
13,5376,0.055915296
13,5408,0.055666663
13,5440,0.055814482
13,5472,0.055905323
13,5504,0.055649307
13,5536,0.055734847
13,5568,0.055560697
13,5600,0.055812597
13,5632,0.05882037
13,5664,0.05862335
13,5696,0.05838177
13,5728,0.0580281
13,5760,0.05810181
13,5792,0.057847116
13,5824,0.057939716
13,5856,0.057743113
13,5888,0.05757608
13,5920,0.057692908
13,5952,0.05719873
13,5984,0.05719355
13,6016,0.057475068
13,6048,0.057177223
13,6080,0.057260424
14,0,0.056999147
14,32,0.05714559
14,64,0.057004884
14,96,0.05694141
14,128,0.056655463
14,160,0.05710084
14,192,0.056956064
14,224,0.056946725
14,256,0.05690089
14,288,0.056727313
14,320,0.056873895
14,352,0.05676841
14,384,0.05684775
14,416,0.05657106
14,448,0.056554303
14,480,0.056631368
14,512,0.056757357
14,544,0.0578039
14,576,0.057671383
14,608,0.057673033
14,640,0.057349663
14,672,0.057164926
14,704,0.05705571
14,736,0.056838125
14,768,0.056780476
14,800,0.056798633
14,832,0.05662617
14,864,0.056378204
14,896,0.05639018
14,928,0.056390822
14,960,0.056339584
14,992,0.056219608
14,1024,0.05622345
14,1056,0.0561881
14,1088,0.05607544
14,1120,0.05595475
14,1152,0.0561941
14,1184,0.055923242
14,1216,0.05602767
14,1248,0.055894405
14,1280,0.055833515
14,1312,0.055784244
14,1344,0.05590336
14,1376,0.055607118
14,1408,0.055915937
14,1440,0.055665214
14,1472,0.055689394
14,1504,0.055616625
14,1536,0.055688094
14,1568,0.060818415
14,1600,0.06170662
14,1632,0.061816484
14,1664,0.06142482
14,1696,0.061215688
14,1728,0.061171886
14,1760,0.06096272
14,1792,0.060880564
14,1824,0.06094274
14,1856,0.060802612
14,1888,0.06064265
14,1920,0.060715068
14,1952,0.06051872
14,1984,0.060357843
14,2016,0.06057302
14,2048,0.060413167
14,2080,0.060410403
14,2112,0.06028577
14,2144,0.06027677
14,2176,0.060123257
14,2208,0.060100053
14,2240,0.0600673
14,2272,0.060133286
14,2304,0.060115512
14,2336,0.060323406
14,2368,0.060259335
14,2400,0.06011075
14,2432,0.059993226
14,2464,0.05985532
14,2496,0.0599909
14,2528,0.059911273
14,2560,0.059959646
14,2592,0.061401367
14,2624,0.061204273
14,2656,0.06102182
14,2688,0.060813755
14,2720,0.0605748
14,2752,0.06036947
14,2784,0.06046774
14,2816,0.060270414
14,2848,0.06034559
14,2880,0.060164202
14,2912,0.060066175
14,2944,0.059858005
14,2976,0.059817426
14,3008,0.059796948
14,3040,0.05982377
14,3072,0.059740014
14,3104,0.059690777
14,3136,0.059585903
14,3168,0.05973149
14,3200,0.05967672
14,3232,0.05954174
14,3264,0.059646502
14,3296,0.059545267
14,3328,0.059572287
14,3360,0.059423074
14,3392,0.05945296
14,3424,0.059457522
14,3456,0.05933857
14,3488,0.059461236
14,3520,0.05925864
14,3552,0.05928032
14,3584,0.059064705
14,3616,0.06064105
14,3648,0.06084793
14,3680,0.06028823
14,3712,0.060404092
14,3744,0.0601628
14,3776,0.059791178
14,3808,0.0601153
14,3840,0.05967359
14,3872,0.059397053
14,3904,0.059392318
14,3936,0.059363555
14,3968,0.059361376
14,4000,0.05936285
14,4032,0.059353504
14,4064,0.059041455
14,4096,0.059136294
14,4128,0.05911724
14,4160,0.059073213
14,4192,0.05900629
14,4224,0.058980096
14,4256,0.058957677
14,4288,0.05882798
14,4320,0.05878905
14,4352,0.058733884
14,4384,0.05907706
14,4416,0.05870983
14,4448,0.058772087
14,4480,0.058662884
14,4512,0.058735974
14,4544,0.05871762
14,4576,0.058461104
14,4608,0.05861879
14,4640,0.06032671
14,4672,0.060389303
14,4704,0.06033177
14,4736,0.060041193
14,4768,0.05998984
14,4800,0.059702847
14,4832,0.0599028
14,4864,0.059541367
14,4896,0.05961747
14,4928,0.059497852
14,4960,0.05947967
14,4992,0.05942836
14,5024,0.05924083
14,5056,0.059215955
14,5088,0.059060972
14,5120,0.059126027
14,5152,0.059252683
14,5184,0.0591337
14,5216,0.058831684
14,5248,0.058822386
14,5280,0.058870506
14,5312,0.05875816
14,5344,0.0588995
14,5376,0.05864527
14,5408,0.058734603
14,5440,0.058518097
14,5472,0.05861265
14,5504,0.058765534
14,5536,0.058454547
14,5568,0.058633324
14,5600,0.058476392
14,5632,0.05852321
14,5664,0.060714167
14,5696,0.06074965
14,5728,0.060706474
14,5760,0.060315814
14,5792,0.06028822
14,5824,0.060036108
14,5856,0.059856117
14,5888,0.05977861
14,5920,0.05949417
14,5952,0.059562344
14,5984,0.05945007
14,6016,0.059458088
14,6048,0.059554532
14,6080,0.05929529
15,0,0.059302885
15,32,0.059395164
15,64,0.0593501
15,96,0.059354648
15,128,0.059230622
15,160,0.059188448
15,192,0.05916949
15,224,0.058957815
15,256,0.059249196
15,288,0.059127763
15,320,0.05905768
15,352,0.058933757
15,384,0.058934275
15,416,0.058887333
15,448,0.05877799
15,480,0.058692392
15,512,0.058830235
15,544,0.058706988
15,576,0.057327937
15,608,0.0558549
15,640,0.055651397
15,672,0.055379182
15,704,0.05514765
15,736,0.05498735
15,768,0.054850053
15,800,0.05471213
15,832,0.054692622
15,864,0.054469798
15,896,0.054656576
15,928,0.054427344
15,960,0.054518834
15,992,0.054385956
15,1024,0.054460794
15,1056,0.05429692
15,1088,0.054202914
15,1120,0.05417733
15,1152,0.05414108
15,1184,0.05406898
15,1216,0.05398725
15,1248,0.054044858
15,1280,0.053901296
15,1312,0.053995173
15,1344,0.05403981
15,1376,0.05393825
15,1408,0.05368054
15,1440,0.053956777
15,1472,0.05369227
15,1504,0.053809162
15,1536,0.053794958
15,1568,0.053675026
15,1600,0.059596404
15,1632,0.06449403
15,1664,0.064015865
15,1696,0.06375688
15,1728,0.0636172
15,1760,0.06354028
15,1792,0.06335415
15,1824,0.06322818
15,1856,0.06325131
15,1888,0.06313945
15,1920,0.06289456
15,1952,0.06302932
15,1984,0.06276535
15,2016,0.06263172
15,2048,0.062685095
15,2080,0.062577575
15,2112,0.062398165
15,2144,0.06261549
15,2176,0.06258927
15,2208,0.062497403
15,2240,0.062504254
15,2272,0.062388275
15,2304,0.06247426
15,2336,0.062305354
15,2368,0.06233441
15,2400,0.062202994
15,2432,0.06208648
15,2464,0.062123463
15,2496,0.062231183
15,2528,0.061968412
15,2560,0.06212306
15,2592,0.062171184
15,2624,0.06273268
15,2656,0.06317577
15,2688,0.063056655
15,2720,0.06271149
15,2752,0.062475756
15,2784,0.06245821
15,2816,0.06241868
15,2848,0.062270965
15,2880,0.062237628
15,2912,0.06222173
15,2944,0.061896384
15,2976,0.061886303
15,3008,0.061886214
15,3040,0.06152928
15,3072,0.061857987
15,3104,0.061732076
15,3136,0.061632615
15,3168,0.061551303
15,3200,0.06149357
15,3232,0.061626613
15,3264,0.06157758
15,3296,0.061151013
15,3328,0.06121789
15,3360,0.061433293
15,3392,0.06111654
15,3424,0.06126958
15,3456,0.061109766
15,3488,0.06130616
15,3520,0.061187323
15,3552,0.06110712
15,3584,0.061039843
15,3616,0.0611913
15,3648,0.062072646
15,3680,0.06246351
15,3712,0.06208318
15,3744,0.061997067
15,3776,0.06178418
15,3808,0.061526477
15,3840,0.061654434
15,3872,0.061362937
15,3904,0.061344177
15,3936,0.061206896
15,3968,0.061459582
15,4000,0.061140485
15,4032,0.060960483
15,4064,0.0612629
15,4096,0.06112399
15,4128,0.061190426
15,4160,0.060677737
15,4192,0.060671914
15,4224,0.060678322
15,4256,0.060835555
15,4288,0.060736526
15,4320,0.060745675
15,4352,0.06068926
15,4384,0.060668588
15,4416,0.060469225
15,4448,0.06077829
15,4480,0.060503278
15,4512,0.060587566
15,4544,0.06030408
15,4576,0.060379494
15,4608,0.060331993
15,4640,0.060269076
15,4672,0.05964621
15,4704,0.05877816
15,4736,0.058459345
15,4768,0.05809968
15,4800,0.05815996
15,4832,0.057935253
15,4864,0.05776768
15,4896,0.057756655
15,4928,0.05749007
15,4960,0.057512194
15,4992,0.057322863
15,5024,0.057528224
15,5056,0.057173222
15,5088,0.057168998
15,5120,0.057192422
15,5152,0.05704815
15,5184,0.057185043
15,5216,0.057074107
15,5248,0.05701686
15,5280,0.057068024
15,5312,0.05674573
15,5344,0.056937255
15,5376,0.056813296
15,5408,0.056624282
15,5440,0.05703428
15,5472,0.056677416
15,5504,0.056682695
15,5536,0.056685414
15,5568,0.056722794
15,5600,0.056644354
15,5632,0.0567339
15,5664,0.05664005
15,5696,0.056346912
15,5728,0.055775248
15,5760,0.055601366
15,5792,0.05548969
15,5824,0.055388093
15,5856,0.05509126
15,5888,0.05513244
15,5920,0.05492546
15,5952,0.05492906
15,5984,0.0545141
15,6016,0.05469353
15,6048,0.054457247
15,6080,0.05458589
16,0,0.054401804
16,32,0.054300126
16,64,0.05459677
16,96,0.054629654
16,128,0.054180592
16,160,0.05418888
16,192,0.054193072
16,224,0.054420568
16,256,0.054138847
16,288,0.054256275
16,320,0.05406856
16,352,0.05387736
16,384,0.054060947
16,416,0.05400058
16,448,0.05383425
16,480,0.05413694
16,512,0.053961985
16,544,0.053757273
16,576,0.054027263
16,608,0.05457667
16,640,0.056280576
16,672,0.056087054
16,704,0.055840492
16,736,0.05571311
16,768,0.05554332
16,800,0.05540358
16,832,0.05559551
16,864,0.05542931
16,896,0.055171415
16,928,0.055059385
16,960,0.055207893
16,992,0.055050053
16,1024,0.05484787
16,1056,0.055013474
16,1088,0.054908704
16,1120,0.055076547
16,1152,0.054907046
16,1184,0.054779664
16,1216,0.054838307
16,1248,0.05469139
16,1280,0.05462088
16,1312,0.054829538
16,1344,0.054628965
16,1376,0.054487027
16,1408,0.054668207
16,1440,0.054449424
16,1472,0.054280113
16,1504,0.054203082
16,1536,0.05436305
16,1568,0.0542692
16,1600,0.054334775
16,1632,0.056931913
16,1664,0.06328162
16,1696,0.06306698
16,1728,0.0627488
16,1760,0.06254842
16,1792,0.062335297
16,1824,0.062354628
16,1856,0.06211271
16,1888,0.062404893
16,1920,0.06186956
16,1952,0.06211221
16,1984,0.061870154
16,2016,0.061890945
16,2048,0.062030092
16,2080,0.06174357
16,2112,0.061734688
16,2144,0.0615952
16,2176,0.061413947
16,2208,0.061425954
16,2240,0.061292574
16,2272,0.061369285
16,2304,0.061141953
16,2336,0.061163865
16,2368,0.061439488
16,2400,0.061163105
16,2432,0.061072048
16,2464,0.06130002
16,2496,0.061302602
16,2528,0.061287
16,2560,0.061264515
16,2592,0.061105955
16,2624,0.06117597
16,2656,0.06147353
16,2688,0.061682135
16,2720,0.06159986
16,2752,0.061410535
16,2784,0.061350614
16,2816,0.06117401
16,2848,0.06098897
16,2880,0.060782455
16,2912,0.060869012
16,2944,0.06064962
16,2976,0.06052953
16,3008,0.060429998
16,3040,0.06040138
16,3072,0.060236417
16,3104,0.060341
16,3136,0.06021098
16,3168,0.060158968
16,3200,0.06007567
16,3232,0.060070015
16,3264,0.060004357
16,3296,0.060053464
16,3328,0.05986003
16,3360,0.05990814
16,3392,0.059860922
16,3424,0.059674893
16,3456,0.059705302
16,3488,0.0597191
16,3520,0.05989568
16,3552,0.05975104
16,3584,0.059737373
16,3616,0.05976479
16,3648,0.059633706
16,3680,0.059477326
16,3712,0.05873423
16,3744,0.05857
16,3776,0.058373705
16,3808,0.05821875
16,3840,0.058083244
16,3872,0.057761636
16,3904,0.057811797
16,3936,0.057779085
16,3968,0.057729263
16,4000,0.057431135
16,4032,0.057362977
16,4064,0.057491116
16,4096,0.05723083
16,4128,0.057393167
16,4160,0.05706905
16,4192,0.057308886
16,4224,0.05708724
16,4256,0.057066735
16,4288,0.05681501
16,4320,0.05694569
16,4352,0.056809407
16,4384,0.05688282
16,4416,0.056628026
16,4448,0.05697068
16,4480,0.056794874
16,4512,0.056600075
16,4544,0.056697156
16,4576,0.056846358
16,4608,0.056636896
16,4640,0.05671572
16,4672,0.056643493
16,4704,0.05769071
16,4736,0.06032511
16,4768,0.060080417
16,4800,0.059772264
16,4832,0.05942946
16,4864,0.059481665
16,4896,0.059442382
16,4928,0.05921164
16,4960,0.05906902
16,4992,0.05894894
16,5024,0.058895275
16,5056,0.05899868
16,5088,0.058749847
16,5120,0.05896777
16,5152,0.058748093
16,5184,0.058821905
16,5216,0.05876476
16,5248,0.05872335
16,5280,0.058612995
16,5312,0.05861879
16,5344,0.05841076
16,5376,0.058392525
16,5408,0.058233034
16,5440,0.05838177
16,5472,0.05838364
16,5504,0.058323663
16,5536,0.058183163
16,5568,0.058273777
16,5600,0.0583245
16,5632,0.058449876
16,5664,0.058210798
16,5696,0.058055535
16,5728,0.057633225
16,5760,0.055308532
16,5792,0.055086978
16,5824,0.05482908
16,5856,0.054648947
16,5888,0.05436217
16,5920,0.05444958
16,5952,0.05436937
16,5984,0.054236133
16,6016,0.054101247
16,6048,0.053938955
16,6080,0.05403921
17,0,0.053876806
17,32,0.053812474
17,64,0.05377987
17,96,0.05385569
17,128,0.053904284
17,160,0.053736087
17,192,0.053688057
17,224,0.05362924
17,256,0.05361061
17,288,0.053524643
17,320,0.053389095
17,352,0.053615116
17,384,0.05344479
17,416,0.053540587
17,448,0.05342616
17,480,0.053358365
17,512,0.053378973
17,544,0.05334029
17,576,0.05335256
17,608,0.05324802
17,640,0.053264987
17,672,0.06043252
17,704,0.060001496
17,736,0.059755173
17,768,0.05956423
17,800,0.05956035
17,832,0.05942124
17,864,0.059202805
17,896,0.05900444
17,928,0.058938853
17,960,0.05896894
17,992,0.058805853
17,1024,0.058820702
17,1056,0.058743495
17,1088,0.058962274
17,1120,0.05880366
17,1152,0.058664754
17,1184,0.05850018
17,1216,0.058377996
17,1248,0.058431786
17,1280,0.05868712
17,1312,0.05834797
17,1344,0.058282208
17,1376,0.058307458
17,1408,0.058140088
17,1440,0.05849962
17,1472,0.058056045
17,1504,0.058158956
17,1536,0.05830031
17,1568,0.058290515
17,1600,0.05817107
17,1632,0.05806359
17,1664,0.058302745
17,1696,0.06250828
17,1728,0.062452402
17,1760,0.06208727
17,1792,0.061994392
17,1824,0.06170996
17,1856,0.061705492
17,1888,0.06156303
17,1920,0.061620187
17,1952,0.061343428
17,1984,0.061297793
17,2016,0.06140674
17,2048,0.06139085
17,2080,0.060994152
17,2112,0.06095754
17,2144,0.060929507
17,2176,0.06095431
17,2208,0.06068847
17,2240,0.060751695
17,2272,0.060801454
17,2304,0.060939364
17,2336,0.06074636
17,2368,0.06079933
17,2400,0.06072655
17,2432,0.060565963
17,2464,0.060759835
17,2496,0.060370676
17,2528,0.060567997
17,2560,0.060566153
17,2592,0.06035289
17,2624,0.060372766
17,2656,0.06047099
17,2688,0.06064613
17,2720,0.0653262
17,2752,0.06489733
17,2784,0.064820595
17,2816,0.06459104
17,2848,0.06454738
17,2880,0.06423295
17,2912,0.06421646
17,2944,0.06399028
17,2976,0.0641818
17,3008,0.063972555
17,3040,0.06397383
17,3072,0.06390408
17,3104,0.06371318
17,3136,0.063644536
17,3168,0.063505426
17,3200,0.063616894
17,3232,0.063344896
17,3264,0.0634296
17,3296,0.06356062
17,3328,0.06326818
17,3360,0.06327698
17,3392,0.06312816
17,3424,0.063211724
17,3456,0.06335725
17,3488,0.063118935
17,3520,0.063064
17,3552,0.06317724
17,3584,0.062910624
17,3616,0.0630348
17,3648,0.06293862
17,3680,0.06295424
17,3712,0.06297688
17,3744,0.061019
17,3776,0.06067746
17,3808,0.060239915
17,3840,0.060181923
17,3872,0.060050733
17,3904,0.05986216
17,3936,0.059816442
17,3968,0.05956521
17,4000,0.05945823
17,4032,0.059450343
17,4064,0.0593921
17,4096,0.059327517
17,4128,0.05935758
17,4160,0.059221484
17,4192,0.05922159
17,4224,0.059015088
17,4256,0.05893671
17,4288,0.05910063
17,4320,0.059058167
17,4352,0.058819026
17,4384,0.05898044
17,4416,0.058762204
17,4448,0.058861103
17,4480,0.058620628
17,4512,0.05887749
17,4544,0.05859874
17,4576,0.058616415
17,4608,0.058743764
17,4640,0.058786172
17,4672,0.05860603
17,4704,0.058635283
17,4736,0.05852492
17,4768,0.055579383
17,4800,0.055166118
17,4832,0.054996483
17,4864,0.05469418
17,4896,0.05457987
17,4928,0.054371454
17,4960,0.05432061
17,4992,0.054280993
17,5024,0.05426676
17,5056,0.054216165
17,5088,0.054066446
17,5120,0.054053344
17,5152,0.053883824
17,5184,0.05379208
17,5216,0.05374533
17,5248,0.053702176
17,5280,0.053743716
17,5312,0.05361235
17,5344,0.053552255
17,5376,0.05352467
17,5408,0.05341774
17,5440,0.05343892
17,5472,0.05358474
17,5504,0.053414244
17,5536,0.05358355
17,5568,0.05340166
17,5600,0.053570714
17,5632,0.053202692
17,5664,0.053438444
17,5696,0.053240508
17,5728,0.053206287
17,5760,0.053356126
17,5792,0.0580158
17,5824,0.05775768
17,5856,0.057572052
17,5888,0.057358265
17,5920,0.057292543
17,5952,0.05706217
17,5984,0.057056442
17,6016,0.05681937
17,6048,0.05689034
17,6080,0.056671523
18,0,0.05669263
18,32,0.056692563
18,64,0.056589454
18,96,0.056513183
18,128,0.056439143
18,160,0.056372628
18,192,0.05639357
18,224,0.05630977
18,256,0.056251284
18,288,0.056328382
18,320,0.056243125
18,352,0.056372438
18,384,0.05630441
18,416,0.056231324
18,448,0.056259684
18,480,0.055986155
18,512,0.05598235
18,544,0.056225598
18,576,0.055975147
18,608,0.05610386
18,640,0.055985685
18,672,0.05606977
18,704,0.058982354
18,736,0.05966996
18,768,0.059332903
18,800,0.059087615
18,832,0.059018247
18,864,0.05894896
18,896,0.058866087
18,928,0.058691554
18,960,0.058467623
18,992,0.05853408
18,1024,0.058383122
18,1056,0.0584202
18,1088,0.058386125
18,1120,0.058413178
18,1152,0.058157016
18,1184,0.05820247
18,1216,0.05824397
18,1248,0.057926107
18,1280,0.05805199
18,1312,0.058006305
18,1344,0.058095757
18,1376,0.05812097
18,1408,0.057873815
18,1440,0.05796436
18,1472,0.057822146
18,1504,0.0579705
18,1536,0.057928294
18,1568,0.057777323
18,1600,0.0578622
18,1632,0.05793123
18,1664,0.05787403
18,1696,0.05766695
18,1728,0.05930596
18,1760,0.0596756
18,1792,0.059237443
18,1824,0.059375692
18,1856,0.058937605
18,1888,0.05880614
18,1920,0.05887686
18,1952,0.05880479
18,1984,0.058734484
18,2016,0.0586625
18,2048,0.05859752
18,2080,0.058513336
18,2112,0.0583427
18,2144,0.058363054
18,2176,0.058282748
18,2208,0.05827285
18,2240,0.058174975
18,2272,0.05809109
18,2304,0.05809419
18,2336,0.057937853
18,2368,0.057955988
18,2400,0.057955872
18,2432,0.057986006
18,2464,0.057840496
18,2496,0.057723872
18,2528,0.057932016
18,2560,0.05787418
18,2592,0.05781453
18,2624,0.057740428
18,2656,0.057823975
18,2688,0.057631068
18,2720,0.057718668
18,2752,0.05815003
18,2784,0.058154456
18,2816,0.057704926
18,2848,0.057428602
18,2880,0.05742797
18,2912,0.05747042
18,2944,0.057444803
18,2976,0.057132494
18,3008,0.057173114
18,3040,0.056914914
18,3072,0.057032675
18,3104,0.05682373
18,3136,0.0568467
18,3168,0.05693803
18,3200,0.05657988
18,3232,0.056550313
18,3264,0.056832526
18,3296,0.056453113
18,3328,0.05651415
18,3360,0.056550276
18,3392,0.056381978
18,3424,0.056286525
18,3456,0.056424316
18,3488,0.056433447
18,3520,0.056323487
18,3552,0.05636604
18,3584,0.056283467
18,3616,0.056254987
18,3648,0.056179114
18,3680,0.05611169
18,3712,0.056088146
18,3744,0.056100145
18,3776,0.057951804
18,3808,0.058153458
18,3840,0.057957612
18,3872,0.057961114
18,3904,0.057847634
18,3936,0.057441708
18,3968,0.057643242
18,4000,0.057531822
18,4032,0.05753221
18,4064,0.057442423
18,4096,0.057392348
18,4128,0.057303
18,4160,0.057160962
18,4192,0.05716357
18,4224,0.057078682
18,4256,0.057016745
18,4288,0.056730896
18,4320,0.056698944
18,4352,0.056773428
18,4384,0.056734916
18,4416,0.056806482
18,4448,0.05670738
18,4480,0.05660754
18,4512,0.056496527
18,4544,0.05659351
18,4576,0.056521785
18,4608,0.05669094
18,4640,0.056529272
18,4672,0.056537814
18,4704,0.05648488
18,4736,0.056504082
18,4768,0.056470223
18,4800,0.05999222
18,4832,0.06053325
18,4864,0.060296156
18,4896,0.060181353
18,4928,0.060003918
18,4960,0.05966373
18,4992,0.0597213
18,5024,0.05942807
18,5056,0.059543833
18,5088,0.05943185
18,5120,0.059518304
18,5152,0.059322078
18,5184,0.059387103
18,5216,0.058921706
18,5248,0.05908258
18,5280,0.05914802
18,5312,0.0588104
18,5344,0.058978066
18,5376,0.058982927
18,5408,0.058770884
18,5440,0.058886867
18,5472,0.058618035
18,5504,0.058864534
18,5536,0.058472164
18,5568,0.058619667
18,5600,0.058522686
18,5632,0.058608223
18,5664,0.058604434
18,5696,0.058628734
18,5728,0.058547445
18,5760,0.058548443
18,5792,0.058513846
18,5824,0.060570024
18,5856,0.06066212
18,5888,0.060513254
18,5920,0.060312
18,5952,0.060080886
18,5984,0.059776682
18,6016,0.06001606
18,6048,0.05977491
18,6080,0.059711922
19,0,0.059757814
19,32,0.05973095
19,64,0.05963028
19,96,0.0594373
19,128,0.059273854
19,160,0.059397563
19,192,0.05940577
19,224,0.059111692
19,256,0.05933308
19,288,0.059190772
19,320,0.059248466
19,352,0.059069827
19,384,0.058933925
19,416,0.059004903
19,448,0.058901887
19,480,0.059008826
19,512,0.058804125
19,544,0.058807775
19,576,0.05867447
19,608,0.058906954
19,640,0.05878999
19,672,0.0588477
19,704,0.05850989
19,736,0.058775846
19,768,0.05904506
19,800,0.058662724
19,832,0.05838152
19,864,0.058320597
19,896,0.05813802
19,928,0.05808591
19,960,0.057900123
19,992,0.057925925
19,1024,0.057682946
19,1056,0.057553884
19,1088,0.057512455
19,1120,0.057492238
19,1152,0.05730956
19,1184,0.057490066
19,1216,0.057444226
19,1248,0.057428714
19,1280,0.05736342
19,1312,0.057288438
19,1344,0.05736767
19,1376,0.057343755
19,1408,0.05685634
19,1440,0.057044566
19,1472,0.057009604
19,1504,0.057144158
19,1536,0.056983564
19,1568,0.05701279
19,1600,0.057106677
19,1632,0.056867674
19,1664,0.05703338
19,1696,0.05699256
19,1728,0.05703669
19,1760,0.057760797
19,1792,0.058524944
19,1824,0.058167968
19,1856,0.058209896
19,1888,0.058041114
19,1920,0.057879146
19,1952,0.05780686
19,1984,0.057678096
19,2016,0.0575684
19,2048,0.05776581
19,2080,0.05736924
19,2112,0.057341184
19,2144,0.057324752
19,2176,0.057214435
19,2208,0.057030547
19,2240,0.057006165
19,2272,0.05718589
19,2304,0.0570451
19,2336,0.05706951
19,2368,0.056866005
19,2400,0.057199296
19,2432,0.056952193
19,2464,0.056892205
19,2496,0.056966364
19,2528,0.056780607
19,2560,0.05683332
19,2592,0.05671707
19,2624,0.05661974
19,2656,0.0567629
19,2688,0.05662434
19,2720,0.056775976
19,2752,0.056493912
19,2784,0.057758808
19,2816,0.05827925
19,2848,0.05842038
19,2880,0.05801272
19,2912,0.057914656
19,2944,0.057770584
19,2976,0.057547543
19,3008,0.057657436
19,3040,0.057446882
19,3072,0.05742342
19,3104,0.057325177
19,3136,0.057255145
19,3168,0.05726958
19,3200,0.057139505
19,3232,0.057194892
19,3264,0.05712182
19,3296,0.057016697
19,3328,0.056998115
19,3360,0.057030577
19,3392,0.05690512
19,3424,0.056627814
19,3456,0.05686281
19,3488,0.05692661
19,3520,0.05690868
19,3552,0.056884546
19,3584,0.05648257
19,3616,0.05680543
19,3648,0.056705803
19,3680,0.056652162
19,3712,0.056781247
19,3744,0.056635413
19,3776,0.05665704
19,3808,0.05760685
19,3840,0.058646735
19,3872,0.05840334
19,3904,0.058161315
19,3936,0.05805051
19,3968,0.057841234
19,4000,0.05776949
19,4032,0.057561632
19,4064,0.057419132
19,4096,0.057436664
19,4128,0.057282157
19,4160,0.057558503
19,4192,0.05723279
19,4224,0.05722897
19,4256,0.05710532
19,4288,0.057277106
19,4320,0.057125993
19,4352,0.056961652
19,4384,0.057085913
19,4416,0.05692737
19,4448,0.057048097
19,4480,0.056916647
19,4512,0.056909233
19,4544,0.056891162
19,4576,0.05669833
19,4608,0.056743886
19,4640,0.05666969
19,4672,0.05666026
19,4704,0.05667781
19,4736,0.05685381
19,4768,0.056643497
19,4800,0.056596052
19,4832,0.058761872
19,4864,0.060383264
19,4896,0.060232434
19,4928,0.059934128
19,4960,0.05965857
19,4992,0.059713237
19,5024,0.059319437
19,5056,0.059458837
19,5088,0.059378628
19,5120,0.059434216
19,5152,0.059050065
19,5184,0.059324127
19,5216,0.059051394
19,5248,0.058995046
19,5280,0.05895969
19,5312,0.058915384
19,5344,0.058816906
19,5376,0.058741815
19,5408,0.058765624
19,5440,0.05870765
19,5472,0.05878294
19,5504,0.058712423
19,5536,0.058744274
19,5568,0.058568027
19,5600,0.058651038
19,5632,0.058631614
19,5664,0.05859506
19,5696,0.05855062
19,5728,0.05860926
19,5760,0.058433812
19,5792,0.05844673
19,5824,0.058258202
19,5856,0.059226926
19,5888,0.05991055
19,5920,0.059746113
19,5952,0.059385587
19,5984,0.059462972
19,6016,0.059071414
19,6048,0.059165627
19,6080,0.059167948
20,0,0.05890729
20,32,0.058787793
20,64,0.05867119
20,96,0.05876592
20,128,0.058439646
20,160,0.058643922
20,192,0.058412384
20,224,0.05844902
20,256,0.05844066
20,288,0.058431797
20,320,0.05822979
20,352,0.058225557
20,384,0.05816235
20,416,0.058094133
20,448,0.058272228
20,480,0.05816344
20,512,0.0582593
20,544,0.058052253
20,576,0.05794034
20,608,0.0578783
20,640,0.05782549
20,672,0.0579616
20,704,0.057914186
20,736,0.057781767
20,768,0.059033602
20,800,0.06102226
20,832,0.06073788
20,864,0.060543094
20,896,0.060664136
20,928,0.060360886
20,960,0.060394075
20,992,0.060061324
20,1024,0.06007097
20,1056,0.060005717
20,1088,0.05998458
20,1120,0.059978414
20,1152,0.059891723
20,1184,0.05999507
20,1216,0.05987197
20,1248,0.0596494
20,1280,0.059770547
20,1312,0.05975113
20,1344,0.059630867
20,1376,0.059552617
20,1408,0.059466448
20,1440,0.059709836
20,1472,0.05957821
20,1504,0.059534602
20,1536,0.059490677
20,1568,0.059277233
20,1600,0.05924986
20,1632,0.059339482
20,1664,0.059255693
20,1696,0.059169836
20,1728,0.05920883
20,1760,0.059200887
20,1792,0.059197716
20,1824,0.05834604
20,1856,0.05811902
20,1888,0.057982765
20,1920,0.05783567
20,1952,0.05757775
20,1984,0.05742979
20,2016,0.057569418
20,2048,0.05722891
20,2080,0.057396777
20,2112,0.05720128
20,2144,0.057181705
20,2176,0.05710256
20,2208,0.057069413
20,2240,0.057109274
20,2272,0.05696151
20,2304,0.05693468
20,2336,0.057045415
20,2368,0.056853402
20,2400,0.05692047
20,2432,0.056802608
20,2464,0.056871623
20,2496,0.056721747
20,2528,0.056732137
20,2560,0.056513365
20,2592,0.056533184
20,2624,0.056554813
20,2656,0.056518264
20,2688,0.056365278
20,2720,0.05654711
20,2752,0.05665993
20,2784,0.05651083
20,2816,0.056972563
20,2848,0.05785676
20,2880,0.057977
20,2912,0.057695415
20,2944,0.057763193
20,2976,0.057560902
20,3008,0.05751511
20,3040,0.05733747
20,3072,0.05731637
20,3104,0.057107378
20,3136,0.056930665
20,3168,0.056951474
20,3200,0.056711365
20,3232,0.05685047
20,3264,0.05677126
20,3296,0.05674651
20,3328,0.05660867
20,3360,0.05647912
20,3392,0.056564048
20,3424,0.05642946
20,3456,0.056468226
20,3488,0.056525152
20,3520,0.056400504
20,3552,0.05649832
20,3584,0.056401674
20,3616,0.05643622
20,3648,0.05620722
20,3680,0.056397185
20,3712,0.056123868
20,3744,0.056211382
20,3776,0.056163874
20,3808,0.056224618
20,3840,0.05806152
20,3872,0.06268393
20,3904,0.062005147
20,3936,0.06190295
20,3968,0.06194894
20,4000,0.061830707
20,4032,0.06170064
20,4064,0.06168891
20,4096,0.06124858
20,4128,0.06164143
20,4160,0.06130888
20,4192,0.061166376
20,4224,0.061036203
20,4256,0.061190613
20,4288,0.061065923
20,4320,0.061152264
20,4352,0.06099322
20,4384,0.06087299
20,4416,0.060765706
20,4448,0.06088122
20,4480,0.060499717
20,4512,0.06070623
20,4544,0.060784757
20,4576,0.060943566
20,4608,0.060616028
20,4640,0.060722146
20,4672,0.06055814
20,4704,0.06043956
20,4736,0.060735974
20,4768,0.060412828
20,4800,0.060595557
20,4832,0.06024222
20,4864,0.060841188
20,4896,0.06164513
20,4928,0.061302353
20,4960,0.061061036
20,4992,0.061336167
20,5024,0.061166875
20,5056,0.060785867
20,5088,0.06083924
20,5120,0.060706187
20,5152,0.06061486
20,5184,0.06059131
20,5216,0.06043758
20,5248,0.06035699
20,5280,0.06037256
20,5312,0.06026501
20,5344,0.060136173
20,5376,0.06024028
20,5408,0.060193762
20,5440,0.060115006
20,5472,0.0599973
20,5504,0.060108535
20,5536,0.06005223
20,5568,0.060059313
20,5600,0.059711654
20,5632,0.05977307
20,5664,0.059704054
20,5696,0.059785217
20,5728,0.059893724
20,5760,0.059649162
20,5792,0.05971659
20,5824,0.059754223
20,5856,0.05972936
20,5888,0.05932305
20,5920,0.05826117
20,5952,0.05779647
20,5984,0.05792555
20,6016,0.05752001
20,6048,0.057432584
20,6080,0.05746358
21,0,0.057314333
21,32,0.057268865
21,64,0.057210553
21,96,0.057036355
21,128,0.05703893
21,160,0.057066273
21,192,0.056925964
21,224,0.056840453
21,256,0.05682815
21,288,0.056870025
21,320,0.056697972
21,352,0.05651177
21,384,0.056593705
21,416,0.056644026
21,448,0.056469508
21,480,0.05653637
21,512,0.0565926
21,544,0.056567345
21,576,0.056472022
21,608,0.05626582
21,640,0.056435358
21,672,0.05630644
21,704,0.0566087
21,736,0.056341536
21,768,0.056326605
21,800,0.05656181
21,832,0.061501306
21,864,0.061260972
21,896,0.06114829
21,928,0.061146483
21,960,0.060795967
21,992,0.06078209
21,1024,0.06068516
21,1056,0.06046683
21,1088,0.060484916
21,1120,0.060447864
21,1152,0.060609244
21,1184,0.06018184
21,1216,0.060439352
21,1248,0.060201477
21,1280,0.060192686
21,1312,0.060057547
21,1344,0.060042344
21,1376,0.059956715
21,1408,0.059948664
21,1440,0.060002763
21,1472,0.06001719
21,1504,0.059908725
21,1536,0.059707034
21,1568,0.05970981
21,1600,0.059494242
21,1632,0.05987776
21,1664,0.059879147
21,1696,0.05957124
21,1728,0.05962778
21,1760,0.05944442
21,1792,0.059562556
21,1824,0.05960651
21,1856,0.06232262
21,1888,0.061897796
21,1920,0.061657306
21,1952,0.06163128
21,1984,0.061524916
21,2016,0.061276935
21,2048,0.06126479
21,2080,0.061306972
21,2112,0.061076116
21,2144,0.060946107
21,2176,0.060912482
21,2208,0.060835402
21,2240,0.06081907
21,2272,0.06095555
21,2304,0.06082694
21,2336,0.060584843
21,2368,0.06065804
21,2400,0.060751345
21,2432,0.06046559
21,2464,0.060527958
21,2496,0.060538355
21,2528,0.060396597
21,2560,0.060228165
21,2592,0.060389448
21,2624,0.060435995
21,2656,0.0604371
21,2688,0.060288034
21,2720,0.060406152
21,2752,0.06034208
21,2784,0.060194787
21,2816,0.060222086
21,2848,0.059932604
21,2880,0.05534982
21,2912,0.05534418
21,2944,0.05489369
21,2976,0.05484094
21,3008,0.054654222
21,3040,0.054462034
21,3072,0.054440472
21,3104,0.054456275
21,3136,0.05433701
21,3168,0.054296877
21,3200,0.054199547
21,3232,0.05403336
21,3264,0.05397476
21,3296,0.05399401
21,3328,0.05383633
21,3360,0.05390853
21,3392,0.054068804
21,3424,0.05376456
21,3456,0.053718638
21,3488,0.05384948
21,3520,0.053753734
21,3552,0.053712014
21,3584,0.053662565
21,3616,0.05391646
21,3648,0.053317837
21,3680,0.05362435
21,3712,0.053631622
21,3744,0.05345591
21,3776,0.053558346
21,3808,0.053362317
21,3840,0.053481348
21,3872,0.05361023
21,3904,0.058163766
21,3936,0.057855923
21,3968,0.058017142
21,4000,0.057651024
21,4032,0.05767898
21,4064,0.057448536
21,4096,0.057069752
21,4128,0.057167456
21,4160,0.05720024
21,4192,0.05708259
21,4224,0.057046466
21,4256,0.05702092
21,4288,0.056784727
21,4320,0.05670233
21,4352,0.057110935
21,4384,0.056928422
21,4416,0.056759696
21,4448,0.05682702
21,4480,0.05666495
21,4512,0.056732263
21,4544,0.056714203
21,4576,0.056663506
21,4608,0.05657272
21,4640,0.056646578
21,4672,0.05645687
21,4704,0.05662082
21,4736,0.056654032
21,4768,0.056499265
21,4800,0.05625717
21,4832,0.056394614
21,4864,0.05640711
21,4896,0.056482762
21,4928,0.060648695
21,4960,0.06026389
21,4992,0.060055226
21,5024,0.059794042
21,5056,0.059783027
21,5088,0.05959624
21,5120,0.059757374
21,5152,0.059571426
21,5184,0.059315003
21,5216,0.05913665
21,5248,0.05926434
21,5280,0.05927749
21,5312,0.05926243
21,5344,0.059234537
21,5376,0.059218008
21,5408,0.059159428
21,5440,0.059045237
21,5472,0.059031185
21,5504,0.05924163
21,5536,0.058968253
21,5568,0.058894448
21,5600,0.05896754
21,5632,0.058759615
21,5664,0.05885351
21,5696,0.058979776
21,5728,0.058862623
21,5760,0.058689676
21,5792,0.058682237
21,5824,0.058462933
21,5856,0.058669128
21,5888,0.058638237
21,5920,0.05877154
21,5952,0.05968172
21,5984,0.059386484
21,6016,0.05926504
21,6048,0.059083648
21,6080,0.059067473
22,0,0.058512468
22,32,0.058781315
22,64,0.05868845
22,96,0.05847142
22,128,0.058532685
22,160,0.058134526
22,192,0.058476847
22,224,0.05825692
22,256,0.05804329
22,288,0.05833749
22,320,0.058377847
22,352,0.05795229
22,384,0.058116067
22,416,0.057922803
22,448,0.0579427
22,480,0.05785798
22,512,0.058007564
22,544,0.057931263
22,576,0.05789226
22,608,0.05783866
22,640,0.05787881
22,672,0.057786435
22,704,0.05768039
22,736,0.0576748
22,768,0.05774791
22,800,0.057689264
22,832,0.057723008
22,864,0.060283665
22,896,0.061116487
22,928,0.060746256
22,960,0.060535926
22,992,0.060562357
22,1024,0.06036861
22,1056,0.0599327
22,1088,0.060207568
22,1120,0.060143545
22,1152,0.06004122
22,1184,0.06000999
22,1216,0.05971692
22,1248,0.059733987
22,1280,0.060027074
22,1312,0.059673756
22,1344,0.05974891
22,1376,0.05961686
22,1408,0.05957012
22,1440,0.059566442
22,1472,0.05968696
22,1504,0.059253704
22,1536,0.0594988
22,1568,0.05916391
22,1600,0.0593499
22,1632,0.059373245
22,1664,0.059257682
22,1696,0.05933702
22,1728,0.059327327
22,1760,0.059472274
22,1792,0.059334215
22,1824,0.05925991
22,1856,0.05930221
22,1888,0.059516605
22,1920,0.05943773
22,1952,0.059350688
22,1984,0.059146594
22,2016,0.058944393
22,2048,0.058816437
22,2080,0.058902916
22,2112,0.05868003
22,2144,0.05850828
22,2176,0.058545746
22,2208,0.058461893
22,2240,0.058519714
22,2272,0.05843881
22,2304,0.058300752
22,2336,0.058146577
22,2368,0.05819327
22,2400,0.057904713
22,2432,0.05812834
22,2464,0.058102217
22,2496,0.05797073
22,2528,0.057879806
22,2560,0.058057986
22,2592,0.05777254
22,2624,0.057969827
22,2656,0.057887793
22,2688,0.057906773
22,2720,0.057731412
22,2752,0.057734706
22,2784,0.057825036
22,2816,0.05778875
22,2848,0.057590615
22,2880,0.05759065
22,2912,0.059463497
22,2944,0.05965807
22,2976,0.059534565
22,3008,0.059340745
22,3040,0.0592852
22,3072,0.059067205
22,3104,0.05905832
22,3136,0.05901265
22,3168,0.059129853
22,3200,0.059024304
22,3232,0.05903527
22,3264,0.058811903
22,3296,0.058601085
22,3328,0.058683597
22,3360,0.058419593
22,3392,0.05857063
22,3424,0.058455285
22,3456,0.058444597
22,3488,0.058571078
22,3520,0.058309913
22,3552,0.058317654
22,3584,0.05853378
22,3616,0.058342546
22,3648,0.058250066
22,3680,0.05824909
22,3712,0.058245648
22,3744,0.058103323
22,3776,0.058180556
22,3808,0.05800797
22,3840,0.058127787
22,3872,0.057858914
22,3904,0.058094803
22,3936,0.0630235
22,3968,0.0643596
22,4000,0.06416782
22,4032,0.06378908
22,4064,0.06363663
22,4096,0.06375471
22,4128,0.06346797
22,4160,0.06322345
22,4192,0.063351914
22,4224,0.06330699
22,4256,0.06313749
22,4288,0.06315718
22,4320,0.06316202
22,4352,0.063123785
22,4384,0.06291069
22,4416,0.063115396
22,4448,0.06274999
22,4480,0.062779956
22,4512,0.0626523
22,4544,0.062742725
22,4576,0.06287679
22,4608,0.06248832
22,4640,0.0626667
22,4672,0.062438123
22,4704,0.06254358
22,4736,0.06244042
22,4768,0.06230096
22,4800,0.062383726
22,4832,0.062420424
22,4864,0.062497806
22,4896,0.062491085
22,4928,0.06261738
22,4960,0.05942379
22,4992,0.058626357
22,5024,0.05820898
22,5056,0.058118805
22,5088,0.05797929
22,5120,0.058058415
22,5152,0.057734955
22,5184,0.057641093
22,5216,0.057770267
22,5248,0.05747144
22,5280,0.057415713
22,5312,0.057557918
22,5344,0.057540387
22,5376,0.057603754
22,5408,0.057374973
22,5440,0.05743692
22,5472,0.05696906
22,5504,0.057338525
22,5536,0.057213336
22,5568,0.05713607
22,5600,0.0570702
22,5632,0.057086993
22,5664,0.0571302
22,5696,0.057026647
22,5728,0.057059694
22,5760,0.05689256
22,5792,0.056972668
22,5824,0.057118103
22,5856,0.056948673
22,5888,0.056904092
22,5920,0.05670418
22,5952,0.056926016
22,5984,0.058976468
22,6016,0.059381522
22,6048,0.059433468
22,6080,0.05915968
23,0,0.05920631
23,32,0.059075188
23,64,0.058753926
23,96,0.058704317
23,128,0.058714237
23,160,0.058584902
23,192,0.05855421
23,224,0.058395687
23,256,0.058636278
23,288,0.05839595
23,320,0.058159903
23,352,0.058391783
23,384,0.058145475
23,416,0.058282875
23,448,0.05825998
23,480,0.058211178
23,512,0.057932053
23,544,0.05785218
23,576,0.05793742
23,608,0.057963546
23,640,0.05803733
23,672,0.057913147
23,704,0.05781694
23,736,0.057824325
23,768,0.05796479
23,800,0.057886582
23,832,0.057791937
23,864,0.057807114
23,896,0.058354493
23,928,0.05863014
23,960,0.05812718
23,992,0.058280703
23,1024,0.058021937
23,1056,0.058017
23,1088,0.057714988
23,1120,0.057742946
23,1152,0.05753425
23,1184,0.057555825
23,1216,0.05772008
23,1248,0.05763017
23,1280,0.05739395
23,1312,0.057231285
23,1344,0.05723254
23,1376,0.057188977
23,1408,0.057142965
23,1440,0.057274915
23,1472,0.057112537
23,1504,0.057168547
23,1536,0.057006784
23,1568,0.056858685
23,1600,0.057042222
23,1632,0.056832153
23,1664,0.056846652
23,1696,0.05684036
23,1728,0.05701218
23,1760,0.05697794
23,1792,0.056774803
23,1824,0.056806546
23,1856,0.05673096
23,1888,0.056826923
23,1920,0.05753252
23,1952,0.058014255
23,1984,0.057859603
23,2016,0.057651732
23,2048,0.057756748
23,2080,0.05757447
23,2112,0.05749912
23,2144,0.05739427
23,2176,0.057371374
23,2208,0.05726175
23,2240,0.057179093
23,2272,0.05727388
23,2304,0.056940813
23,2336,0.057011943
23,2368,0.05689363
23,2400,0.056978527
23,2432,0.057032038
23,2464,0.056794677
23,2496,0.056740105
23,2528,0.05685353
23,2560,0.056967314
23,2592,0.056658514
23,2624,0.056617405
23,2656,0.056696735
23,2688,0.05670399
23,2720,0.05666355
23,2752,0.056592114
23,2784,0.056533057
23,2816,0.056564372
23,2848,0.056435693
23,2880,0.05624568
23,2912,0.056429
23,2944,0.055743873
23,2976,0.054821454
23,3008,0.054834455
23,3040,0.05436398
23,3072,0.054385033
23,3104,0.054281697
23,3136,0.05416385
23,3168,0.05422348
23,3200,0.054217003
23,3232,0.053973183
23,3264,0.053862937
23,3296,0.053838465
23,3328,0.0535979
23,3360,0.053777292
23,3392,0.053797685
23,3424,0.053577892
23,3456,0.05364351
23,3488,0.053580757
23,3520,0.053513534
23,3552,0.053632755
23,3584,0.053524792
23,3616,0.05348513
23,3648,0.053498864
23,3680,0.053293623
23,3712,0.05333622
23,3744,0.05331194
23,3776,0.05336382
23,3808,0.05349101
23,3840,0.05338988
23,3872,0.05327216
23,3904,0.053188063
23,3936,0.053273894
23,3968,0.05664453
23,4000,0.05934189
23,4032,0.05932765
23,4064,0.059013672
23,4096,0.058848493
23,4128,0.05886386
23,4160,0.05877048
23,4192,0.058867004
23,4224,0.05855355
23,4256,0.05858167
23,4288,0.05863848
23,4320,0.058478907
23,4352,0.058340427
23,4384,0.058365777
23,4416,0.058224577
23,4448,0.058053873
23,4480,0.058286693
23,4512,0.058089245
23,4544,0.058215424
23,4576,0.058113214
23,4608,0.058057446
23,4640,0.057993468
23,4672,0.057927474
23,4704,0.057912175
23,4736,0.057942394
23,4768,0.05808561
23,4800,0.05801255
23,4832,0.057798862
23,4864,0.05772678
23,4896,0.057756342
23,4928,0.0577146
23,4960,0.05758926
23,4992,0.059080824
23,5024,0.060200915
23,5056,0.060234018
23,5088,0.059895422
23,5120,0.059704263
23,5152,0.059696462
23,5184,0.059422206
23,5216,0.05935009
23,5248,0.059457067
23,5280,0.059386935
23,5312,0.059374835
23,5344,0.059040345
23,5376,0.058999132
23,5408,0.05931916
23,5440,0.058877178
23,5472,0.05864622
23,5504,0.059141953
23,5536,0.058778636
23,5568,0.05884944
23,5600,0.05883032
23,5632,0.058600992
23,5664,0.05882648
23,5696,0.058788326
23,5728,0.05879887
23,5760,0.058712177
23,5792,0.05864413
23,5824,0.05862666
23,5856,0.05851314
23,5888,0.058571134
23,5920,0.05857917
23,5952,0.058349088
23,5984,0.058503136
23,6016,0.060200978
23,6048,0.06165202
23,6080,0.061441697
24,0,0.061293807
24,32,0.06112951
24,64,0.060995046
24,96,0.061199214
24,128,0.060855098
24,160,0.06104415
24,192,0.06067942
24,224,0.060789634
24,256,0.060695507
24,288,0.060531117
24,320,0.060346536
24,352,0.060515717
24,384,0.06052185
24,416,0.06025066
24,448,0.06040081
24,480,0.060288485
24,512,0.060232136
24,544,0.059981517
24,576,0.06020323
24,608,0.060190286
24,640,0.05988083
24,672,0.059963007
24,704,0.059864577
24,736,0.05987723
24,768,0.060156424
24,800,0.059807498
24,832,0.05985115
24,864,0.060000665
24,896,0.05994839
24,928,0.060182337
24,960,0.060787812
24,992,0.060680874
24,1024,0.060226906
24,1056,0.060274806
24,1088,0.06015158
24,1120,0.06014023
24,1152,0.06004359
24,1184,0.060052797
24,1216,0.059948817
24,1248,0.05980614
24,1280,0.059820235
24,1312,0.059851553
24,1344,0.05971434
24,1376,0.059509784
24,1408,0.059499368
24,1440,0.059393127
24,1472,0.05944272
24,1504,0.05951957
24,1536,0.05943731
24,1568,0.059368145
24,1600,0.05946911
24,1632,0.05942112
24,1664,0.05928508
24,1696,0.05927187
24,1728,0.059221417
24,1760,0.059192035
24,1792,0.059216857
24,1824,0.059061036
24,1856,0.059086643
24,1888,0.059091315
24,1920,0.058976244
24,1952,0.05937253
24,1984,0.060295172
24,2016,0.060082562
24,2048,0.05995644
24,2080,0.059803937
24,2112,0.05983465
24,2144,0.059735782
24,2176,0.05960375
24,2208,0.059314407
24,2240,0.059483644
24,2272,0.05933333
24,2304,0.0594884
24,2336,0.059288565
24,2368,0.05939334
24,2400,0.059140317
24,2432,0.059171848
24,2464,0.0590569
24,2496,0.05887053
24,2528,0.058947533
24,2560,0.059098583
24,2592,0.058985822
24,2624,0.05875503
24,2656,0.058928635
24,2688,0.058800478
24,2720,0.058744907
24,2752,0.05887061
24,2784,0.05881736
24,2816,0.058714777
24,2848,0.058782388
24,2880,0.058682878
24,2912,0.058459856
24,2944,0.05884652
24,2976,0.05994778
24,3008,0.06352782
24,3040,0.06320698
24,3072,0.06316503
24,3104,0.06303519
24,3136,0.063070975
24,3168,0.06281416
24,3200,0.06277693
24,3232,0.062888466
24,3264,0.062810875
24,3296,0.062655814
24,3328,0.06252989
24,3360,0.062558055
24,3392,0.06256404
24,3424,0.062440123
24,3456,0.06242563
24,3488,0.06235604
24,3520,0.062333103
24,3552,0.062217593
24,3584,0.062210876
24,3616,0.062323242
24,3648,0.06234967
24,3680,0.062085208
24,3712,0.061954852
24,3744,0.06213671
24,3776,0.06200971
24,3808,0.06214207
24,3840,0.061935864
24,3872,0.062131796
24,3904,0.061944008
24,3936,0.06191522
24,3968,0.06193215
24,4000,0.06159515
24,4032,0.06096502
24,4064,0.060613565
24,4096,0.060517926
24,4128,0.060495712
24,4160,0.06015338
24,4192,0.060176678
24,4224,0.060087137
24,4256,0.060087223
24,4288,0.059978746
24,4320,0.0600004
24,4352,0.05973267
24,4384,0.059718642
24,4416,0.059735276
24,4448,0.05986292
24,4480,0.05951539
24,4512,0.059423007
24,4544,0.059411857
24,4576,0.059489682
24,4608,0.059527986
24,4640,0.059544183
24,4672,0.059331216
24,4704,0.059406392
24,4736,0.059257783
24,4768,0.059206903
24,4800,0.059308924
24,4832,0.05921337
24,4864,0.059180915
24,4896,0.059234
24,4928,0.05918856
24,4960,0.059129324
24,4992,0.05894167
24,5024,0.05873291
24,5056,0.057740618
24,5088,0.05759311
24,5120,0.057528354
24,5152,0.057426248
24,5184,0.05723696
24,5216,0.05708207
24,5248,0.05722733
24,5280,0.057039514
24,5312,0.057026997
24,5344,0.056756757
24,5376,0.0567325
24,5408,0.0568391
24,5440,0.05687517
24,5472,0.056553163
24,5504,0.05665398
24,5536,0.056578945
24,5568,0.05667091
24,5600,0.05649511
24,5632,0.056643743
24,5664,0.05632873
24,5696,0.056579582
24,5728,0.056458976
24,5760,0.056436013
24,5792,0.05625482
24,5824,0.056436427
24,5856,0.056483887
24,5888,0.056310307
24,5920,0.0562787
24,5952,0.056210503
24,5984,0.056289878
24,6016,0.056125257
24,6048,0.056090128
24,6080,0.055691876
25,0,0.05578241
25,32,0.055356022
25,64,0.055276755
25,96,0.055337586
25,128,0.0552065
25,160,0.05486741
25,192,0.0548087
25,224,0.055022717
25,256,0.054784287
25,288,0.054888446
25,320,0.054759003
25,352,0.054758463
25,384,0.05454676
25,416,0.054605335
25,448,0.054462973
25,480,0.054523353
25,512,0.054349016
25,544,0.054427225
25,576,0.054363504
25,608,0.054356474
25,640,0.05453079
25,672,0.05423129
25,704,0.054364
25,736,0.054454364
25,768,0.054096475
25,800,0.054102197
25,832,0.054091625
25,864,0.054313887
25,896,0.054251086
25,928,0.054339077
25,960,0.054041654
25,992,0.05503675
25,1024,0.054694634
25,1056,0.054529656
25,1088,0.05431965
25,1120,0.054199167
25,1152,0.054255825
25,1184,0.05412791
25,1216,0.05419479
25,1248,0.053903375
25,1280,0.05381486
25,1312,0.05387282
25,1344,0.053909123
25,1376,0.053674445
25,1408,0.053699203
25,1440,0.05371457
25,1472,0.05387252
25,1504,0.05354798
25,1536,0.053655952
25,1568,0.053633317
25,1600,0.05373733
25,1632,0.05347092
25,1664,0.05348042
25,1696,0.053318407
25,1728,0.053428423
25,1760,0.05334093
25,1792,0.053337794
25,1824,0.053268112
25,1856,0.0533951
25,1888,0.053322576
25,1920,0.053290576
25,1952,0.05337312
25,1984,0.053237014
25,2016,0.05816786
25,2048,0.05796236
25,2080,0.057897758
25,2112,0.05795005
25,2144,0.057652034
25,2176,0.057478487
25,2208,0.057558123
25,2240,0.057499096
25,2272,0.057231348
25,2304,0.057251193
25,2336,0.0572357
25,2368,0.057297602
25,2400,0.05715118
25,2432,0.057008516
25,2464,0.057047483
25,2496,0.05672784
25,2528,0.05681062
25,2560,0.057008836
25,2592,0.056891132
25,2624,0.05716965
25,2656,0.056829702
25,2688,0.05677604
25,2720,0.056749765
25,2752,0.05659247
25,2784,0.056804318
25,2816,0.05673906
25,2848,0.056631792
25,2880,0.056639902
25,2912,0.05661942
25,2944,0.056795243
25,2976,0.056530852
25,3008,0.056910932
25,3040,0.06291573
25,3072,0.06281084
25,3104,0.062481157
25,3136,0.062215123
25,3168,0.0621815
25,3200,0.06216114
25,3232,0.061952967
25,3264,0.062081404
25,3296,0.0619074
25,3328,0.061882824
25,3360,0.061754238
25,3392,0.061696198
25,3424,0.061821677
25,3456,0.06174158
25,3488,0.061674267
25,3520,0.0613566
25,3552,0.06152197
25,3584,0.061429385
25,3616,0.061478
25,3648,0.06132619
25,3680,0.061376713
25,3712,0.061404146
25,3744,0.06153085
25,3776,0.06134638
25,3808,0.06111763
25,3840,0.061300244
25,3872,0.06117679
25,3904,0.0612864
25,3936,0.06117938
25,3968,0.061189175
25,4000,0.06099223
25,4032,0.061129518
25,4064,0.05914181
25,4096,0.059242986
25,4128,0.05886858
25,4160,0.058759972
25,4192,0.05859409
25,4224,0.058322757
25,4256,0.058380533
25,4288,0.058352686
25,4320,0.058285236
25,4352,0.058335744
25,4384,0.05810985
25,4416,0.058031887
25,4448,0.058041286
25,4480,0.057968866
25,4512,0.057756264
25,4544,0.057812173
25,4576,0.057834305
25,4608,0.057947427
25,4640,0.057862513
25,4672,0.05771291
25,4704,0.05766972
25,4736,0.057694476
25,4768,0.057476938
25,4800,0.057658352
25,4832,0.057524256
25,4864,0.05752214
25,4896,0.05761199
25,4928,0.0575037
25,4960,0.05742461
25,4992,0.057464484
25,5024,0.05735421
25,5056,0.05753754
25,5088,0.061177935
25,5120,0.061219316
25,5152,0.06072267
25,5184,0.06083539
25,5216,0.06061218
25,5248,0.06042823
25,5280,0.06044179
25,5312,0.060298756
25,5344,0.060075972
25,5376,0.060112514
25,5408,0.06011461
25,5440,0.06006039
25,5472,0.0599588
25,5504,0.060016345
25,5536,0.059904918
25,5568,0.059923574
25,5600,0.05989925
25,5632,0.05967778
25,5664,0.059942607
25,5696,0.05980585
25,5728,0.05970004
25,5760,0.05985025
25,5792,0.059485458
25,5824,0.05975554
25,5856,0.05962037
25,5888,0.05963078
25,5920,0.0595263
25,5952,0.059262093
25,5984,0.05954696
25,6016,0.059364952
25,6048,0.05960147
25,6080,0.059520982
26,0,0.062456027
26,32,0.062339585
26,64,0.062395863
26,96,0.062167782
26,128,0.062117875
26,160,0.06203414
26,192,0.06190657
26,224,0.061778553
26,256,0.061896816
26,288,0.061751004
26,320,0.06145804
26,352,0.06145582
26,384,0.061479036
26,416,0.0616506
26,448,0.061578244
26,480,0.061536297
26,512,0.061457787
26,544,0.0614284
26,576,0.061457
26,608,0.0613755
26,640,0.06140865
26,672,0.061341915
26,704,0.061232194
26,736,0.06121254
26,768,0.06118217
26,800,0.061088935
26,832,0.061173636
26,864,0.06112402
26,896,0.06090973
26,928,0.06099405
26,960,0.061273035
26,992,0.060916517
26,1024,0.05919244
26,1056,0.0583174
26,1088,0.05797985
26,1120,0.058158085
26,1152,0.05785732
26,1184,0.057675164
26,1216,0.057726532
26,1248,0.057687253
26,1280,0.057390973
26,1312,0.05748878
26,1344,0.05735141
26,1376,0.057480082
26,1408,0.057061665
26,1440,0.057104237
26,1472,0.057205305
26,1504,0.057036087
26,1536,0.057143003
26,1568,0.057280026
26,1600,0.057154037
26,1632,0.05709133
26,1664,0.056858633
26,1696,0.056971792
26,1728,0.057047833
26,1760,0.056941666
26,1792,0.056895837
26,1824,0.056865793
26,1856,0.056879207
26,1888,0.056821067
26,1920,0.05676591
26,1952,0.056823447
26,1984,0.05669547
26,2016,0.056835026
26,2048,0.057587415
26,2080,0.05770849
26,2112,0.05758229
26,2144,0.057457328
26,2176,0.05743979
26,2208,0.05741355
26,2240,0.05733073
26,2272,0.05717115
26,2304,0.057216108
26,2336,0.05720402
26,2368,0.057054415
26,2400,0.056900993
26,2432,0.056979228
26,2464,0.057005342
26,2496,0.056820136
26,2528,0.056795288
26,2560,0.056539435
26,2592,0.056723084
26,2624,0.056648012
26,2656,0.056343015
26,2688,0.056617137
26,2720,0.056603972
26,2752,0.056534387
26,2784,0.056582574
26,2816,0.056355704
26,2848,0.05631978
26,2880,0.05623094
26,2912,0.05640811
26,2944,0.056368023
26,2976,0.05646109
26,3008,0.05631762
26,3040,0.056138903
26,3072,0.059102926
26,3104,0.0595646
26,3136,0.059448935
26,3168,0.0592178
26,3200,0.058933187
26,3232,0.059260536
26,3264,0.058868673
26,3296,0.058965217
26,3328,0.05889483
26,3360,0.058774773
26,3392,0.058769528
26,3424,0.058644444
26,3456,0.05867388
26,3488,0.058545955
26,3520,0.058492724
26,3552,0.058577828
26,3584,0.058554653
26,3616,0.058557615
26,3648,0.058513902
26,3680,0.05837951
26,3712,0.058534253
26,3744,0.05842971
26,3776,0.058266554
26,3808,0.05821555
26,3840,0.058210723
26,3872,0.05805472
26,3904,0.058172483
26,3936,0.058337435
26,3968,0.058145624
26,4000,0.058116164
26,4032,0.058084432
26,4064,0.058136906
26,4096,0.058202542
26,4128,0.05790136
26,4160,0.057923242
26,4192,0.057640336
26,4224,0.057615627
26,4256,0.057721682
26,4288,0.057473578
26,4320,0.057486385
26,4352,0.057368994
26,4384,0.057318993
26,4416,0.05733585
26,4448,0.057310596
26,4480,0.057309743
26,4512,0.057047963
26,4544,0.05714688
26,4576,0.057150796
26,4608,0.057208233
26,4640,0.057120804
26,4672,0.056924976
26,4704,0.056891184
26,4736,0.057176948
26,4768,0.057049483
26,4800,0.05694568
26,4832,0.05686815
26,4864,0.056769114
26,4896,0.056765616
26,4928,0.056657683
26,4960,0.056637477
26,4992,0.056682628
26,5024,0.05656214
26,5056,0.05683256
26,5088,0.056631953
26,5120,0.06067183
26,5152,0.06176813
26,5184,0.061466396
26,5216,0.06133746
26,5248,0.061242037
26,5280,0.06119336
26,5312,0.06079566
26,5344,0.060932368
26,5376,0.060952544
26,5408,0.06088058
26,5440,0.060785793
26,5472,0.060503796
26,5504,0.060887914
26,5536,0.060782265
26,5568,0.060506124
26,5600,0.060629237
26,5632,0.060590673
26,5664,0.060439743
26,5696,0.060471416
26,5728,0.060647253
26,5760,0.06043237
26,5792,0.060586274
26,5824,0.06024146
26,5856,0.060337488
26,5888,0.060372595
26,5920,0.060168784
26,5952,0.06015659
26,5984,0.060140435
26,6016,0.0604567
26,6048,0.060337845
26,6080,0.060197074
27,0,0.060236532
27,32,0.06157418
27,64,0.062642336
27,96,0.06270921
27,128,0.062313348
27,160,0.062423076
27,192,0.06204578
27,224,0.062173847
27,256,0.062030703
27,288,0.062130064
27,320,0.06199268
27,352,0.061982166
27,384,0.061824214
27,416,0.061774705
27,448,0.061883602
27,480,0.06164051
27,512,0.061495997
27,544,0.06166308
27,576,0.061706934
27,608,0.061646543
27,640,0.06178635
27,672,0.06153624
27,704,0.061504334
27,736,0.061335
27,768,0.061315563
27,800,0.06134723
27,832,0.061165392
27,864,0.061391298
27,896,0.061248735
27,928,0.061344337
27,960,0.061309118
27,992,0.06129005
27,1024,0.061020583
27,1056,0.061904848
27,1088,0.062549315
27,1120,0.062355578
27,1152,0.06210941
27,1184,0.061915766
27,1216,0.061661575
27,1248,0.061940603
27,1280,0.06194779
27,1312,0.061859637
27,1344,0.061516415
27,1376,0.06167097
27,1408,0.061502695
27,1440,0.061518293
27,1472,0.061518732
27,1504,0.06146645
27,1536,0.061469503
27,1568,0.061423518
27,1600,0.06131145
27,1632,0.061240222
27,1664,0.06122492
27,1696,0.06104184
27,1728,0.061090045
27,1760,0.0610434
27,1792,0.06102509
27,1824,0.060886335
27,1856,0.060838874
27,1888,0.06089216
27,1920,0.061026946
27,1952,0.06123845
27,1984,0.06087259
27,2016,0.061048716
27,2048,0.060837384
27,2080,0.06010308
27,2112,0.058738325
27,2144,0.058258433
27,2176,0.058200207
27,2208,0.058182206
27,2240,0.05806809
27,2272,0.05797833
27,2304,0.057931572
27,2336,0.058125
27,2368,0.05796475
27,2400,0.05764211
27,2432,0.05775831
27,2464,0.057740618
27,2496,0.057848513
27,2528,0.05765952
27,2560,0.057592623
27,2592,0.05765959
27,2624,0.05771963
27,2656,0.057429362
27,2688,0.057472456
27,2720,0.057711955
27,2752,0.057425976
27,2784,0.057436105
27,2816,0.057347137
27,2848,0.057463232
27,2880,0.057530113
27,2912,0.05737416
27,2944,0.057291828
27,2976,0.05740364
27,3008,0.057194036
27,3040,0.057308897
27,3072,0.057253692
27,3104,0.05887679
27,3136,0.060289346
27,3168,0.060152587
27,3200,0.060088936
27,3232,0.059955105
27,3264,0.05987551
27,3296,0.059812814
27,3328,0.05985001
27,3360,0.059605163
27,3392,0.059757527
27,3424,0.059731
27,3456,0.059554704
27,3488,0.059670147
27,3520,0.059552364
27,3552,0.059500836
27,3584,0.05934324
27,3616,0.05939074
27,3648,0.05938288
27,3680,0.059151866
27,3712,0.059059665
27,3744,0.059386294
27,3776,0.05915734
27,3808,0.059208423
27,3840,0.05904735
27,3872,0.058977917
27,3904,0.059068687
27,3936,0.058962926
27,3968,0.059082795
27,4000,0.059004158
27,4032,0.058926634
27,4064,0.059065487
27,4096,0.059027907
27,4128,0.05875468
27,4160,0.05794228
27,4192,0.058013316
27,4224,0.05787363
27,4256,0.057884756
27,4288,0.05746659
27,4320,0.057561614
27,4352,0.057484932
27,4384,0.057365626
27,4416,0.05739384
27,4448,0.057475694
27,4480,0.05729422
27,4512,0.05713017
27,4544,0.05725266
27,4576,0.057106405
27,4608,0.05717196
27,4640,0.05698951
27,4672,0.057041805
27,4704,0.056901664
27,4736,0.057084356
27,4768,0.05706925
27,4800,0.05702241
27,4832,0.05693336
27,4864,0.05685517
27,4896,0.05668087
27,4928,0.05680296
27,4960,0.056767125
27,4992,0.056797642
27,5024,0.056830935
27,5056,0.056768224
27,5088,0.056653608
27,5120,0.05674689
27,5152,0.060377676
27,5184,0.06373802
27,5216,0.063606516
27,5248,0.0636149
27,5280,0.063580714
27,5312,0.0635526
27,5344,0.063415915
27,5376,0.06343257
27,5408,0.063063346
27,5440,0.06311206
27,5472,0.062884465
27,5504,0.063101545
27,5536,0.06294877
27,5568,0.06281275
27,5600,0.06279783
27,5632,0.062861964
27,5664,0.06300022
27,5696,0.06268453
27,5728,0.06257262
27,5760,0.06256676
27,5792,0.06253296
27,5824,0.062648594
27,5856,0.06257279
27,5888,0.06270953
27,5920,0.06255169
27,5952,0.062394034
27,5984,0.062444612
27,6016,0.06237107
27,6048,0.06258228
27,6080,0.062304765
28,0,0.062401842
28,32,0.062357232
28,64,0.0622083
28,96,0.061463904
28,128,0.061203558
28,160,0.06129071
28,192,0.061047476
28,224,0.061028674
28,256,0.061132543
28,288,0.060871102
28,320,0.060915675
28,352,0.060803905
28,384,0.060840413
28,416,0.060927507
28,448,0.060608923
28,480,0.060662813
28,512,0.060396507
28,544,0.060469627
28,576,0.060713567
28,608,0.060606077
28,640,0.060590856
28,672,0.06057084
28,704,0.060406465
28,736,0.060398445
28,768,0.06047823
28,800,0.06037895
28,832,0.060247913
28,864,0.060415816
28,896,0.060248867
28,928,0.060117204
28,960,0.060171045
28,992,0.060162093
28,1024,0.060098883
28,1056,0.060067475
28,1088,0.060271
28,1120,0.060655788
28,1152,0.060608737
28,1184,0.060505968
28,1216,0.060432076
28,1248,0.060331978
28,1280,0.06030787
28,1312,0.06024439
28,1344,0.06013462
28,1376,0.060018364
28,1408,0.0601417
28,1440,0.05998561
28,1472,0.059861228
28,1504,0.059842624
28,1536,0.059826612
28,1568,0.05970702
28,1600,0.059865814
28,1632,0.059668094
28,1664,0.05959622
28,1696,0.05965565
28,1728,0.059681058
28,1760,0.059566997
28,1792,0.0595484
28,1824,0.05955698
28,1856,0.059475075
28,1888,0.0594517
28,1920,0.059503693
28,1952,0.059562452
28,1984,0.059257653
28,2016,0.059407227
28,2048,0.05935982
28,2080,0.059368517
28,2112,0.058419492
28,2144,0.05656507
28,2176,0.056463346
28,2208,0.05652721
28,2240,0.056161672
28,2272,0.056101125
28,2304,0.056042623
28,2336,0.055970013
28,2368,0.05594588
28,2400,0.055953052
28,2432,0.055856287
28,2464,0.0558639
28,2496,0.055709343
28,2528,0.055686876
28,2560,0.055518415
28,2592,0.05549159
28,2624,0.05570774
28,2656,0.05545917
28,2688,0.05567852
28,2720,0.055568848
28,2752,0.055711307
28,2784,0.055403583
28,2816,0.055653982
28,2848,0.055361137
28,2880,0.055426415
28,2912,0.055392705
28,2944,0.055451896
28,2976,0.0554527
28,3008,0.055362012
28,3040,0.055363357
28,3072,0.055262763
28,3104,0.05540959
28,3136,0.055573724
28,3168,0.056156766
28,3200,0.05596812
28,3232,0.05598525
28,3264,0.05587461
28,3296,0.055961374
28,3328,0.05574042
28,3360,0.055587832
28,3392,0.05544491
28,3424,0.055616032
28,3456,0.055359844
28,3488,0.055414397
28,3520,0.055261523
28,3552,0.055298213
28,3584,0.055311598
28,3616,0.05542198
28,3648,0.05519616
28,3680,0.05522921
28,3712,0.05525023
28,3744,0.055302244
28,3776,0.055050045
28,3808,0.055328123
28,3840,0.055157334
28,3872,0.05505264
28,3904,0.055082742
28,3936,0.054855052
28,3968,0.054875024
28,4000,0.055044048
28,4032,0.05495802
28,4064,0.05490182
28,4096,0.05491075
28,4128,0.054915763
28,4160,0.055136293
28,4192,0.05550821
28,4224,0.05538773
28,4256,0.05521423
28,4288,0.054990876
28,4320,0.054942388
28,4352,0.05515148
28,4384,0.055026162
28,4416,0.054939464
28,4448,0.054994002
28,4480,0.054779023
28,4512,0.054876234
28,4544,0.054783683
28,4576,0.054874927
28,4608,0.054604344
28,4640,0.0545495
28,4672,0.054523297
28,4704,0.05469428
28,4736,0.054399163
28,4768,0.05424555
28,4800,0.054521855
28,4832,0.054604992
28,4864,0.054316208
28,4896,0.054464675
28,4928,0.054288093
28,4960,0.05440944
28,4992,0.054236893
28,5024,0.054348733
28,5056,0.054362565
28,5088,0.054230295
28,5120,0.054329243
28,5152,0.054323386
28,5184,0.055785958
28,5216,0.060011983
28,5248,0.05970421
28,5280,0.059472863
28,5312,0.059488874
28,5344,0.059536327
28,5376,0.059339233
28,5408,0.05938112
28,5440,0.059054807
28,5472,0.058958143
28,5504,0.059187245
28,5536,0.05914202
28,5568,0.058767
28,5600,0.059033293
28,5632,0.058942143
28,5664,0.058872815
28,5696,0.05875581
28,5728,0.058774307
28,5760,0.058935426
28,5792,0.058677297
28,5824,0.058766
28,5856,0.05862778
28,5888,0.058467694
28,5920,0.05887186
28,5952,0.058496796
28,5984,0.058632188
28,6016,0.058590643
28,6048,0.05855209
28,6080,0.058480278
29,0,0.05844812
29,32,0.05865471
29,64,0.058469325
29,96,0.058447838
29,128,0.06289683
29,160,0.06284737
29,192,0.062743746
29,224,0.062534764
29,256,0.06290917
29,288,0.06262437
29,320,0.0625721
29,352,0.06229014
29,384,0.062387392
29,416,0.06250428
29,448,0.062295154
29,480,0.062229555
29,512,0.06227617
29,544,0.062376425
29,576,0.0621712
29,608,0.06201123
29,640,0.062149744
29,672,0.06189736
29,704,0.06220891
29,736,0.06213389
29,768,0.062073212
29,800,0.06203627
29,832,0.061714943
29,864,0.061888546
29,896,0.061864905
29,928,0.06179986
29,960,0.061804187
29,992,0.06178145
29,1024,0.061893873
29,1056,0.06176894
29,1088,0.061703026
29,1120,0.061664093
29,1152,0.057249844
29,1184,0.057210173
29,1216,0.057058275
29,1248,0.0570418
29,1280,0.05707751
29,1312,0.056788966
29,1344,0.05656324
29,1376,0.056743648
29,1408,0.056703046
29,1440,0.05649203
29,1472,0.056502372
29,1504,0.056628224
29,1536,0.05656333
29,1568,0.056511603
29,1600,0.056282528
29,1632,0.056342237
29,1664,0.056196857
29,1696,0.056394473
29,1728,0.056153364
29,1760,0.0564578
29,1792,0.0563678
29,1824,0.056269143
29,1856,0.056255575
29,1888,0.05614418
29,1920,0.05585981
29,1952,0.05596111
29,1984,0.055993877
29,2016,0.055944853
29,2048,0.05608518
29,2080,0.05601586
29,2112,0.05590375
29,2144,0.055884294
29,2176,0.05866092
29,2208,0.058861386
29,2240,0.058567584
29,2272,0.058463883
29,2304,0.05832073
29,2336,0.058328018
29,2368,0.05838731
29,2400,0.058353953
29,2432,0.05820466
29,2464,0.058180723
29,2496,0.058091287
29,2528,0.05822062
29,2560,0.058119938
29,2592,0.05802319
29,2624,0.057991188
29,2656,0.057854664
29,2688,0.057854377
29,2720,0.057786245
29,2752,0.05793868
29,2784,0.057804517
29,2816,0.057833865
29,2848,0.057669092
29,2880,0.057892997
29,2912,0.057759184
29,2944,0.057728466
29,2976,0.057783652
29,3008,0.057692617
29,3040,0.057486165
29,3072,0.057729397
29,3104,0.057586864
29,3136,0.05781366
29,3168,0.057636965
29,3200,0.059553254
29,3232,0.059518285
29,3264,0.05956239
29,3296,0.05929448
29,3328,0.05912869
29,3360,0.059202842
29,3392,0.058969416
29,3424,0.059001356
29,3456,0.0588755
29,3488,0.05905626
29,3520,0.058923397
29,3552,0.058927786
29,3584,0.058718782
29,3616,0.058683783
29,3648,0.05871098
29,3680,0.058828063
29,3712,0.058729112
29,3744,0.058584888
29,3776,0.05850537
29,3808,0.058479253
29,3840,0.058763426
29,3872,0.058630932
29,3904,0.058376767
29,3936,0.058315206
29,3968,0.0583831
29,4000,0.05829316
29,4032,0.058554683
29,4064,0.058495898
29,4096,0.05830147
29,4128,0.058285087
29,4160,0.058335163
29,4192,0.058363862
29,4224,0.05848319
29,4256,0.058453873
29,4288,0.058437068
29,4320,0.05839839
29,4352,0.05843384
29,4384,0.05820073
29,4416,0.058027416
29,4448,0.05808925
29,4480,0.057967927
29,4512,0.05804704
29,4544,0.0579552
29,4576,0.057853665
29,4608,0.05795401
29,4640,0.05799583
29,4672,0.057939596
29,4704,0.05776781
29,4736,0.05777194
29,4768,0.05762154
29,4800,0.05754577
29,4832,0.057668656
29,4864,0.057617296
29,4896,0.05758411
29,4928,0.05779523
29,4960,0.057648018
29,4992,0.057484206
29,5024,0.057544418
29,5056,0.057490356
29,5088,0.057448935
29,5120,0.05732467
29,5152,0.057442892
29,5184,0.0573576
29,5216,0.057338566
29,5248,0.05512523
29,5280,0.054958403
29,5312,0.054908194
29,5344,0.054789014
29,5376,0.05469946
29,5408,0.054735318
29,5440,0.054601904
29,5472,0.054468982
29,5504,0.054520845
29,5536,0.054444294
29,5568,0.05441366
29,5600,0.054408904
29,5632,0.054487705
29,5664,0.054413594
29,5696,0.054324437
29,5728,0.054244112
29,5760,0.054102242
29,5792,0.05397367
29,5824,0.05407033
29,5856,0.0541253
29,5888,0.054105766
29,5920,0.054103523
29,5952,0.053927302
29,5984,0.05411908
29,6016,0.05421477
29,6048,0.05408288
29,6080,0.053940874
30,0,0.053747997
30,32,0.053780913
30,64,0.053852696
30,96,0.053942803
30,128,0.05384285
30,160,0.05885309
30,192,0.05989742
30,224,0.06001826
30,256,0.060085807
30,288,0.059952863
30,320,0.059814237
30,352,0.05989504
30,384,0.059804417
30,416,0.05959428
30,448,0.059567694
30,480,0.059407633
30,512,0.059509486
30,544,0.059505343
30,576,0.05928198
30,608,0.05944002
30,640,0.05960101
30,672,0.05933072
30,704,0.059399582
30,736,0.059186593
30,768,0.059197493
30,800,0.05924276
30,832,0.059147824
30,864,0.059377387
30,896,0.059268698
30,928,0.059229434
30,960,0.059170194
30,992,0.059226237
30,1024,0.05917765
30,1056,0.059119496
30,1088,0.05898671
30,1120,0.058855414
30,1152,0.05919631
30,1184,0.05977083
30,1216,0.06046464
30,1248,0.060038194
30,1280,0.060046367
30,1312,0.059801914
30,1344,0.059895914
30,1376,0.05980432
30,1408,0.059854656
30,1440,0.059612628
30,1472,0.05948751
30,1504,0.059702348
30,1536,0.059737787
30,1568,0.05944405
30,1600,0.05977405
30,1632,0.059626456
30,1664,0.059493188
30,1696,0.05936125
30,1728,0.059644707
30,1760,0.059576675
30,1792,0.05938768
30,1824,0.059408557
30,1856,0.059326913
30,1888,0.059284348
30,1920,0.05938187
30,1952,0.059332207
30,1984,0.05905859
30,2016,0.059091553
30,2048,0.059082597
30,2080,0.059166607
30,2112,0.059225265
30,2144,0.058915004
30,2176,0.0591591
30,2208,0.0618866
30,2240,0.06223987
30,2272,0.06226363
30,2304,0.06222863
30,2336,0.06207195
30,2368,0.062112883
30,2400,0.061930764
30,2432,0.06199842
30,2464,0.06204037
30,2496,0.061978422
30,2528,0.06196678
30,2560,0.061682627
30,2592,0.06170174
30,2624,0.06181823
30,2656,0.061624132
30,2688,0.06166501
30,2720,0.0617118
30,2752,0.061688006
30,2784,0.061886784
30,2816,0.06160245
30,2848,0.0616604
30,2880,0.06140045
30,2912,0.061517175
30,2944,0.061546832
30,2976,0.061511494
30,3008,0.061643198
30,3040,0.061328463
30,3072,0.06137247
30,3104,0.061469458
30,3136,0.061264243
30,3168,0.061321396
30,3200,0.06140505
30,3232,0.05736893
30,3264,0.05609831
30,3296,0.05604658
30,3328,0.05591567
30,3360,0.05602061
30,3392,0.055695254
30,3424,0.0558912
30,3456,0.05566038
30,3488,0.055585664
30,3520,0.055658203
30,3552,0.055682734
30,3584,0.055438638
30,3616,0.055485792
30,3648,0.055528905
30,3680,0.055497516
30,3712,0.055252794
30,3744,0.055489346
30,3776,0.055323243
30,3808,0.05523827
30,3840,0.05534918
30,3872,0.055129793
30,3904,0.055257063
30,3936,0.055307955
30,3968,0.055301055
30,4000,0.05522684
30,4032,0.05520145
30,4064,0.05527706
30,4096,0.055312227
30,4128,0.05487858
30,4160,0.055160917
30,4192,0.055251017
30,4224,0.0549114
30,4256,0.05647066
30,4288,0.056941245
30,4320,0.05691408
30,4352,0.05700561
30,4384,0.05667399
30,4416,0.05655227
30,4448,0.056702405
30,4480,0.056412194
30,4512,0.05643413
30,4544,0.05631608
30,4576,0.056274228
30,4608,0.056317575
30,4640,0.05640843
30,4672,0.056419328
30,4704,0.056084827
30,4736,0.05630539
30,4768,0.05619467
30,4800,0.056193504
30,4832,0.056095753
30,4864,0.056185883
30,4896,0.05601414
30,4928,0.05601888
30,4960,0.056136914
30,4992,0.056078356
30,5024,0.05611341
30,5056,0.05607745
30,5088,0.056126073
30,5120,0.05576136
30,5152,0.056007747
30,5184,0.055831786
30,5216,0.055890433
30,5248,0.055924136
30,5280,0.056920614
30,5312,0.057233784
30,5344,0.05695447
30,5376,0.056883704
30,5408,0.057122868
30,5440,0.056931056
30,5472,0.05697177
30,5504,0.056737278
30,5536,0.05668217
30,5568,0.05670222
30,5600,0.056601353
30,5632,0.056573026
30,5664,0.056770064
30,5696,0.056489296
30,5728,0.056692444
30,5760,0.056655865
30,5792,0.056400344
30,5824,0.0563841
30,5856,0.05659004
30,5888,0.05653668
30,5920,0.05647679
30,5952,0.056231912
30,5984,0.056298144
30,6016,0.056240555
30,6048,0.0559666
30,6080,0.056253765
31,0,0.056123734
31,32,0.05631172
31,64,0.05615473
31,96,0.056209262
31,128,0.05613248
31,160,0.056151945
31,192,0.05844118
31,224,0.059727136
31,256,0.059729695
31,288,0.05979458
31,320,0.059679884
31,352,0.05961337
31,384,0.05944267
31,416,0.05935005
31,448,0.059451167
31,480,0.05947875
31,512,0.05953299
31,544,0.059419226
31,576,0.05956201
31,608,0.05945124
31,640,0.05917871
31,672,0.059210293
31,704,0.059230108
31,736,0.059233967
31,768,0.05906707
31,800,0.059267513
31,832,0.05918457
31,864,0.05920961
31,896,0.05915174
31,928,0.058947664
31,960,0.05913073
31,992,0.059022117
31,1024,0.05907439
31,1056,0.05920059
31,1088,0.058932062
31,1120,0.05884679
31,1152,0.058803566
31,1184,0.058788005
31,1216,0.05866009
31,1248,0.058226574
31,1280,0.058151983
31,1312,0.058056038
31,1344,0.05783634
31,1376,0.058098003
31,1408,0.057906095
31,1440,0.057874106
31,1472,0.05782295
31,1504,0.057819318
31,1536,0.057883475
31,1568,0.057707835
31,1600,0.057606976
31,1632,0.05765525
31,1664,0.057693664
31,1696,0.057613727
31,1728,0.05748791
31,1760,0.0575705
31,1792,0.05748204
31,1824,0.057390865
31,1856,0.05733433
31,1888,0.057543613
31,1920,0.057355836
31,1952,0.05739963
31,1984,0.057451632
31,2016,0.057308495
31,2048,0.057543803
31,2080,0.057390075
31,2112,0.05742855
31,2144,0.057410758
31,2176,0.05734696
31,2208,0.057278726
31,2240,0.056022655
31,2272,0.054449026
31,2304,0.054645162
31,2336,0.05463581
31,2368,0.054378692
31,2400,0.054333337
31,2432,0.054312196
31,2464,0.054313917
31,2496,0.054367706
31,2528,0.05415179
31,2560,0.054130044
31,2592,0.054123044
31,2624,0.05425134
31,2656,0.054051366
31,2688,0.054010168
31,2720,0.053948678
31,2752,0.054153167
31,2784,0.053924847
31,2816,0.053851843
31,2848,0.053955495
31,2880,0.05396827
31,2912,0.053987034
31,2944,0.053835295
31,2976,0.05412015
31,3008,0.053581476
31,3040,0.053716805
31,3072,0.053808436
31,3104,0.053791218
31,3136,0.053848524
31,3168,0.053716514
31,3200,0.053699564
31,3232,0.053827018
31,3264,0.058045495
31,3296,0.06202105
31,3328,0.061627723
31,3360,0.061755087
31,3392,0.06170651
31,3424,0.061369777
31,3456,0.061367348
31,3488,0.0614133
31,3520,0.061304178
31,3552,0.06144227
31,3584,0.06136127
31,3616,0.06134266
31,3648,0.06122585
31,3680,0.061306402
31,3712,0.061279405
31,3744,0.061235506
31,3776,0.061419163
31,3808,0.061236374
31,3840,0.061346937
31,3872,0.061180454
31,3904,0.060889907
31,3936,0.061127912
31,3968,0.060864
31,4000,0.060911547
31,4032,0.061044108
31,4064,0.061090663
31,4096,0.060660597
31,4128,0.06104318
31,4160,0.060977258
31,4192,0.060772263
31,4224,0.060596626
31,4256,0.06079065
31,4288,0.05994614
31,4320,0.059061166
31,4352,0.058851283
31,4384,0.05888636
31,4416,0.0586823
31,4448,0.058804538
31,4480,0.058756378
31,4512,0.058876254
31,4544,0.058604427
31,4576,0.058523968
31,4608,0.058567327
31,4640,0.058624342
31,4672,0.058567673
31,4704,0.05861741
31,4736,0.058424957
31,4768,0.058473665
31,4800,0.058566988
31,4832,0.05845793
31,4864,0.058432043
31,4896,0.058316007
31,4928,0.058297455
31,4960,0.05827745
31,4992,0.05828138
31,5024,0.05831354
31,5056,0.058191847
31,5088,0.05800142
31,5120,0.058150966
31,5152,0.058321413
31,5184,0.058257286
31,5216,0.058289595
31,5248,0.058121335
31,5280,0.058107026
31,5312,0.05784994
31,5344,0.057284337
31,5376,0.057440706
31,5408,0.05702724
31,5440,0.057283837
31,5472,0.057346538
31,5504,0.057107724
31,5536,0.057029612
31,5568,0.057091583
31,5600,0.05714412
31,5632,0.057015155
31,5664,0.056980494
31,5696,0.05702194
31,5728,0.056859836
31,5760,0.05695376
31,5792,0.05678014
31,5824,0.056883045
31,5856,0.05653754
31,5888,0.05681438
31,5920,0.056722283
31,5952,0.05682211
31,5984,0.05661684
31,6016,0.056549065
31,6048,0.05677535
31,6080,0.056750808
32,0,0.056584984
32,32,0.056347113
32,64,0.05645881
32,96,0.056640398
32,128,0.056643788
32,160,0.05647719
32,192,0.05654735
32,224,0.057590757
32,256,0.060550276
32,288,0.06068655
32,320,0.06069094
32,352,0.060563654
32,384,0.06062251
32,416,0.060303323
32,448,0.060552232
32,480,0.06032806
32,512,0.060292333
32,544,0.060402416
32,576,0.060300626
32,608,0.06020662
32,640,0.06020333
32,672,0.06000561
32,704,0.060118034
32,736,0.06023898
32,768,0.059988257
32,800,0.059946015
32,832,0.059974108
32,864,0.059880603
32,896,0.05998474
32,928,0.060031462
32,960,0.059851706
32,992,0.060137726
32,1024,0.059768025
32,1056,0.060009386
32,1088,0.05983793
32,1120,0.059847146
32,1152,0.059861753
32,1184,0.059819363
32,1216,0.059836246
32,1248,0.060300615
32,1280,0.06137771
32,1312,0.061234288
32,1344,0.061137885
32,1376,0.06112355
32,1408,0.060860205
32,1440,0.06076296
32,1472,0.060857326
32,1504,0.06080878
32,1536,0.06099358
32,1568,0.060867324
32,1600,0.06061836
32,1632,0.06085867
32,1664,0.060584486
32,1696,0.06078895
32,1728,0.06070984
32,1760,0.060559638
32,1792,0.06071041
32,1824,0.0605295
32,1856,0.06059575
32,1888,0.060528144
32,1920,0.060686976
32,1952,0.060567826
32,1984,0.060365573
32,2016,0.06047437
32,2048,0.06064266
32,2080,0.0605188
32,2112,0.06057611
32,2144,0.06044868
32,2176,0.060237613
32,2208,0.060439788
32,2240,0.060315087
32,2272,0.06025715
32,2304,0.060487483
32,2336,0.060145337
32,2368,0.06015274
32,2400,0.06018394
32,2432,0.06025171
32,2464,0.060121283
32,2496,0.06017591
32,2528,0.059910104
32,2560,0.059902713
32,2592,0.059638746
32,2624,0.05977145
32,2656,0.059861854
32,2688,0.059851155
32,2720,0.05967309
32,2752,0.05986896
32,2784,0.059842505
32,2816,0.059612937
32,2848,0.059638135
32,2880,0.05970133
32,2912,0.05970817
32,2944,0.05973831
32,2976,0.059671707
32,3008,0.0597195
32,3040,0.059558198
32,3072,0.059618235
32,3104,0.059491854
32,3136,0.059856195
32,3168,0.059343874
32,3200,0.059533063
32,3232,0.059501898
32,3264,0.05953274
32,3296,0.05980611
32,3328,0.0607335
32,3360,0.060641423
32,3392,0.060758308
32,3424,0.060687423
32,3456,0.060596004
32,3488,0.0603043
32,3520,0.06035399
32,3552,0.060340006
32,3584,0.06043117
32,3616,0.06029141
32,3648,0.06025725
32,3680,0.060250882
32,3712,0.060263425
32,3744,0.060130462
32,3776,0.060208086
32,3808,0.06023083
32,3840,0.060155928
32,3872,0.060221598
32,3904,0.060044505
32,3936,0.059957217
32,3968,0.06006166
32,4000,0.059928074
32,4032,0.059884056
32,4064,0.060116164
32,4096,0.05983214
32,4128,0.059751887
32,4160,0.059968174
32,4192,0.059878554
32,4224,0.059873145
32,4256,0.059727367
32,4288,0.059906512
32,4320,0.058397047
32,4352,0.054917574
32,4384,0.05476879
32,4416,0.05474774
32,4448,0.054560356
32,4480,0.054563843
32,4512,0.054498672
32,4544,0.05447033
32,4576,0.054309834
32,4608,0.054398276
32,4640,0.054382462
32,4672,0.054339346
32,4704,0.054244693
32,4736,0.054389447
32,4768,0.054188613
32,4800,0.054311465
32,4832,0.054346133
32,4864,0.054371797
32,4896,0.05414006
32,4928,0.054058075
32,4960,0.054211993
32,4992,0.05418476
32,5024,0.05410405
32,5056,0.054125283
32,5088,0.054040555
32,5120,0.053952083
32,5152,0.05401607
32,5184,0.05394616
32,5216,0.05401091
32,5248,0.05399228
32,5280,0.053967103
32,5312,0.054137528
32,5344,0.05488731
32,5376,0.05671573
32,5408,0.05668939
32,5440,0.05664171
32,5472,0.056735322
32,5504,0.05661833
32,5536,0.056597687
32,5568,0.056511994
32,5600,0.05654179
32,5632,0.056495156
32,5664,0.056680027
32,5696,0.056236554
32,5728,0.056538872
32,5760,0.05635389
32,5792,0.05619402
32,5824,0.05645116
32,5856,0.056187216
32,5888,0.056445546
32,5920,0.05614092
32,5952,0.056354575
32,5984,0.056202285
32,6016,0.05610541
32,6048,0.05622218
32,6080,0.05624281
33,0,0.05616413
33,32,0.05615132
33,64,0.056048192
33,96,0.056132402
33,128,0.056089737
33,160,0.056198064
33,192,0.055977322
33,224,0.056072075
33,256,0.056103405
33,288,0.058520857
33,320,0.058546495
33,352,0.058341477
33,384,0.05838744
33,416,0.05822855
33,448,0.05840026
33,480,0.058173794
33,512,0.058287054
33,544,0.0582112
33,576,0.0582313
33,608,0.058383565
33,640,0.05813126
33,672,0.058269233
33,704,0.058085717
33,736,0.05794903
33,768,0.057860225
33,800,0.058056682
33,832,0.058090143
33,864,0.057971973
33,896,0.057930786
33,928,0.05785962
33,960,0.057943225
33,992,0.057918884
33,1024,0.057934955
33,1056,0.05801653
33,1088,0.05781773
33,1120,0.057945043
33,1152,0.0578032
33,1184,0.057882648
33,1216,0.05774004
33,1248,0.057874124
33,1280,0.057659913
33,1312,0.05748071
33,1344,0.057504874
33,1376,0.057131417
33,1408,0.057230446
33,1440,0.057198636
33,1472,0.057074044
33,1504,0.057142064
33,1536,0.057151243
33,1568,0.05696254
33,1600,0.056824032
33,1632,0.056881085
33,1664,0.056840956
33,1696,0.056892082
33,1728,0.05689782
33,1760,0.05690631
33,1792,0.056961596
33,1824,0.0568839
33,1856,0.056810547
33,1888,0.056770984
33,1920,0.056858838
33,1952,0.05692063
33,1984,0.05668027
33,2016,0.0566849
33,2048,0.056630768
33,2080,0.0564169
33,2112,0.056712493
33,2144,0.0567378
33,2176,0.056621037
33,2208,0.056573972
33,2240,0.056644045
33,2272,0.05696185
33,2304,0.056663297
33,2336,0.058646627
33,2368,0.05846473
33,2400,0.058443516
33,2432,0.058495373
33,2464,0.0584445
33,2496,0.058291346
33,2528,0.05833817
33,2560,0.058257766
33,2592,0.058154218
33,2624,0.05815912
33,2656,0.05800247
33,2688,0.0581623
33,2720,0.058270205
33,2752,0.058426794
33,2784,0.058117554
33,2816,0.058052666
33,2848,0.057960205
33,2880,0.058164384
33,2912,0.058179833
33,2944,0.05808509
33,2976,0.057762478
33,3008,0.058138423
33,3040,0.057925854
33,3072,0.05804429
33,3104,0.057970207
33,3136,0.057823703
33,3168,0.057914812
33,3200,0.057941545
33,3232,0.057961557
33,3264,0.05782339
33,3296,0.057716697
33,3328,0.057712432
33,3360,0.056992594
33,3392,0.056831893
33,3424,0.056859676
33,3456,0.056722745
33,3488,0.05670842
33,3520,0.05661513
33,3552,0.056785747
33,3584,0.056770526
33,3616,0.056732673
33,3648,0.0563365
33,3680,0.05665594
33,3712,0.056308307
33,3744,0.05656033
33,3776,0.05643851
33,3808,0.056397676
33,3840,0.05651482
33,3872,0.056445543
33,3904,0.05647336
33,3936,0.05634348
33,3968,0.05633586
33,4000,0.056278706
33,4032,0.056354105
33,4064,0.056550432
33,4096,0.056309804
33,4128,0.05629382
33,4160,0.056266636
33,4192,0.056218076
33,4224,0.056263875
33,4256,0.05624198
33,4288,0.056015994
33,4320,0.056032944
33,4352,0.056407105
33,4384,0.060008846
33,4416,0.05989369
33,4448,0.06006592
33,4480,0.060026795
33,4512,0.05991493
33,4544,0.05994839
33,4576,0.05949236
33,4608,0.05970568
33,4640,0.059829354
33,4672,0.05964357
33,4704,0.059610292
33,4736,0.059515312
33,4768,0.05969896
33,4800,0.059632935
33,4832,0.059444357
33,4864,0.05958125
33,4896,0.05963669
33,4928,0.05954703
33,4960,0.05963465
33,4992,0.059631664
33,5024,0.059329778
33,5056,0.05943159
33,5088,0.059502374
33,5120,0.059429236
33,5152,0.059510518
33,5184,0.059219856
33,5216,0.059255574
33,5248,0.05934231
33,5280,0.059234418
33,5312,0.059427347
33,5344,0.059413537
33,5376,0.05930879
33,5408,0.06251026
33,5440,0.062393848
33,5472,0.06210025
33,5504,0.062021516
33,5536,0.06205578
33,5568,0.06211811
33,5600,0.06202497
33,5632,0.061864574
33,5664,0.06205279
33,5696,0.061738826
33,5728,0.06187541
33,5760,0.06198179
33,5792,0.061938312
33,5824,0.06181088
33,5856,0.06178715
33,5888,0.06186908
33,5920,0.06188009
33,5952,0.061959185
33,5984,0.061619714
33,6016,0.061668355
33,6048,0.061689697
33,6080,0.061602194
34,0,0.061672434
34,32,0.061593585
34,64,0.061637364
34,96,0.061253823
34,128,0.061879218
34,160,0.061777625
34,192,0.06159876
34,224,0.061494917
34,256,0.061602797
34,288,0.06134388
34,320,0.061881807
34,352,0.062026683
34,384,0.06221198
34,416,0.06215752
34,448,0.06199288
34,480,0.06200932
34,512,0.061906748
34,544,0.061986893
34,576,0.06167242
34,608,0.061878268
34,640,0.06181679
34,672,0.061749116
34,704,0.061623015
34,736,0.061614353
34,768,0.061748017
34,800,0.061573092
34,832,0.061605
34,864,0.061448127
34,896,0.06155513
34,928,0.06142488
34,960,0.06137307
34,992,0.06142618
34,1024,0.06155275
34,1056,0.061618105
34,1088,0.061609007
34,1120,0.061601263
34,1152,0.06127394
34,1184,0.061393972
34,1216,0.06130121
34,1248,0.061558925
34,1280,0.0614075
34,1312,0.061323013
34,1344,0.059739474
34,1376,0.05907164
34,1408,0.05926507
34,1440,0.059232708
34,1472,0.059243165
34,1504,0.05893304
34,1536,0.059141595
34,1568,0.05894077
34,1600,0.059110273
34,1632,0.059242815
34,1664,0.058954995
34,1696,0.05879177
34,1728,0.059043664
34,1760,0.05884045
34,1792,0.058971934
34,1824,0.058723297
34,1856,0.058789447
34,1888,0.058760572
34,1920,0.058871437
34,1952,0.058788493
34,1984,0.05873227
34,2016,0.05879907
34,2048,0.05871792
34,2080,0.058720633
34,2112,0.058566347
34,2144,0.058653288
34,2176,0.058618575
34,2208,0.058811165
34,2240,0.058665596
34,2272,0.058558654
34,2304,0.058728464
34,2336,0.05870025
34,2368,0.058855873
34,2400,0.059108067
34,2432,0.058905534
34,2464,0.058944177
34,2496,0.058727887
34,2528,0.058702663
34,2560,0.058892827
34,2592,0.058801226
34,2624,0.05888413
34,2656,0.058889102
34,2688,0.058818698
34,2720,0.058845505
34,2752,0.058743864
34,2784,0.058660924
34,2816,0.058727607
34,2848,0.058722463
34,2880,0.058448844
34,2912,0.05861916
34,2944,0.058547128
34,2976,0.05857185
34,3008,0.058603078
34,3040,0.05855565
34,3072,0.058517333
34,3104,0.058335874
34,3136,0.058424573
34,3168,0.058560126
34,3200,0.058616977
34,3232,0.05860194
34,3264,0.058319733
34,3296,0.058545347
34,3328,0.058521304
34,3360,0.058280967
34,3392,0.059442714
34,3424,0.059815865
34,3456,0.05997348
34,3488,0.059821397
34,3520,0.059764452
34,3552,0.05971713
34,3584,0.059505504
34,3616,0.059769504
34,3648,0.059499178
34,3680,0.059779964
34,3712,0.059403975
34,3744,0.059599478
34,3776,0.05949392
34,3808,0.05968338
34,3840,0.05943187
34,3872,0.05944114
34,3904,0.059347495
34,3936,0.05931213
34,3968,0.05947233
34,4000,0.059404504
34,4032,0.059402697
34,4064,0.059116017
34,4096,0.05916614
34,4128,0.059532687
34,4160,0.059300747
34,4192,0.05930319
34,4224,0.059260353
34,4256,0.05936716
34,4288,0.059310086
34,4320,0.059502613
34,4352,0.05916412
34,4384,0.05939597
34,4416,0.0585564
34,4448,0.058059506
34,4480,0.0580537
34,4512,0.05792302
34,4544,0.05792249
34,4576,0.058045924
34,4608,0.05781362
34,4640,0.05793753
34,4672,0.05786613
34,4704,0.057698905
34,4736,0.057903968
34,4768,0.05783305
34,4800,0.057839587
34,4832,0.05778577
34,4864,0.057804205
34,4896,0.057804618
34,4928,0.057783626
34,4960,0.057749767
34,4992,0.057705544
34,5024,0.057800017
34,5056,0.057654683
34,5088,0.05760893
34,5120,0.057601176
34,5152,0.057529524
34,5184,0.057695504
34,5216,0.057567507
34,5248,0.057679772
34,5280,0.05757916
34,5312,0.057498436
34,5344,0.057742342
34,5376,0.057531174
34,5408,0.057318933
34,5440,0.061209537
34,5472,0.062450644
34,5504,0.062227905
34,5536,0.06198757
34,5568,0.06210596
34,5600,0.062186927
34,5632,0.062221795
34,5664,0.062192746
34,5696,0.062171143
34,5728,0.062067278
34,5760,0.061906997
34,5792,0.0619718
34,5824,0.061862797
34,5856,0.061979257
34,5888,0.06199289
34,5920,0.061870366
34,5952,0.06200373
34,5984,0.061803747
34,6016,0.061994117
34,6048,0.06166811
34,6080,0.06199713
35,0,0.06182945
35,32,0.061658815
35,64,0.06174686
35,96,0.061833497
35,128,0.061716646
35,160,0.06193479
35,192,0.061861016
35,224,0.061660513
35,256,0.061625406
35,288,0.061722454
35,320,0.06159472
35,352,0.05982981
35,384,0.058323883
35,416,0.058237176
35,448,0.05824398
35,480,0.058163278
35,512,0.058208197
35,544,0.058213025
35,576,0.05802418
35,608,0.058152992
35,640,0.057982363
35,672,0.05807104
35,704,0.05822936
35,736,0.057982795
35,768,0.05814402
35,800,0.058096815
35,832,0.05785988
35,864,0.058174912
35,896,0.058096927
35,928,0.05800156
35,960,0.057806678
35,992,0.05803518
35,1024,0.0580787
35,1056,0.057936363
35,1088,0.058014337
35,1120,0.058003277
35,1152,0.057893094
35,1184,0.057827216
35,1216,0.05780144
35,1248,0.05770181
35,1280,0.05777827
35,1312,0.05791041
35,1344,0.057921965
35,1376,0.06054837
35,1408,0.06278949
35,1440,0.06270923
35,1472,0.06269846
35,1504,0.06273614
35,1536,0.06261525
35,1568,0.06254883
35,1600,0.06254207
35,1632,0.06243359
35,1664,0.06256336
35,1696,0.062392294
35,1728,0.0623336
35,1760,0.062180255
35,1792,0.06252619
35,1824,0.06232254
35,1856,0.062292296
35,1888,0.062219404
35,1920,0.06222493
35,1952,0.06251585
35,1984,0.06257606
35,2016,0.06234545
35,2048,0.062414963
35,2080,0.06226865
35,2112,0.06219681
35,2144,0.062302124
35,2176,0.062344212
35,2208,0.062120527
35,2240,0.06203891
35,2272,0.062018704
35,2304,0.062282123
35,2336,0.0623469
35,2368,0.06226843
35,2400,0.06070975
35,2432,0.059160516
35,2464,0.05916687
35,2496,0.059146386
35,2528,0.05908369
35,2560,0.05909492
35,2592,0.059218805
35,2624,0.05904763
35,2656,0.059020095
35,2688,0.059028067
35,2720,0.058865458
35,2752,0.05894082
35,2784,0.058891077
35,2816,0.058992166
35,2848,0.05876182
35,2880,0.058883872
35,2912,0.058949172
35,2944,0.058866855
35,2976,0.058717057
35,3008,0.058797598
35,3040,0.058789767
35,3072,0.05899011
35,3104,0.058709912
35,3136,0.059030294
35,3168,0.058727242
35,3200,0.05869506
35,3232,0.058760203
35,3264,0.058691125
35,3296,0.058655854
35,3328,0.058795262
35,3360,0.058555122
35,3392,0.05863123
35,3424,0.05640169
35,3456,0.054496244
35,3488,0.054382835
35,3520,0.05414555
35,3552,0.054531753
35,3584,0.05437945
35,3616,0.054102454
35,3648,0.054202065
35,3680,0.054202765
35,3712,0.054353353
35,3744,0.05413684
35,3776,0.05421939
35,3808,0.05431052
35,3840,0.05423926
35,3872,0.05418545
35,3904,0.05422773
35,3936,0.054000996
35,3968,0.05413224
35,4000,0.053907525
35,4032,0.05393105
35,4064,0.05383985
35,4096,0.053973336
35,4128,0.054019295
35,4160,0.05405464
35,4192,0.053872164
35,4224,0.053843997
35,4256,0.053877503
35,4288,0.05391252
35,4320,0.054048676
35,4352,0.05407948
35,4384,0.053850476
35,4416,0.054064654
35,4448,0.05399875
35,4480,0.054382112
35,4512,0.054438103
35,4544,0.054293893
35,4576,0.054453913
35,4608,0.05435538
35,4640,0.054278336
35,4672,0.054409634
35,4704,0.054085664
35,4736,0.054387264
35,4768,0.054414585
35,4800,0.054240454
35,4832,0.05420443
35,4864,0.054171197
35,4896,0.054167315
35,4928,0.05415932
35,4960,0.05420577
35,4992,0.05420693
35,5024,0.05402008
35,5056,0.054055408
35,5088,0.053909283
35,5120,0.05382749
35,5152,0.054088462
35,5184,0.053871546
35,5216,0.053974044
35,5248,0.05409057
35,5280,0.054102223
35,5312,0.054104168
35,5344,0.05397948
35,5376,0.05396301
35,5408,0.053870626
35,5440,0.05410293
35,5472,0.057691548
35,5504,0.060734577
35,5536,0.060922056
35,5568,0.0608477
35,5600,0.060829476
35,5632,0.060851406
35,5664,0.060908053
35,5696,0.061042763
35,5728,0.06115617
35,5760,0.06074326
35,5792,0.060492765
35,5824,0.06072066
35,5856,0.06086302
35,5888,0.06082434
35,5920,0.060731854
35,5952,0.06056892
35,5984,0.06063547
35,6016,0.060612448
35,6048,0.060924347
35,6080,0.060431458
36,0,0.060603708
36,32,0.060737886
36,64,0.06053357
36,96,0.06051035
36,128,0.06039498
36,160,0.060437117
36,192,0.060627937
36,224,0.06043686
36,256,0.060447697
36,288,0.06061388
36,320,0.060238663
36,352,0.060590833
36,384,0.060485348
36,416,0.060163558
36,448,0.06013535
36,480,0.060052853
36,512,0.060055643
36,544,0.05989049
36,576,0.05985133
36,608,0.059771124
36,640,0.05994651
36,672,0.059850972
36,704,0.059689
36,736,0.05979672
36,768,0.059918605
36,800,0.059892926
36,832,0.059834655
36,864,0.05960622
36,896,0.059544474
36,928,0.059731085
36,960,0.05975411
36,992,0.05979048
36,1024,0.059973862
36,1056,0.05974247
36,1088,0.059803005
36,1120,0.059715234
36,1152,0.059617944
36,1184,0.059707325
36,1216,0.059765127
36,1248,0.059481014
36,1280,0.059581127
36,1312,0.059702944
36,1344,0.059913144
36,1376,0.05970718
36,1408,0.059315085
36,1440,0.058463782
36,1472,0.05863978
36,1504,0.058437742
36,1536,0.05839176
36,1568,0.058536433
36,1600,0.058247447
36,1632,0.058206525
36,1664,0.058240965
36,1696,0.058204338
36,1728,0.058404155
36,1760,0.05831712
36,1792,0.05823586
36,1824,0.058314767
36,1856,0.05828125
36,1888,0.058150616
36,1920,0.05819006
36,1952,0.058162164
36,1984,0.058274552
36,2016,0.0581841
36,2048,0.05840311
36,2080,0.058386046
36,2112,0.058004364
36,2144,0.05843079
36,2176,0.058283363
36,2208,0.05840932
36,2240,0.05821808
36,2272,0.05817503
36,2304,0.058211204
36,2336,0.05811918
36,2368,0.05799456
36,2400,0.058233287
36,2432,0.058254443
36,2464,0.057975005
36,2496,0.057978448
36,2528,0.0579078
36,2560,0.05792636
36,2592,0.058220852
36,2624,0.057928298
36,2656,0.058064967
36,2688,0.057917137
36,2720,0.058081612
36,2752,0.057871003
36,2784,0.05788507
36,2816,0.057976857
36,2848,0.057748172
36,2880,0.057819698
36,2912,0.05794492
36,2944,0.057786155
36,2976,0.057874285
36,3008,0.057838157
36,3040,0.057666387
36,3072,0.057641026
36,3104,0.05773626
36,3136,0.057889383
36,3168,0.057830397
36,3200,0.057918847
36,3232,0.057725888
36,3264,0.05779543
36,3296,0.057683177
36,3328,0.057853308
36,3360,0.057785284
36,3392,0.05764829
36,3424,0.057622124
36,3456,0.058308765
36,3488,0.06003568
36,3520,0.059854515
36,3552,0.059894364
36,3584,0.05990661
36,3616,0.059884883
36,3648,0.05999352
36,3680,0.06012218
36,3712,0.059969585
36,3744,0.059853636
36,3776,0.060075015
36,3808,0.059816863
36,3840,0.059831973
36,3872,0.060051866
36,3904,0.059874035
36,3936,0.05953675
36,3968,0.059925966
36,4000,0.05976249
36,4032,0.05981801
36,4064,0.059666283
36,4096,0.059819486
36,4128,0.059682187
36,4160,0.05975881
36,4192,0.059843443
36,4224,0.059669077
36,4256,0.059668254
36,4288,0.059640184
36,4320,0.059569977
36,4352,0.05987295
36,4384,0.059647165
36,4416,0.059631523
36,4448,0.0595005
36,4480,0.058072355
36,4512,0.054230634
36,4544,0.054322045
36,4576,0.054254424
36,4608,0.05411592
36,4640,0.05423486
36,4672,0.05428215
36,4704,0.054106336
36,4736,0.054155376
36,4768,0.054165363
36,4800,0.054116663
36,4832,0.05412174
36,4864,0.053982627
36,4896,0.054128982
36,4928,0.053915977
36,4960,0.054173827
36,4992,0.05400009
36,5024,0.053998306
36,5056,0.054011445
36,5088,0.0539648
36,5120,0.05419331
36,5152,0.053942434
36,5184,0.054041117
36,5216,0.053924695
36,5248,0.054064777
36,5280,0.05410835
36,5312,0.053845946
36,5344,0.054009248
36,5376,0.05401273
36,5408,0.053854555
36,5440,0.053832605
36,5472,0.05387047
36,5504,0.054845575
36,5536,0.05776833
36,5568,0.057592988
36,5600,0.057617743
36,5632,0.057571452
36,5664,0.057559375
36,5696,0.057644878
36,5728,0.05765917
36,5760,0.057471585
36,5792,0.057593517
36,5824,0.057625555
36,5856,0.05733386
36,5888,0.05736062
36,5920,0.057563014
36,5952,0.057540823
36,5984,0.057452857
36,6016,0.05749126
36,6048,0.05753295
36,6080,0.05745281
37,0,0.057235096
37,32,0.057490133
37,64,0.05744447
37,96,0.05743984
37,128,0.057379685
37,160,0.0574775
37,192,0.057509158
37,224,0.057200037
37,256,0.057471253
37,288,0.05748672
37,320,0.057267256
37,352,0.057294466
37,384,0.05743292
37,416,0.057607654
37,448,0.059528533
37,480,0.05953218
37,512,0.05961798
37,544,0.059501797
37,576,0.05933014
37,608,0.05950144
37,640,0.059359487
37,672,0.059431296
37,704,0.059453543
37,736,0.059374023
37,768,0.05944844
37,800,0.05933417
37,832,0.059351344
37,864,0.059391953
37,896,0.05937132
37,928,0.059251264
37,960,0.05920709
37,992,0.05921128
37,1024,0.05949318
37,1056,0.05942123
37,1088,0.059392672
37,1120,0.05948502
37,1152,0.059155647
37,1184,0.059325363
37,1216,0.059291758
37,1248,0.05916822
37,1280,0.059288383
37,1312,0.059165522
37,1344,0.059323415
37,1376,0.05929325
37,1408,0.059295688
37,1440,0.059456013
37,1472,0.061372165
37,1504,0.06126602
37,1536,0.061449792
37,1568,0.061419904
37,1600,0.061099898
37,1632,0.061266594
37,1664,0.061369263
37,1696,0.06137681
37,1728,0.061275486
37,1760,0.061500877
37,1792,0.061364945
37,1824,0.061202385
37,1856,0.06133265
37,1888,0.061248545
37,1920,0.061205402
37,1952,0.061169613
37,1984,0.061167125
37,2016,0.061227795
37,2048,0.06118361
37,2080,0.061299145
37,2112,0.06124664
37,2144,0.061226375
37,2176,0.06112091
37,2208,0.061205797
37,2240,0.06128065
37,2272,0.06128986
37,2304,0.061168116
37,2336,0.061164837
37,2368,0.06111706
37,2400,0.06099122
37,2432,0.06113031
37,2464,0.061125312
37,2496,0.057783782
37,2528,0.057820365
37,2560,0.057780176
37,2592,0.057962608
37,2624,0.05777102
37,2656,0.057769448
37,2688,0.057766438
37,2720,0.057755806
37,2752,0.057872932
37,2784,0.05779819
37,2816,0.05765033
37,2848,0.057970285
37,2880,0.05759376
37,2912,0.057847727
37,2944,0.05772329
37,2976,0.057622757
37,3008,0.05769505
37,3040,0.057591233
37,3072,0.057584293
37,3104,0.057845656
37,3136,0.057597987
37,3168,0.057451203
37,3200,0.057627186
37,3232,0.05763032
37,3264,0.057625458
37,3296,0.05761162
37,3328,0.057731025
37,3360,0.05760245
37,3392,0.057429127
37,3424,0.05774969
37,3456,0.05735454
37,3488,0.057619695
37,3520,0.058767375
37,3552,0.058642086
37,3584,0.05846263
37,3616,0.0586458
37,3648,0.05869866
37,3680,0.0587433
37,3712,0.058700237
37,3744,0.05865013
37,3776,0.058656644
37,3808,0.05854037
37,3840,0.05846091
37,3872,0.05839046
37,3904,0.058622148
37,3936,0.05859124
37,3968,0.058423325
37,4000,0.058627676
37,4032,0.058461636
37,4064,0.05839407
37,4096,0.05851716
37,4128,0.05842973
37,4160,0.058239467
37,4192,0.058485307
37,4224,0.058485117
37,4256,0.058520034
37,4288,0.058530726
37,4320,0.058531083
37,4352,0.05843291
37,4384,0.058514636
37,4416,0.05832181
37,4448,0.058481086
37,4480,0.058597956
37,4512,0.05850219
37,4544,0.06097904
37,4576,0.061192174
37,4608,0.06112814
37,4640,0.06106331
37,4672,0.06106297
37,4704,0.061047588
37,4736,0.061045524
37,4768,0.060861662
37,4800,0.061115567
37,4832,0.060921233
37,4864,0.060870275
37,4896,0.060962632
37,4928,0.060985006
37,4960,0.060840946
37,4992,0.06094125
37,5024,0.060711034
37,5056,0.060966518
37,5088,0.061051507
37,5120,0.06108216
37,5152,0.06093756
37,5184,0.060889088
37,5216,0.060721524
37,5248,0.061162453
37,5280,0.060878932
37,5312,0.060894884
37,5344,0.060933307
37,5376,0.060905874
37,5408,0.060810745
37,5440,0.06073197
37,5472,0.061009437
37,5504,0.060889836
37,5536,0.060675584
37,5568,0.05939885
37,5600,0.05947613
37,5632,0.059077196
37,5664,0.059201133
37,5696,0.059188288
37,5728,0.059047442
37,5760,0.058923542
37,5792,0.0593106
37,5824,0.059146915
37,5856,0.059219576
37,5888,0.059018433
37,5920,0.05925492
37,5952,0.0591091
37,5984,0.059125915
37,6016,0.059031945
37,6048,0.059082404
37,6080,0.059011195
38,0,0.059109077
38,32,0.05900225
38,64,0.05924625
38,96,0.059017867
38,128,0.05901208
38,160,0.058929473
38,192,0.05896233
38,224,0.05891887
38,256,0.05889991
38,288,0.059019625
38,320,0.058878135
38,352,0.05890329
38,384,0.058998592
38,416,0.059030414
38,448,0.05900469
38,480,0.059125092
38,512,0.059281897
38,544,0.059125923
38,576,0.05955765
38,608,0.05951363
38,640,0.059298567
38,672,0.059063986
38,704,0.059264332
38,736,0.059220977
38,768,0.05921898
38,800,0.059292782
38,832,0.059334707
38,864,0.05923806
38,896,0.059136413
38,928,0.05910215
38,960,0.059339054
38,992,0.059337676
38,1024,0.059356827
38,1056,0.059210517
38,1088,0.059155993
38,1120,0.059397746
38,1152,0.059037503
38,1184,0.059017908
38,1216,0.05923679
38,1248,0.05917035
38,1280,0.05921266
38,1312,0.059079334
38,1344,0.05908569
38,1376,0.05914828
38,1408,0.0591408
38,1440,0.059192095
38,1472,0.059347697
38,1504,0.05833492
38,1536,0.05813172
38,1568,0.058078177
38,1600,0.05826094
38,1632,0.058046922
38,1664,0.058099348
38,1696,0.05823273
38,1728,0.05814901
38,1760,0.05818413
38,1792,0.058056857
38,1824,0.058298238
38,1856,0.05820818
38,1888,0.05803424
38,1920,0.058294885
38,1952,0.05807486
38,1984,0.058078155
38,2016,0.058058165
38,2048,0.05808787
38,2080,0.057998918
38,2112,0.058147974
38,2144,0.058083434
38,2176,0.057908393
38,2208,0.058158237
38,2240,0.05805882
38,2272,0.057964772
38,2304,0.058116514
38,2336,0.058098473
38,2368,0.05805803
38,2400,0.057879686
38,2432,0.05810319
38,2464,0.058137897
38,2496,0.057903424
38,2528,0.059371542
38,2560,0.059924144
38,2592,0.059761968
38,2624,0.059840184
38,2656,0.059716627
38,2688,0.060016543
38,2720,0.059831075
38,2752,0.059848268
38,2784,0.060004357
38,2816,0.059770267
38,2848,0.05985071
38,2880,0.059946015
38,2912,0.059893228
38,2944,0.059871223
38,2976,0.059786603
38,3008,0.05963772
38,3040,0.059700925
38,3072,0.059981525
38,3104,0.059841253
38,3136,0.059695434
38,3168,0.059824042
38,3200,0.05969099
38,3232,0.059749767
38,3264,0.05982216
38,3296,0.05979993
38,3328,0.059844855
38,3360,0.059750248
38,3392,0.059692767
38,3424,0.05964259
38,3456,0.05962613
38,3488,0.059812825
38,3520,0.05963578
38,3552,0.058248002
38,3584,0.057883404
38,3616,0.057915542
38,3648,0.057833258
38,3680,0.057724934
38,3712,0.05763689
38,3744,0.057771895
38,3776,0.057775952
38,3808,0.05782325
38,3840,0.057874035
38,3872,0.057726923
38,3904,0.058070663
38,3936,0.05778618
38,3968,0.05766804
38,4000,0.05757683
38,4032,0.05791292
38,4064,0.057784956
38,4096,0.0578437
38,4128,0.057689965
38,4160,0.057609957
38,4192,0.057663366
38,4224,0.05765858
38,4256,0.057872403
38,4288,0.05781508
38,4320,0.05763099
38,4352,0.057806656
38,4384,0.057739403
38,4416,0.057761203
38,4448,0.05782204
38,4480,0.057779916
38,4512,0.057697624
38,4544,0.05780372
38,4576,0.06030462
38,4608,0.061153717
38,4640,0.061307337
38,4672,0.061322555
38,4704,0.061153427
38,4736,0.061119027
38,4768,0.06131095
38,4800,0.06129386
38,4832,0.061251692
38,4864,0.06144045
38,4896,0.06130786
38,4928,0.061406203
38,4960,0.061266407
38,4992,0.061353873
38,5024,0.061115682
38,5056,0.06120289
38,5088,0.061332002
38,5120,0.061022304
38,5152,0.061146475
38,5184,0.061412968
38,5216,0.06117461
38,5248,0.061209217
38,5280,0.06131975
38,5312,0.06121844
38,5344,0.060944382
38,5376,0.061330836
38,5408,0.061155736
38,5440,0.061209746
38,5472,0.06134455
38,5504,0.061269127
38,5536,0.061289564
38,5568,0.06128508
38,5600,0.060941096
38,5632,0.061020218
38,5664,0.06076198
38,5696,0.060814723
38,5728,0.06091214
38,5760,0.060853515
38,5792,0.06068043
38,5824,0.060836494
38,5856,0.06099805
38,5888,0.06085294
38,5920,0.060981337
38,5952,0.060825188
38,5984,0.06075039
38,6016,0.060732592
38,6048,0.06090253
38,6080,0.06082566
39,0,0.06092452
39,32,0.060866218
39,64,0.060653508
39,96,0.060707245
39,128,0.060788997
39,160,0.060827922
39,192,0.060744286
39,224,0.06089417
39,256,0.06083841
39,288,0.06072954
39,320,0.060806308
39,352,0.06077872
39,384,0.060898107
39,416,0.060786925
39,448,0.06076779
39,480,0.060707558
39,512,0.05936843
39,544,0.057655517
39,576,0.057601586
39,608,0.057761163
39,640,0.057626292
39,672,0.057696946
39,704,0.057602547
39,736,0.05792563
39,768,0.05770271
39,800,0.057572808
39,832,0.05778537
39,864,0.057640515
39,896,0.057649832
39,928,0.057554282
39,960,0.057519045
39,992,0.057715736
39,1024,0.057784952
39,1056,0.05769638
39,1088,0.05780633
39,1120,0.057643615
39,1152,0.05761369
39,1184,0.05752954
39,1216,0.057676382
39,1248,0.05768906
39,1280,0.057691976
39,1312,0.05742741
39,1344,0.057618625
39,1376,0.057644967
39,1408,0.057562366
39,1440,0.057862002
39,1472,0.057585534
39,1504,0.05769038
39,1536,0.059242252
39,1568,0.060442634
39,1600,0.06054239
39,1632,0.06065381
39,1664,0.06071273
39,1696,0.060617823
39,1728,0.06064275
39,1760,0.060741484
39,1792,0.060644068
39,1824,0.060541973
39,1856,0.060665462
39,1888,0.060598575
39,1920,0.06046747
39,1952,0.06061697
39,1984,0.060557853
39,2016,0.06068159
39,2048,0.060651835
39,2080,0.060387332
39,2112,0.060333908
39,2144,0.060638595
39,2176,0.060592614
39,2208,0.06044977
39,2240,0.060348652
39,2272,0.06040037
39,2304,0.06042867
39,2336,0.060626432
39,2368,0.06075452
39,2400,0.06048998
39,2432,0.060356036
39,2464,0.06045331
39,2496,0.060602676
39,2528,0.060610212
39,2560,0.05817761
39,2592,0.056124523
39,2624,0.055840965
39,2656,0.0560472
39,2688,0.056091327
39,2720,0.05608497
39,2752,0.056114513
39,2784,0.056105305
39,2816,0.05597498
39,2848,0.05621786
39,2880,0.0559514
39,2912,0.056064963
39,2944,0.05600434
39,2976,0.05600322
39,3008,0.056098882
39,3040,0.055918794
39,3072,0.055932257
39,3104,0.055933546
39,3136,0.055954963
39,3168,0.05618257
39,3200,0.0561053
39,3232,0.055977102
39,3264,0.055778988
39,3296,0.056143243
39,3328,0.055985104
39,3360,0.055868413
39,3392,0.05597668
39,3424,0.056134436
39,3456,0.056262318
39,3488,0.055901527
39,3520,0.056032017
39,3552,0.055939663
39,3584,0.057459153
39,3616,0.058936637
39,3648,0.05879233
39,3680,0.05853954
39,3712,0.058873598
39,3744,0.058687065
39,3776,0.05893119
39,3808,0.058527187
39,3840,0.058811247
39,3872,0.058913782
39,3904,0.0585949
39,3936,0.05874046
39,3968,0.058829747
39,4000,0.05883517
39,4032,0.058736395
39,4064,0.05870642
39,4096,0.05888048
39,4128,0.058628403
39,4160,0.058782842
39,4192,0.05863534
39,4224,0.058774892
39,4256,0.05882531
39,4288,0.05890202
39,4320,0.05872003
39,4352,0.05872038
39,4384,0.058770604
39,4416,0.05884318
39,4448,0.058629733
39,4480,0.058660936
39,4512,0.058785286
39,4544,0.058927372
39,4576,0.058822244
39,4608,0.0585404
39,4640,0.05841467
39,4672,0.058464624
39,4704,0.058412287
39,4736,0.058514267
39,4768,0.05840283
39,4800,0.058586426
39,4832,0.058418132
39,4864,0.058463693
39,4896,0.05832948
39,4928,0.058596987
39,4960,0.058466975
39,4992,0.05818414
39,5024,0.05823496
39,5056,0.058468066
39,5088,0.05846383
39,5120,0.05835368
39,5152,0.058287658
39,5184,0.058398254
39,5216,0.058385517
39,5248,0.058528043
39,5280,0.058410764
39,5312,0.05860944
39,5344,0.05837368
39,5376,0.058304757
39,5408,0.05824131
39,5440,0.058483247
39,5472,0.058267325
39,5504,0.058345098
39,5536,0.05826973
39,5568,0.05840753
39,5600,0.058367822
39,5632,0.058170654
39,5664,0.057726853
39,5696,0.05763226
39,5728,0.057611875
39,5760,0.057729807
39,5792,0.05768604
39,5824,0.05763253
39,5856,0.057654124
39,5888,0.05772088
39,5920,0.057636764
39,5952,0.057653524
39,5984,0.05780636
39,6016,0.057697896
39,6048,0.05785314
39,6080,0.05756195
40,0,0.057684958
40,32,0.0575957
40,64,0.05772381
40,96,0.057658497
40,128,0.05790992
40,160,0.057578046
40,192,0.05761904
40,224,0.0578737
40,256,0.057438973
40,288,0.05781853
40,320,0.05752111
40,352,0.057702374
40,384,0.057772595
40,416,0.057435505
40,448,0.057672746
40,480,0.05754825
40,512,0.057606045
40,544,0.05885924
40,576,0.061685547
40,608,0.061743654
40,640,0.061813463
40,672,0.061653525
40,704,0.061696343
40,736,0.061694603
40,768,0.061747376
40,800,0.061691906
40,832,0.06170467
40,864,0.061694033
40,896,0.061625946
40,928,0.0617255
40,960,0.06176031
40,992,0.06143879
40,1024,0.06167513
40,1056,0.061514683
40,1088,0.06162091
40,1120,0.06165856
40,1152,0.061743896
40,1184,0.061570507
40,1216,0.061831173
40,1248,0.06179521
40,1280,0.061605927
40,1312,0.061703984
40,1344,0.061751064
40,1376,0.061510786
40,1408,0.06169658
40,1440,0.061781157
40,1472,0.06180977
40,1504,0.061579037
40,1536,0.06175505
40,1568,0.059813466
40,1600,0.05437232
40,1632,0.054597914
40,1664,0.054441866
40,1696,0.05428182
40,1728,0.054478016
40,1760,0.054447226
40,1792,0.05434687
40,1824,0.054302894
40,1856,0.054298528
40,1888,0.0544021
40,1920,0.05416537
40,1952,0.05443971
40,1984,0.05432854
40,2016,0.054066993
40,2048,0.054420363
40,2080,0.05438745
40,2112,0.054614127
40,2144,0.05438046
40,2176,0.05444341
40,2208,0.054146845
40,2240,0.05418407
40,2272,0.05429966
40,2304,0.054552548
40,2336,0.05439513
40,2368,0.05452906
40,2400,0.054301806
40,2432,0.054447465
40,2464,0.054375242
40,2496,0.054310646
40,2528,0.054482456
40,2560,0.05426256
40,2592,0.054277897
40,2624,0.054040175
40,2656,0.053938385
40,2688,0.05383406
40,2720,0.053997807
40,2752,0.053926323
40,2784,0.053903006
40,2816,0.053940047
40,2848,0.053887345
40,2880,0.05406652
40,2912,0.053831056
40,2944,0.05385829
40,2976,0.05400105
40,3008,0.054034818
40,3040,0.054005273
40,3072,0.054046232
40,3104,0.053922217
40,3136,0.054031625
40,3168,0.05405335
40,3200,0.053837657
40,3232,0.054067884
40,3264,0.05393376
40,3296,0.053946484
40,3328,0.05380843
40,3360,0.054031584
40,3392,0.054017697
40,3424,0.05404789
40,3456,0.05376573
40,3488,0.053868867
40,3520,0.054056108
40,3552,0.053954545
40,3584,0.053682443
40,3616,0.055874854
40,3648,0.060741164
40,3680,0.06058211
40,3712,0.06080814
40,3744,0.060667302
40,3776,0.06074966
40,3808,0.06083231
40,3840,0.060718305
40,3872,0.06073089
40,3904,0.06080525
40,3936,0.060585063
40,3968,0.06089838
40,4000,0.06065775
40,4032,0.060574234
40,4064,0.06069113
40,4096,0.06065828
40,4128,0.060880747
40,4160,0.060729157
40,4192,0.060776636
40,4224,0.060785543
40,4256,0.06055367
40,4288,0.060758915
40,4320,0.06069706
40,4352,0.06072006
40,4384,0.060635965
40,4416,0.060832817
40,4448,0.06065204
40,4480,0.06072537
40,4512,0.060843788
40,4544,0.060767494
40,4576,0.06088887
40,4608,0.06088306
40,4640,0.059923615
40,4672,0.058298983
40,4704,0.058418375
40,4736,0.058450185
40,4768,0.058361463
40,4800,0.058582477
40,4832,0.058567125
40,4864,0.05854522
40,4896,0.05848475
40,4928,0.05828588
40,4960,0.058276527
40,4992,0.058392912
40,5024,0.058418598
40,5056,0.05836257
40,5088,0.05844225
40,5120,0.058304604
40,5152,0.058444973
40,5184,0.05848508
40,5216,0.058198158
40,5248,0.058451965
40,5280,0.0583037
40,5312,0.0583982
40,5344,0.05859324
40,5376,0.05833592
40,5408,0.05839192
40,5440,0.05831743
40,5472,0.058455694
40,5504,0.058406986
40,5536,0.058245387
40,5568,0.058392093
40,5600,0.058377538
40,5632,0.058313593
40,5664,0.05973792
40,5696,0.06251031
40,5728,0.06270341
40,5760,0.06259959
40,5792,0.06273503
40,5824,0.06261492
40,5856,0.062676325
40,5888,0.062514536
40,5920,0.06263408
40,5952,0.06278961
40,5984,0.062634274
40,6016,0.062496558
40,6048,0.062785596
40,6080,0.06254182
