1,0,0.1202747
1,32,0.08477299
1,64,0.055988498
1,96,0.05107564
1,128,0.049997494
1,160,0.049179092
1,192,0.048572645
1,224,0.048143346
1,256,0.04765121
1,288,0.04728
1,320,0.047197007
1,352,0.046943773
1,384,0.046437167
1,416,0.046403278
1,448,0.045997053
1,480,0.04617192
1,512,0.045849655
1,544,0.045779206
1,576,0.04552551
1,608,0.045544676
1,640,0.04546997
1,672,0.04514793
1,704,0.04501866
1,736,0.044954963
1,768,0.045198288
1,800,0.04487627
1,832,0.044634566
1,864,0.044519402
1,896,0.044771086
1,928,0.044506557
1,960,0.044455756
1,992,0.04426199
1,1024,0.04440368
1,1056,0.047687992
1,1088,0.04716896
1,1120,0.046992723
1,1152,0.04655322
1,1184,0.04657945
1,1216,0.046241306
1,1248,0.04612119
1,1280,0.04585356
1,1312,0.045737997
1,1344,0.04585433
1,1376,0.04582192
1,1408,0.045469627
1,1440,0.045448806
1,1472,0.045368668
1,1504,0.04520031
1,1536,0.045114174
1,1568,0.044895597
1,1600,0.04497669
1,1632,0.04484799
1,1664,0.0449861
1,1696,0.044901546
1,1728,0.04461274
1,1760,0.044710472
1,1792,0.044607412
1,1824,0.044557646
1,1856,0.044611584
1,1888,0.04437511
1,1920,0.044360615
1,1952,0.044289093
1,1984,0.04425679
1,2016,0.044466443
1,2048,0.044339478
1,2080,0.046793375
1,2112,0.046308383
1,2144,0.045975503
1,2176,0.04565721
1,2208,0.045639183
1,2240,0.04580596
1,2272,0.045164745
1,2304,0.045412283
1,2336,0.04514939
1,2368,0.045231074
1,2400,0.044948302
1,2432,0.044819556
1,2464,0.044829864
1,2496,0.044710405
1,2528,0.04467572
1,2560,0.044467658
1,2592,0.044562086
1,2624,0.044475753
1,2656,0.044498116
1,2688,0.04442828
1,2720,0.044307258
1,2752,0.04392445
1,2784,0.044265933
1,2816,0.04412662
1,2848,0.043966092
1,2880,0.044036366
1,2912,0.04383748
1,2944,0.04413245
1,2976,0.044043653
1,3008,0.04383601
1,3040,0.043974128
1,3072,0.043729145
1,3104,0.046574324
1,3136,0.046129387
1,3168,0.045833502
1,3200,0.045561895
1,3232,0.04556182
1,3264,0.045408983
1,3296,0.045169815
1,3328,0.045164105
1,3360,0.045053724
1,3392,0.0449408
1,3424,0.04476109
1,3456,0.044747032
1,3488,0.04482054
1,3520,0.04459608
1,3552,0.04458213
1,3584,0.04448155
1,3616,0.04435286
1,3648,0.04432666
1,3680,0.044173796
1,3712,0.044167586
1,3744,0.044025883
1,3776,0.04397752
1,3808,0.04400855
1,3840,0.043872453
1,3872,0.043951638
1,3904,0.043873727
1,3936,0.04374204
1,3968,0.043853927
1,4000,0.04377579
1,4032,0.043687884
1,4064,0.043550648
1,4096,0.04352607
1,4128,0.0464835
1,4160,0.046143394
1,4192,0.046089932
1,4224,0.045527533
1,4256,0.04541732
1,4288,0.045493554
1,4320,0.04533407
1,4352,0.044956964
1,4384,0.045090843
1,4416,0.044784
1,4448,0.045029394
1,4480,0.044690493
1,4512,0.044544518
1,4544,0.04475435
1,4576,0.04450952
1,4608,0.044431232
1,4640,0.04444917
1,4672,0.044169918
1,4704,0.04431268
1,4736,0.0441146
1,4768,0.044237487
1,4800,0.044073306
1,4832,0.04407712
1,4864,0.04400336
1,4896,0.043919016
1,4928,0.0439855
1,4960,0.043823242
1,4992,0.04378376
1,5024,0.043937083
1,5056,0.043815635
1,5088,0.04372219
1,5120,0.043564092
1,5152,0.0461989
1,5184,0.045733586
1,5216,0.045693964
1,5248,0.045392152
1,5280,0.045225408
1,5312,0.04516316
1,5344,0.04487378
1,5376,0.044896092
1,5408,0.044633843
1,5440,0.044670008
1,5472,0.044513494
1,5504,0.04425715
1,5536,0.044286802
1,5568,0.044318754
1,5600,0.044288322
1,5632,0.04398511
1,5664,0.043933455
1,5696,0.044064865
1,5728,0.044092696
1,5760,0.043869074
1,5792,0.04368347
1,5824,0.043759406
1,5856,0.043708745
1,5888,0.043557975
1,5920,0.04376373
1,5952,0.043694045
1,5984,0.04349211
1,6016,0.043284662
1,6048,0.04320434
1,6080,0.043324158
2,0,0.043357994
2,32,0.043269128
2,64,0.045284085
2,96,0.045721475
2,128,0.04536852
2,160,0.04504435
2,192,0.044964336
2,224,0.04479378
2,256,0.044727776
2,288,0.04453575
2,320,0.044307765
2,352,0.044339094
2,384,0.044281535
2,416,0.04429039
2,448,0.044183813
2,480,0.043869432
2,512,0.04383198
2,544,0.04388297
2,576,0.043700837
2,608,0.043770127
2,640,0.043542307
2,672,0.043492332
2,704,0.043692242
2,736,0.04340766
2,768,0.04328863
2,800,0.043233752
2,832,0.043376077
2,864,0.043112148
2,896,0.04309937
2,928,0.04323771
2,960,0.043396812
2,992,0.04297537
2,1024,0.04289153
2,1056,0.042961027
2,1088,0.04524905
2,1120,0.0453959
2,1152,0.045259643
2,1184,0.045145944
2,1216,0.04504478
2,1248,0.044664517
2,1280,0.044587
2,1312,0.044428892
2,1344,0.04432228
2,1376,0.044300962
2,1408,0.044161256
2,1440,0.044013586
2,1472,0.044030048
2,1504,0.0439792
2,1536,0.043793753
2,1568,0.04370268
2,1600,0.04376262
2,1632,0.043577716
2,1664,0.043531995
2,1696,0.043549687
2,1728,0.043507133
2,1760,0.043482624
2,1792,0.04328385
2,1824,0.043383762
2,1856,0.043237507
2,1888,0.043230858
2,1920,0.04312119
2,1952,0.0431911
2,1984,0.04299027
2,2016,0.04296718
2,2048,0.042989224
2,2080,0.043008227
2,2112,0.04522504
2,2144,0.045464057
2,2176,0.045259796
2,2208,0.04497802
2,2240,0.044751253
2,2272,0.044414483
2,2304,0.044427916
2,2336,0.044133954
2,2368,0.044135306
2,2400,0.04416835
2,2432,0.044000164
2,2464,0.043993495
2,2496,0.04387138
2,2528,0.04359176
2,2560,0.043706376
2,2592,0.043570653
2,2624,0.043694716
2,2656,0.043538783
2,2688,0.04327476
2,2720,0.043522682
2,2752,0.043333165
2,2784,0.043276843
2,2816,0.043121066
2,2848,0.043222755
2,2880,0.043289315
2,2912,0.04320287
2,2944,0.043006096
2,2976,0.043000937
2,3008,0.04283375
2,3040,0.042794768
2,3072,0.04293167
2,3104,0.042798534
2,3136,0.045001615
2,3168,0.04534052
2,3200,0.045042913
2,3232,0.0448889
2,3264,0.04473113
2,3296,0.044496596
2,3328,0.044195723
2,3360,0.044136133
2,3392,0.04420997
2,3424,0.044124544
2,3456,0.043833163
2,3488,0.043666963
2,3520,0.04365281
2,3552,0.043502703
2,3584,0.04354489
2,3616,0.043645155
2,3648,0.043659355
2,3680,0.04319403
2,3712,0.043089755
2,3744,0.043106448
2,3776,0.043077804
2,3808,0.043151293
2,3840,0.043198034
2,3872,0.04302496
2,3904,0.04305868
2,3936,0.042841807
2,3968,0.042908035
2,4000,0.042915452
2,4032,0.042627808
2,4064,0.042587027
2,4096,0.04259011
2,4128,0.04259789
2,4160,0.04501813
2,4192,0.0452331
2,4224,0.04508516
2,4256,0.044717774
2,4288,0.044507116
2,4320,0.04431209
2,4352,0.044137664
2,4384,0.044165608
2,4416,0.043906763
2,4448,0.04366936
2,4480,0.04348608
2,4512,0.04370447
2,4544,0.04351217
2,4576,0.043467734
2,4608,0.04336902
2,4640,0.04345328
2,4672,0.04339043
2,4704,0.0431625
2,4736,0.043119036
2,4768,0.043038763
2,4800,0.04282712
2,4832,0.04297315
2,4864,0.04295583
2,4896,0.043025892
2,4928,0.042817533
2,4960,0.04290752
2,4992,0.042794995
2,5024,0.042613346
2,5056,0.042600654
2,5088,0.04255444
2,5120,0.042479746
2,5152,0.042532846
2,5184,0.044962615
2,5216,0.045227718
2,5248,0.044763792
2,5280,0.04463136
2,5312,0.044354446
2,5344,0.04431526
2,5376,0.043957617
2,5408,0.044016294
2,5440,0.0436833
2,5472,0.04381544
2,5504,0.04370276
2,5536,0.043504793
2,5568,0.04341646
2,5600,0.04327228
2,5632,0.04333869
2,5664,0.04302397
2,5696,0.043087795
2,5728,0.043049622
2,5760,0.043165106
2,5792,0.04305064
2,5824,0.04310723
2,5856,0.043070737
2,5888,0.042854145
2,5920,0.042759605
2,5952,0.04270112
2,5984,0.0426685
2,6016,0.042724453
2,6048,0.042568427
2,6080,0.042549595
3,0,0.04258868
3,32,0.042488445
3,64,0.042340748
3,96,0.044047408
3,128,0.045479674
3,160,0.045025326
3,192,0.044747315
3,224,0.044588108
3,256,0.044223417
3,288,0.04411531
3,320,0.044093616
3,352,0.04404609
3,384,0.043986544
3,416,0.043560825
3,448,0.043743756
3,480,0.04373872
3,512,0.043351054
3,544,0.043412216
3,576,0.04351968
3,608,0.04329578
3,640,0.043260153
3,672,0.043284126
3,704,0.04295262
3,736,0.04309578
3,768,0.04309449
3,800,0.04288903
3,832,0.04293984
3,864,0.04281522
3,896,0.042673953
3,928,0.04287353
3,960,0.042922728
3,992,0.042634238
3,1024,0.042655703
3,1056,0.04245694
3,1088,0.042500295
3,1120,0.044177655
3,1152,0.045432873
3,1184,0.04497191
3,1216,0.04482328
3,1248,0.044507448
3,1280,0.04420442
3,1312,0.044263884
3,1344,0.044003814
3,1376,0.043844674
3,1408,0.043993775
3,1440,0.04377993
3,1472,0.04372965
3,1504,0.043468658
3,1536,0.0433978
3,1568,0.04360154
3,1600,0.043281708
3,1632,0.04327159
3,1664,0.043453682
3,1696,0.04325838
3,1728,0.04305686
3,1760,0.043098785
3,1792,0.04279564
3,1824,0.04296255
3,1856,0.04291329
3,1888,0.042909965
3,1920,0.04283841
3,1952,0.04268401
3,1984,0.042577233
3,2016,0.04265805
3,2048,0.042383093
3,2080,0.042527355
3,2112,0.042513
3,2144,0.0441023
3,2176,0.04523432
3,2208,0.045005925
3,2240,0.044771783
3,2272,0.04462262
3,2304,0.044432607
3,2336,0.044249855
3,2368,0.044180565
3,2400,0.04401659
3,2432,0.04398637
3,2464,0.04375039
3,2496,0.043799434
3,2528,0.043822628
3,2560,0.043654088
3,2592,0.043615174
3,2624,0.04344824
3,2656,0.043203272
3,2688,0.04323372
3,2720,0.04305674
3,2752,0.042987492
3,2784,0.043139208
3,2816,0.04302203
3,2848,0.042954907
3,2880,0.042784005
3,2912,0.042868063
3,2944,0.042770848
3,2976,0.042788234
3,3008,0.042849373
3,3040,0.04256694
3,3072,0.042503048
3,3104,0.042609084
3,3136,0.042577386
3,3168,0.044274274
3,3200,0.044991132
3,3232,0.045151453
3,3264,0.04478384
3,3296,0.044339776
3,3328,0.044323348
3,3360,0.044138137
3,3392,0.044084895
3,3424,0.04396322
3,3456,0.043711476
3,3488,0.04369332
3,3520,0.0436191
3,3552,0.043609913
3,3584,0.04328781
3,3616,0.04325103
3,3648,0.043341674
3,3680,0.043023735
3,3712,0.043293796
3,3744,0.042926766
3,3776,0.043050654
3,3808,0.04275786
3,3840,0.043067183
3,3872,0.04261451
3,3904,0.04281323
3,3936,0.042721868
3,3968,0.042602398
3,4000,0.042638034
3,4032,0.042436842
3,4064,0.04256516
3,4096,0.04257107
3,4128,0.04234439
3,4160,0.042389035
3,4192,0.044123005
3,4224,0.044903204
3,4256,0.044834174
3,4288,0.04439879
3,4320,0.044157512
3,4352,0.04422976
3,4384,0.04410665
3,4416,0.043829918
3,4448,0.043744225
3,4480,0.0435082
3,4512,0.043386415
3,4544,0.043502
3,4576,0.043248042
3,4608,0.043124534
3,4640,0.043192357
3,4672,0.043065444
3,4704,0.042949222
3,4736,0.04285147
3,4768,0.04284866
3,4800,0.04280994
3,4832,0.0427583
3,4864,0.042733632
3,4896,0.04262227
3,4928,0.042402122
3,4960,0.042446446
3,4992,0.042333
3,5024,0.042562693
3,5056,0.042121727
3,5088,0.0424112
3,5120,0.04234638
3,5152,0.04219392
3,5184,0.042368583
3,5216,0.044012655
3,5248,0.045124464
3,5280,0.044720117
3,5312,0.044508938
3,5344,0.04430815
3,5376,0.044173498
3,5408,0.043971702
3,5440,0.04376905
3,5472,0.04359042
3,5504,0.043591492
3,5536,0.043411758
3,5568,0.043505024
3,5600,0.043266565
3,5632,0.043215707
3,5664,0.043235544
3,5696,0.043211207
3,5728,0.042981457
3,5760,0.042820502
3,5792,0.043049753
3,5824,0.0428561
3,5856,0.04284871
3,5888,0.042636473
3,5920,0.042756673
3,5952,0.042565763
3,5984,0.042644825
3,6016,0.04260399
3,6048,0.04251961
3,6080,0.0423067
4,0,0.042590808
4,32,0.0423669
4,64,0.04236415
4,96,0.042293802
4,128,0.04304188
4,160,0.04498994
4,192,0.044593234
4,224,0.044467814
4,256,0.044089165
4,288,0.043988284
4,320,0.043780234
4,352,0.043822464
4,384,0.04375296
4,416,0.04347058
4,448,0.043367483
4,480,0.043503318
4,512,0.043265898
4,544,0.04319216
4,576,0.04292192
4,608,0.043170027
4,640,0.042829163
4,672,0.04263591
4,704,0.04285609
4,736,0.042754102
4,768,0.042719476
4,800,0.042560037
4,832,0.0424424
4,864,0.04253112
4,896,0.042625923
4,928,0.04224992
4,960,0.042230062
4,992,0.042331364
4,1024,0.042250175
4,1056,0.042370472
4,1088,0.042248268
4,1120,0.04214007
4,1152,0.043099552
4,1184,0.044947926
4,1216,0.044746004
4,1248,0.044504788
4,1280,0.044214513
4,1312,0.04400422
4,1344,0.043914694
4,1376,0.043810025
4,1408,0.043663044
4,1440,0.04360012
4,1472,0.043492664
4,1504,0.0434986
4,1536,0.04313387
4,1568,0.043165725
4,1600,0.04311849
4,1632,0.043007776
4,1664,0.04289051
4,1696,0.04287455
4,1728,0.042828098
4,1760,0.042807702
4,1792,0.042684503
4,1824,0.042512037
4,1856,0.042582076
4,1888,0.042477272
4,1920,0.042477164
4,1952,0.04239675
4,1984,0.04236708
4,2016,0.042454846
4,2048,0.04237915
4,2080,0.042189725
4,2112,0.04218979
4,2144,0.042155225
4,2176,0.043147307
4,2208,0.04523039
4,2240,0.045005236
4,2272,0.044471756
4,2304,0.04422975
4,2336,0.04409928
4,2368,0.043860473
4,2400,0.043676157
4,2432,0.043587513
4,2464,0.04353971
4,2496,0.04357406
4,2528,0.043337267
4,2560,0.043442093
4,2592,0.04326398
4,2624,0.04293228
4,2656,0.043121986
4,2688,0.043152433
4,2720,0.042910393
4,2752,0.04290351
4,2784,0.042864814
4,2816,0.042823445
4,2848,0.042597614
4,2880,0.042507343
4,2912,0.042567134
4,2944,0.042447697
4,2976,0.042419337
4,3008,0.042325404
4,3040,0.042335127
4,3072,0.042240936
4,3104,0.042219345
4,3136,0.04236128
4,3168,0.042072732
4,3200,0.043128442
4,3232,0.045188773
4,3264,0.044494864
4,3296,0.044394493
4,3328,0.04405065
4,3360,0.043969113
4,3392,0.043796115
4,3424,0.043589063
4,3456,0.043743674
4,3488,0.04350737
4,3520,0.043271605
4,3552,0.04313309
4,3584,0.043000035
4,3616,0.043189183
4,3648,0.043130636
4,3680,0.042901266
4,3712,0.04279195
4,3744,0.042761676
4,3776,0.042784914
4,3808,0.042695627
4,3840,0.042521633
4,3872,0.042420205
4,3904,0.04248567
4,3936,0.04238069
4,3968,0.042383403
4,4000,0.04220948
4,4032,0.04232898
4,4064,0.042167466
4,4096,0.04219667
4,4128,0.04205734
4,4160,0.04187191
4,4192,0.042021967
4,4224,0.043014586
4,4256,0.045197204
4,4288,0.04484881
4,4320,0.044210747
4,4352,0.044044517
4,4384,0.044027906
4,4416,0.043774735
4,4448,0.04368495
4,4480,0.043516178
4,4512,0.043529015
4,4544,0.043448128
4,4576,0.043191776
4,4608,0.04322601
4,4640,0.043133453
4,4672,0.042979483
4,4704,0.04278247
4,4736,0.04309634
4,4768,0.042813145
4,4800,0.042728312
4,4832,0.042785782
4,4864,0.042542927
4,4896,0.04252196
4,4928,0.04246465
4,4960,0.042405725
4,4992,0.042575177
4,5024,0.042407926
4,5056,0.04222767
4,5088,0.042195667
4,5120,0.042278726
4,5152,0.04228232
4,5184,0.041907765
4,5216,0.042013817
4,5248,0.04308406
4,5280,0.045226276
4,5312,0.045026336
4,5344,0.044754576
4,5376,0.04454322
4,5408,0.04424751
4,5440,0.044115238
4,5472,0.04394013
4,5504,0.043795533
4,5536,0.043907233
4,5568,0.043458223
4,5600,0.04375492
4,5632,0.0432486
4,5664,0.043219652
4,5696,0.043358214
4,5728,0.043092173
4,5760,0.043206133
4,5792,0.04291281
4,5824,0.042991072
4,5856,0.04280657
4,5888,0.042839892
4,5920,0.04292134
4,5952,0.042595655
4,5984,0.04257679
4,6016,0.042609908
4,6048,0.042523086
4,6080,0.04256496
5,0,0.042608205
5,32,0.042602256
5,64,0.042558346
5,96,0.042380042
5,128,0.042400084
5,160,0.0425764
5,192,0.0454344
5,224,0.04492077
5,256,0.044806894
5,288,0.044225197
5,320,0.04439612
5,352,0.044101484
5,384,0.043992728
5,416,0.043737818
5,448,0.043688986
5,480,0.043659613
5,512,0.043372836
5,544,0.043482974
5,576,0.043260902
5,608,0.043079216
5,640,0.043151133
5,672,0.04301964
5,704,0.04301803
5,736,0.04312605
5,768,0.04297151
5,800,0.04272729
5,832,0.04278239
5,864,0.04265576
5,896,0.042556413
5,928,0.042452093
5,960,0.04251867
5,992,0.042277854
5,1024,0.04258828
5,1056,0.042384584
5,1088,0.04217827
5,1120,0.042196132
5,1152,0.042129237
5,1184,0.042220578
5,1216,0.045239173
5,1248,0.044722077
5,1280,0.044444926
5,1312,0.04432068
5,1344,0.04392358
5,1376,0.04383142
5,1408,0.0436986
5,1440,0.043567415
5,1472,0.043286547
5,1504,0.04330024
5,1536,0.0431365
5,1568,0.043159172
5,1600,0.043067228
5,1632,0.04299855
5,1664,0.042887438
5,1696,0.042806763
5,1728,0.042819362
5,1760,0.04272753
5,1792,0.042668693
5,1824,0.042529162
5,1856,0.04257559
5,1888,0.042550568
5,1920,0.04239904
5,1952,0.042237148
5,1984,0.04242551
5,2016,0.04218884
5,2048,0.042278238
5,2080,0.042386755
5,2112,0.042086583
5,2144,0.042293455
5,2176,0.042096946
5,2208,0.04214413
5,2240,0.04507724
5,2272,0.044758923
5,2304,0.04436967
5,2336,0.04420593
5,2368,0.043982513
5,2400,0.04379986
5,2432,0.04375925
5,2464,0.043490052
5,2496,0.04343667
5,2528,0.04331723
5,2560,0.043194592
5,2592,0.04305972
5,2624,0.043099858
5,2656,0.043045677
5,2688,0.04272224
5,2720,0.04279739
5,2752,0.042772885
5,2784,0.042773616
5,2816,0.04246349
5,2848,0.042548142
5,2880,0.042519704
5,2912,0.04253529
5,2944,0.04245488
5,2976,0.042400785
5,3008,0.042338587
5,3040,0.0423173
5,3072,0.04225997
5,3104,0.04203451
5,3136,0.04201703
5,3168,0.042097215
5,3200,0.042017076
5,3232,0.04213288
5,3264,0.044990722
5,3296,0.044669192
5,3328,0.0443863
5,3360,0.044052184
5,3392,0.043908615
5,3424,0.04363733
5,3456,0.043631908
5,3488,0.043340985
5,3520,0.043488782
5,3552,0.042994928
5,3584,0.04318014
5,3616,0.043084767
5,3648,0.043025754
5,3680,0.043022428
5,3712,0.04266981
5,3744,0.042717677
5,3776,0.042540446
5,3808,0.042556312
5,3840,0.042626407
5,3872,0.042404436
5,3904,0.042366244
5,3936,0.04247805
5,3968,0.04239791
5,4000,0.04241777
5,4032,0.041993126
5,4064,0.0422407
5,4096,0.042131092
5,4128,0.042037003
5,4160,0.041778702
5,4192,0.041886248
5,4224,0.04186409
5,4256,0.042082436
5,4288,0.04524365
5,4320,0.04480166
5,4352,0.044652745
5,4384,0.044210207
5,4416,0.044131454
5,4448,0.043901622
5,4480,0.043896858
5,4512,0.04349776
5,4544,0.043522187
5,4576,0.04338782
5,4608,0.043349512
5,4640,0.04339594
5,4672,0.043098483
5,4704,0.04298293
5,4736,0.043033194
5,4768,0.042803884
5,4800,0.042651616
5,4832,0.04263708
5,4864,0.042684164
5,4896,0.042446267
5,4928,0.042803854
5,4960,0.04260005
5,4992,0.042561255
5,5024,0.04241458
5,5056,0.042335376
5,5088,0.042280246
5,5120,0.042302955
5,5152,0.042374086
5,5184,0.042115048
5,5216,0.04197824
5,5248,0.042209562
5,5280,0.042018145
5,5312,0.04512663
5,5344,0.044522904
5,5376,0.044289637
5,5408,0.044046957
5,5440,0.043893073
5,5472,0.043791573
5,5504,0.043490227
5,5536,0.043408375
5,5568,0.04329588
5,5600,0.043196622
5,5632,0.043100595
5,5664,0.042998485
5,5696,0.04284344
5,5728,0.042762373
5,5760,0.042734046
5,5792,0.042798895
5,5824,0.042617433
5,5856,0.04264628
5,5888,0.042484723
5,5920,0.04236565
5,5952,0.042362817
5,5984,0.04240331
5,6016,0.04220712
5,6048,0.04226662
5,6080,0.042293854
6,0,0.04194984
6,32,0.04199765
6,64,0.042038884
6,96,0.041980095
6,128,0.042064514
6,160,0.041874778
6,192,0.041947562
6,224,0.044389397
6,256,0.044498235
6,288,0.044248726
6,320,0.044220377
6,352,0.04374447
6,384,0.043714773
6,416,0.043558143
6,448,0.04340134
6,480,0.043051776
6,512,0.04320944
6,544,0.04316539
6,576,0.043123912
6,608,0.0429584
6,640,0.042636182
6,672,0.04273548
6,704,0.042984933
6,736,0.04264628
6,768,0.042602744
6,800,0.042644013
6,832,0.042420886
6,864,0.042384934
6,896,0.042362463
6,928,0.04222893
6,960,0.042104624
6,992,0.04231795
6,1024,0.042238954
6,1056,0.042097688
6,1088,0.04193121
6,1120,0.04181489
6,1152,0.04190607
6,1184,0.041841462
6,1216,0.041780073
6,1248,0.04444472
6,1280,0.04468941
6,1312,0.04475709
6,1344,0.044303533
6,1376,0.044027522
6,1408,0.043956563
6,1440,0.043763258
6,1472,0.04348887
6,1504,0.04350214
6,1536,0.043357626
6,1568,0.04331697
6,1600,0.04330568
6,1632,0.04316616
6,1664,0.042948063
6,1696,0.04303065
6,1728,0.04301416
6,1760,0.042850155
6,1792,0.042675506
6,1824,0.04253321
6,1856,0.042636383
6,1888,0.042606454
6,1920,0.04228593
6,1952,0.042491622
6,1984,0.04238595
6,2016,0.042336337
6,2048,0.04226722
6,2080,0.04219533
6,2112,0.042141203
6,2144,0.042105004
6,2176,0.04219625
6,2208,0.04180982
6,2240,0.042116035
6,2272,0.044651307
6,2304,0.044880692
6,2336,0.0446098
6,2368,0.04432775
6,2400,0.044181917
6,2432,0.043930013
6,2464,0.043927222
6,2496,0.043617822
6,2528,0.043674283
6,2560,0.043569762
6,2592,0.04343251
6,2624,0.043169975
6,2656,0.04301337
6,2688,0.043107297
6,2720,0.042953715
6,2752,0.042989537
6,2784,0.042871464
6,2816,0.042826694
6,2848,0.042762853
6,2880,0.042911697
6,2912,0.042689607
6,2944,0.042568557
6,2976,0.04236778
6,3008,0.042314872
6,3040,0.042260163
6,3072,0.042392455
6,3104,0.04240255
6,3136,0.042250965
6,3168,0.042087097
6,3200,0.04220111
6,3232,0.042273525
6,3264,0.04207328
6,3296,0.04439137
6,3328,0.045022473
6,3360,0.044507314
6,3392,0.044580247
6,3424,0.044242706
6,3456,0.043871403
6,3488,0.043998815
6,3520,0.04365832
6,3552,0.043558087
6,3584,0.043367416
6,3616,0.043485746
6,3648,0.043365117
6,3680,0.04335588
6,3712,0.043100327
6,3744,0.0429608
6,3776,0.042947292
6,3808,0.04299512
6,3840,0.042848464
6,3872,0.04279803
6,3904,0.042643335
6,3936,0.042634096
6,3968,0.042606503
6,4000,0.04249377
6,4032,0.042523317
6,4064,0.042442463
6,4096,0.04239508
6,4128,0.042369597
6,4160,0.042364802
6,4192,0.04237759
6,4224,0.042330276
6,4256,0.042242806
6,4288,0.041954283
6,4320,0.044527166
6,4352,0.044546433
6,4384,0.044234794
6,4416,0.044197038
6,4448,0.043902587
6,4480,0.043830056
6,4512,0.043506317
6,4544,0.04378629
6,4576,0.043330498
6,4608,0.043425404
6,4640,0.043289218
6,4672,0.043166663
6,4704,0.04284227
6,4736,0.043074436
6,4768,0.042727184
6,4800,0.042662583
6,4832,0.042717732
6,4864,0.042730983
6,4896,0.042524792
6,4928,0.0424913
6,4960,0.042574614
6,4992,0.042398002
6,5024,0.042331208
6,5056,0.042415608
6,5088,0.042272586
6,5120,0.042115733
6,5152,0.042153627
6,5184,0.042158484
6,5216,0.04215423
6,5248,0.042033296
6,5280,0.041860394
6,5312,0.041871928
6,5344,0.044332996
6,5376,0.044505935
6,5408,0.044312567
6,5440,0.043969557
6,5472,0.04399292
6,5504,0.043891322
6,5536,0.043514308
6,5568,0.043328937
6,5600,0.043090273
6,5632,0.043373298
6,5664,0.043354902
6,5696,0.04291056
6,5728,0.042895656
6,5760,0.042879306
6,5792,0.04272416
6,5824,0.04270788
6,5856,0.042612195
6,5888,0.042322055
6,5920,0.042432886
6,5952,0.042397756
6,5984,0.04228422
6,6016,0.042299803
6,6048,0.04227114
6,6080,0.042012252
7,0,0.04221487
7,32,0.041881945
7,64,0.04182905
7,96,0.041842178
7,128,0.0420257
7,160,0.04177204
7,192,0.042016722
7,224,0.041739404
7,256,0.043648995
7,288,0.044935483
7,320,0.044409696
7,352,0.044121414
7,384,0.044228364
7,416,0.04404029
7,448,0.043830473
7,480,0.043636296
7,512,0.04341238
7,544,0.04328807
7,576,0.043181546
7,608,0.042934034
7,640,0.04320484
7,672,0.042887032
7,704,0.04293102
7,736,0.042838838
7,768,0.042724863
7,800,0.042675205
7,832,0.042765055
7,864,0.042536236
7,896,0.04248977
7,928,0.042426642
7,960,0.042364143
7,992,0.042328805
7,1024,0.04215797
7,1056,0.042243034
7,1088,0.042007644
7,1120,0.042172197
7,1152,0.04184799
7,1184,0.04217819
7,1216,0.04190381
7,1248,0.04220197
7,1280,0.043466784
7,1312,0.04464702
7,1344,0.044393472
7,1376,0.04401148
7,1408,0.043950714
7,1440,0.04373759
7,1472,0.043647513
7,1504,0.04333359
7,1536,0.043094743
7,1568,0.0431722
7,1600,0.04310278
7,1632,0.04289598
7,1664,0.042789925
7,1696,0.042762093
7,1728,0.04254221
7,1760,0.042425327
7,1792,0.04248647
7,1824,0.042363375
7,1856,0.04231058
7,1888,0.042355333
7,1920,0.042374846
7,1952,0.042058922
7,1984,0.04226052
7,2016,0.041980837
7,2048,0.04199062
7,2080,0.042091772
7,2112,0.041819073
7,2144,0.04196131
7,2176,0.041793887
7,2208,0.04194688
7,2240,0.041693404
7,2272,0.04173536
7,2304,0.043686457
7,2336,0.044887047
7,2368,0.044482544
7,2400,0.044225898
7,2432,0.04420515
7,2464,0.043907948
7,2496,0.043872066
7,2528,0.04338562
7,2560,0.043332037
7,2592,0.04336715
7,2624,0.043346997
7,2656,0.043153487
7,2688,0.04297773
7,2720,0.04296628
7,2752,0.043222066
7,2784,0.042865496
7,2816,0.04285632
7,2848,0.042803697
7,2880,0.042591155
7,2912,0.042597335
7,2944,0.042450614
7,2976,0.042460598
7,3008,0.042483613
7,3040,0.042229947
7,3072,0.042075403
7,3104,0.04220179
7,3136,0.042036373
7,3168,0.042116087
7,3200,0.041988716
7,3232,0.041865792
7,3264,0.042000737
7,3296,0.0420336
7,3328,0.043750957
7,3360,0.044666816
7,3392,0.04436404
7,3424,0.0440717
7,3456,0.04383536
7,3488,0.04370993
7,3520,0.04351382
7,3552,0.04338002
7,3584,0.043332413
7,3616,0.043138355
7,3648,0.043169495
7,3680,0.043119457
7,3712,0.04294756
7,3744,0.042781085
7,3776,0.042830523
7,3808,0.042493656
7,3840,0.04257024
7,3872,0.042614527
7,3904,0.042301387
7,3936,0.042458266
7,3968,0.042164844
7,4000,0.042303532
7,4032,0.042296845
7,4064,0.04211855
7,4096,0.042130575
7,4128,0.042204287
7,4160,0.041919276
7,4192,0.041973542
7,4224,0.042097643
7,4256,0.041836496
7,4288,0.041728515
7,4320,0.04194885
7,4352,0.04342827
7,4384,0.044726513
7,4416,0.044283144
7,4448,0.044066355
7,4480,0.04389255
7,4512,0.043801636
7,4544,0.043557495
7,4576,0.043462068
7,4608,0.04320147
7,4640,0.04315221
7,4672,0.043234743
7,4704,0.04288862
7,4736,0.04282006
7,4768,0.04276929
7,4800,0.042779323
7,4832,0.04267237
7,4864,0.042464625
7,4896,0.042615592
7,4928,0.042433433
7,4960,0.04246158
7,4992,0.042344272
7,5024,0.042264726
7,5056,0.042233843
7,5088,0.042227026
7,5120,0.042144835
7,5152,0.041987352
7,5184,0.042046674
7,5216,0.042092867
7,5248,0.04189707
7,5280,0.041807886
7,5312,0.04181753
7,5344,0.041745957
7,5376,0.04348627
7,5408,0.044802528
7,5440,0.044461034
7,5472,0.044290297
7,5504,0.043905437
7,5536,0.04389143
7,5568,0.043593843
7,5600,0.043431997
7,5632,0.043393236
7,5664,0.043299276
7,5696,0.043127347
7,5728,0.043197066
7,5760,0.04298273
7,5792,0.04304448
7,5824,0.04285204
7,5856,0.042692326
7,5888,0.042676583
7,5920,0.042716634
7,5952,0.042572703
7,5984,0.042334758
7,6016,0.04231408
7,6048,0.04251529
7,6080,0.04230767
8,0,0.04219371
8,32,0.04222037
8,64,0.042144965
8,96,0.0421997
8,128,0.04218205
8,160,0.04207662
8,192,0.04202856
8,224,0.04174032
8,256,0.041845452
8,288,0.042991072
8,320,0.045052227
8,352,0.045016028
8,384,0.044500787
8,416,0.04424921
8,448,0.044056375
8,480,0.043866012
8,512,0.043870002
8,544,0.043752033
8,576,0.043652564
8,608,0.04346866
8,640,0.04338423
8,672,0.043329727
8,704,0.04333
8,736,0.042973563
8,768,0.043149956
8,800,0.04299166
8,832,0.042897522
8,864,0.042815205
8,896,0.042797167
8,928,0.042827897
8,960,0.042578872
8,992,0.042446747
8,1024,0.042630818
8,1056,0.042597786
8,1088,0.042474482
8,1120,0.042400885
8,1152,0.042416934
8,1184,0.042282768
8,1216,0.042443704
8,1248,0.042261846
8,1280,0.04229945
8,1312,0.04300644
8,1344,0.044848435
8,1376,0.04446881
8,1408,0.044119906
8,1440,0.044064984
8,1472,0.043809637
8,1504,0.043664746
8,1536,0.043558367
8,1568,0.043588534
8,1600,0.043467674
8,1632,0.043271992
8,1664,0.043118536
8,1696,0.04308676
8,1728,0.042834632
8,1760,0.04276604
8,1792,0.042903624
8,1824,0.042594615
8,1856,0.042619854
8,1888,0.04243502
8,1920,0.042443436
8,1952,0.04244174
8,1984,0.04236728
8,2016,0.04246612
8,2048,0.042301606
8,2080,0.04238356
8,2112,0.042247802
8,2144,0.042270944
8,2176,0.04190878
8,2208,0.0421668
8,2240,0.041980773
8,2272,0.042001445
8,2304,0.04185776
8,2336,0.042731237
8,2368,0.04477036
8,2400,0.044385314
8,2432,0.04421497
8,2464,0.043920536
8,2496,0.04383531
8,2528,0.04381195
8,2560,0.04350074
8,2592,0.043398995
8,2624,0.043171614
8,2656,0.043042224
8,2688,0.04307879
8,2720,0.042824946
8,2752,0.042941246
8,2784,0.04283776
8,2816,0.04272047
8,2848,0.042638805
8,2880,0.04234572
8,2912,0.042439774
8,2944,0.04235435
8,2976,0.042324763
8,3008,0.042307362
8,3040,0.04244442
8,3072,0.04225097
8,3104,0.041931015
8,3136,0.041982383
8,3168,0.042094447
8,3200,0.042032856
8,3232,0.041950006
8,3264,0.04174883
8,3296,0.041949317
8,3328,0.04180199
8,3360,0.04267259
8,3392,0.04490281
8,3424,0.044381052
8,3456,0.044157267
8,3488,0.044085905
8,3520,0.04372538
8,3552,0.04358992
8,3584,0.043576542
8,3616,0.043407727
8,3648,0.043219656
8,3680,0.043065228
8,3712,0.042907894
8,3744,0.04287067
8,3776,0.0429756
8,3808,0.0427594
8,3840,0.042680364
8,3872,0.04267344
8,3904,0.042679295
8,3936,0.042383585
8,3968,0.042471528
8,4000,0.042566385
8,4032,0.04243567
8,4064,0.042196788
8,4096,0.042251766
8,4128,0.042099196
8,4160,0.042068634
8,4192,0.04207285
8,4224,0.04195645
8,4256,0.041858282
8,4288,0.041899566
8,4320,0.04216633
8,4352,0.041854557
8,4384,0.04257412
8,4416,0.044674024
8,4448,0.04440313
8,4480,0.04413389
8,4512,0.04376316
8,4544,0.04355527
8,4576,0.043525662
8,4608,0.043429136
8,4640,0.04315025
8,4672,0.043251667
8,4704,0.04290508
8,4736,0.042913113
8,4768,0.04276879
8,4800,0.042762037
8,4832,0.042670697
8,4864,0.0424088
8,4896,0.04253814
8,4928,0.042443555
8,4960,0.04239264
8,4992,0.042370956
8,5024,0.04223048
8,5056,0.042248312
8,5088,0.042301007
8,5120,0.041950215
8,5152,0.04206288
8,5184,0.041997254
8,5216,0.04198168
8,5248,0.04189081
8,5280,0.04166087
8,5312,0.04164296
8,5344,0.041759305
8,5376,0.04173772
8,5408,0.042490914
8,5440,0.044804715
8,5472,0.044554748
8,5504,0.044170532
8,5536,0.043836452
8,5568,0.043639187
8,5600,0.043737836
8,5632,0.04332818
8,5664,0.04347368
8,5696,0.04328483
8,5728,0.04331598
8,5760,0.043005534
8,5792,0.04302718
8,5824,0.042808738
8,5856,0.04277987
8,5888,0.042689804
8,5920,0.042592783
8,5952,0.042592414
8,5984,0.042462
8,6016,0.042455923
8,6048,0.042349555
8,6080,0.042317577
9,0,0.042272534
9,32,0.042133648
9,64,0.04221061
9,96,0.042270552
9,128,0.042056117
9,160,0.04217514
9,192,0.041904837
9,224,0.04204811
9,256,0.04181249
9,288,0.041930493
9,320,0.04209365
9,352,0.044701878
9,384,0.044768702
9,416,0.044188164
9,448,0.043881144
9,480,0.0437585
9,512,0.043449827
9,544,0.043453522
9,576,0.04337485
9,608,0.04310098
9,640,0.043113902
9,672,0.042993836
9,704,0.04302308
9,736,0.0427678
9,768,0.04273005
9,800,0.0427515
9,832,0.0425625
9,864,0.042544916
9,896,0.04245535
9,928,0.042490147
9,960,0.042349845
9,992,0.042321656
9,1024,0.042056028
9,1056,0.04229673
9,1088,0.042167764
9,1120,0.04211667
9,1152,0.041993182
9,1184,0.042013187
9,1216,0.041934986
9,1248,0.04176822
9,1280,0.04175265
9,1312,0.042002477
9,1344,0.04190832
9,1376,0.044629544
9,1408,0.044494055
9,1440,0.044198208
9,1472,0.043780956
9,1504,0.043698862
9,1536,0.043603703
9,1568,0.043500442
9,1600,0.043171365
9,1632,0.04324379
9,1664,0.043210745
9,1696,0.042988934
9,1728,0.04298451
9,1760,0.042723257
9,1792,0.04274092
9,1824,0.04250252
9,1856,0.042617716
9,1888,0.042516667
9,1920,0.042413607
9,1952,0.04231502
9,1984,0.04253776
9,2016,0.04233896
9,2048,0.04211346
9,2080,0.042197738
9,2112,0.042053513
9,2144,0.04208775
9,2176,0.041953936
9,2208,0.041993547
9,2240,0.041866094
9,2272,0.041931797
9,2304,0.041838147
9,2336,0.04187089
9,2368,0.041936155
9,2400,0.044805303
9,2432,0.044475347
9,2464,0.044407517
9,2496,0.04396683
9,2528,0.043843444
9,2560,0.043806233
9,2592,0.043315705
9,2624,0.043516465
9,2656,0.043286122
9,2688,0.043065697
9,2720,0.043189727
9,2752,0.042917483
9,2784,0.042894352
9,2816,0.042693216
9,2848,0.042875543
9,2880,0.042813268
9,2912,0.042632136
9,2944,0.042521738
9,2976,0.042394504
9,3008,0.04240841
9,3040,0.04226409
9,3072,0.042334344
9,3104,0.0421089
9,3136,0.042353373
9,3168,0.042082373
9,3200,0.04200329
9,3232,0.042116534
9,3264,0.042053685
9,3296,0.041859366
9,3328,0.041811977
9,3360,0.04193185
9,3392,0.041844215
9,3424,0.045077596
9,3456,0.044498127
9,3488,0.044349745
9,3520,0.044123102
9,3552,0.04402513
9,3584,0.043776028
9,3616,0.0437605
9,3648,0.043485977
9,3680,0.04335303
9,3712,0.04330448
9,3744,0.043243226
9,3776,0.04305359
9,3808,0.043049444
9,3840,0.043047573
9,3872,0.042909123
9,3904,0.042919785
9,3936,0.042816453
9,3968,0.042796176
9,4000,0.042588063
9,4032,0.04253552
9,4064,0.04264648
9,4096,0.04246713
9,4128,0.042267665
9,4160,0.04237286
9,4192,0.04227104
9,4224,0.04237229
9,4256,0.041994628
9,4288,0.042304184
9,4320,0.041958734
9,4352,0.0420335
9,4384,0.04211201
9,4416,0.042096224
9,4448,0.04512676
9,4480,0.04467422
9,4512,0.044346184
9,4544,0.04429352
9,4576,0.043953463
9,4608,0.043724544
9,4640,0.043741513
9,4672,0.043650847
9,4704,0.043508526
9,4736,0.04328763
9,4768,0.043373436
9,4800,0.043139778
9,4832,0.0430546
9,4864,0.043049958
9,4896,0.042817656
9,4928,0.042935472
9,4960,0.042667948
9,4992,0.042501085
9,5024,0.042653766
9,5056,0.042396132
9,5088,0.042446546
9,5120,0.04242514
9,5152,0.042477418
9,5184,0.042433087
9,5216,0.042231176
9,5248,0.042308018
9,5280,0.042101808
9,5312,0.042003803
9,5344,0.042077333
9,5376,0.041938648
9,5408,0.042141575
9,5440,0.04207985
9,5472,0.044779107
9,5504,0.044494558
9,5536,0.044207968
9,5568,0.043953765
9,5600,0.043712974
9,5632,0.043657854
9,5664,0.043411724
9,5696,0.04338187
9,5728,0.043139964
9,5760,0.043205377
9,5792,0.042893287
9,5824,0.042738713
9,5856,0.042960063
9,5888,0.04294116
9,5920,0.04256204
9,5952,0.042580422
9,5984,0.04263398
9,6016,0.042532753
9,6048,0.042452384
9,6080,0.04224554
10,0,0.042209413
10,32,0.042082377
10,64,0.042229194
10,96,0.042248145
10,128,0.042217206
10,160,0.04197525
10,192,0.04197856
10,224,0.04196266
10,256,0.041946325
10,288,0.042000845
10,320,0.04190299
10,352,0.0416021
10,384,0.04410202
10,416,0.04448652
10,448,0.044130947
10,480,0.043954954
10,512,0.043685567
10,544,0.043662783
10,576,0.043228045
10,608,0.04356305
10,640,0.04324227
10,672,0.04299767
10,704,0.043056004
10,736,0.042822745
10,768,0.042640336
10,800,0.04275317
10,832,0.042653155
10,864,0.042462148
10,896,0.042428575
10,928,0.042404715
10,960,0.04240492
10,992,0.042286493
10,1024,0.042103756
10,1056,0.042159323
10,1088,0.04206835
10,1120,0.04196289
10,1152,0.04206348
10,1184,0.042044695
10,1216,0.0417014
10,1248,0.041910578
10,1280,0.041960035
10,1312,0.041982014
10,1344,0.041728478
10,1376,0.041737117
10,1408,0.044103872
10,1440,0.04438935
10,1472,0.04468692
10,1504,0.04411657
10,1536,0.043687552
10,1568,0.043636173
10,1600,0.043553177
10,1632,0.043355662
10,1664,0.04328168
10,1696,0.043270305
10,1728,0.043189414
10,1760,0.04309648
10,1792,0.043151367
10,1824,0.0427541
10,1856,0.042679213
10,1888,0.042568088
10,1920,0.04255427
10,1952,0.042500656
10,1984,0.042594366
10,2016,0.042478587
10,2048,0.042330474
10,2080,0.042235535
10,2112,0.042155374
10,2144,0.042239234
10,2176,0.04205418
10,2208,0.04220444
10,2240,0.041962206
10,2272,0.041931156
10,2304,0.042047273
10,2336,0.04177255
10,2368,0.04161669
10,2400,0.041909073
10,2432,0.044012107
10,2464,0.044202287
10,2496,0.044069443
10,2528,0.043805562
10,2560,0.043686006
10,2592,0.043566056
10,2624,0.043327533
10,2656,0.043128192
10,2688,0.043160893
10,2720,0.042986363
10,2752,0.043003988
10,2784,0.04278986
10,2816,0.042735174
10,2848,0.0425618
10,2880,0.042402677
10,2912,0.04245244
10,2944,0.04216702
10,2976,0.042299476
10,3008,0.042144552
10,3040,0.04233733
10,3072,0.042238355
10,3104,0.04209224
10,3136,0.04206177
10,3168,0.042039905
10,3200,0.041785687
10,3232,0.041923437
10,3264,0.04199198
10,3296,0.04183126
10,3328,0.041871853
10,3360,0.041732892
10,3392,0.04159366
10,3424,0.041613646
10,3456,0.044074517
10,3488,0.044548303
10,3520,0.044179246
10,3552,0.04406102
10,3584,0.043652084
10,3616,0.043689698
10,3648,0.043645926
10,3680,0.043303426
10,3712,0.043375466
10,3744,0.0432188
10,3776,0.0429697
10,3808,0.04302816
10,3840,0.042751156
10,3872,0.042861383
10,3904,0.042717837
10,3936,0.042767443
10,3968,0.042549502
10,4000,0.042593703
10,4032,0.04252907
10,4064,0.042478465
10,4096,0.042277284
10,4128,0.04213407
10,4160,0.042197853
10,4192,0.04207665
10,4224,0.041966826
10,4256,0.042115528
10,4288,0.0420127
10,4320,0.04206006
10,4352,0.04174714
10,4384,0.04191134
10,4416,0.0419213
10,4448,0.04189935
10,4480,0.0444701
10,4512,0.044371586
10,4544,0.044079684
10,4576,0.043923873
10,4608,0.043724727
10,4640,0.043577712
10,4672,0.04357197
10,4704,0.04350088
10,4736,0.043041453
10,4768,0.042867072
10,4800,0.043104723
10,4832,0.042882998
10,4864,0.042679094
10,4896,0.04273471
10,4928,0.042616572
10,4960,0.042759962
10,4992,0.042591225
10,5024,0.04238503
10,5056,0.042538308
10,5088,0.04241369
10,5120,0.042198796
10,5152,0.042136975
10,5184,0.042000044
10,5216,0.041974414
10,5248,0.041896854
10,5280,0.042061538
10,5312,0.04204678
10,5344,0.041981686
10,5376,0.04181617
10,5408,0.041798804
10,5440,0.041644663
10,5472,0.04181274
10,5504,0.04416891
10,5536,0.044472165
10,5568,0.044263493
10,5600,0.044079106
10,5632,0.04367591
10,5664,0.043634668
10,5696,0.043520506
10,5728,0.043388125
10,5760,0.043219097
10,5792,0.04310919
10,5824,0.043068014
10,5856,0.04289057
10,5888,0.04270798
10,5920,0.042897154
10,5952,0.04265473
10,5984,0.04254544
10,6016,0.04251971
10,6048,0.042457342
10,6080,0.042399704
11,0,0.0425654
11,32,0.04223843
11,64,0.042321924
11,96,0.04225412
11,128,0.042169023
11,160,0.042180207
11,192,0.042061206
11,224,0.041876785
11,256,0.041914817
11,288,0.041946165
11,320,0.0419405
11,352,0.041803703
11,384,0.041761085
11,416,0.043420535
11,448,0.044438675
11,480,0.044327155
11,512,0.04401441
11,544,0.0437584
11,576,0.043555614
11,608,0.043525342
11,640,0.043028887
11,672,0.043201752
11,704,0.043142516
11,736,0.043086953
11,768,0.042881854
11,800,0.042737804
11,832,0.042733002
11,864,0.04274088
11,896,0.04237896
11,928,0.042597614
11,960,0.042491276
11,992,0.04244608
11,1024,0.04254473
11,1056,0.042419754
11,1088,0.042128105
11,1120,0.042153623
11,1152,0.041927155
11,1184,0.04205808
11,1216,0.042009473
11,1248,0.04201575
11,1280,0.042012595
11,1312,0.041839704
11,1344,0.04177362
11,1376,0.04166949
11,1408,0.0416526
11,1440,0.043649327
11,1472,0.044919677
11,1504,0.044622783
11,1536,0.04431979
11,1568,0.04417503
11,1600,0.043809213
11,1632,0.043968577
11,1664,0.043616634
11,1696,0.043623615
11,1728,0.043460082
11,1760,0.043457225
11,1792,0.04329247
11,1824,0.043191634
11,1856,0.043237712
11,1888,0.043046374
11,1920,0.042926274
11,1952,0.042958755
11,1984,0.04282328
11,2016,0.042805307
11,2048,0.042749196
11,2080,0.042766776
11,2112,0.04255877
11,2144,0.04273692
11,2176,0.04259672
11,2208,0.04233077
11,2240,0.042666987
11,2272,0.04248473
11,2304,0.042241946
11,2336,0.04207875
11,2368,0.042554665
11,2400,0.04232362
11,2432,0.042091426
11,2464,0.04364005
11,2496,0.044598684
11,2528,0.044254594
11,2560,0.044041507
11,2592,0.043748673
11,2624,0.04362239
11,2656,0.043566857
11,2688,0.043305315
11,2720,0.043295316
11,2752,0.043190982
11,2784,0.04308456
11,2816,0.042735867
11,2848,0.042844195
11,2880,0.04268135
11,2912,0.042581987
11,2944,0.042550825
11,2976,0.042498495
11,3008,0.04243522
11,3040,0.042418394
11,3072,0.04232772
11,3104,0.0422076
11,3136,0.042356312
11,3168,0.042230327
11,3200,0.042277835
11,3232,0.042098157
11,3264,0.04202665
11,3296,0.04199621
11,3328,0.04206681
11,3360,0.041921977
11,3392,0.041752003
11,3424,0.041923106
11,3456,0.04195623
11,3488,0.043344624
11,3520,0.044671323
11,3552,0.044244494
11,3584,0.04399809
11,3616,0.043752655
11,3648,0.04345806
11,3680,0.043547098
11,3712,0.043471992
11,3744,0.043129243
11,3776,0.043032415
11,3808,0.04302199
11,3840,0.042959034
11,3872,0.042855877
11,3904,0.04258675
11,3936,0.042569935
11,3968,0.042591903
11,4000,0.04244455
11,4032,0.042421594
11,4064,0.04248587
11,4096,0.042301886
11,4128,0.04224781
11,4160,0.04224602
11,4192,0.042113114
11,4224,0.042069424
11,4256,0.042106725
11,4288,0.0421079
11,4320,0.04195176
11,4352,0.041887216
11,4384,0.041654605
11,4416,0.041758064
11,4448,0.04169868
11,4480,0.041845612
11,4512,0.043402478
11,4544,0.044597805
11,4576,0.044088423
11,4608,0.044005215
11,4640,0.04372044
11,4672,0.043364603
11,4704,0.043524195
11,4736,0.043277647
11,4768,0.04307993
11,4800,0.04308271
11,4832,0.042864457
11,4864,0.04303716
11,4896,0.04286154
11,4928,0.042777363
11,4960,0.042533644
11,4992,0.042506166
11,5024,0.042565297
11,5056,0.04244324
11,5088,0.042431116
11,5120,0.04232293
11,5152,0.042206872
11,5184,0.04232557
11,5216,0.042163983
11,5248,0.042183228
11,5280,0.04206077
11,5312,0.04191272
11,5344,0.041950766
11,5376,0.04184306
11,5408,0.041781694
11,5440,0.041989643
11,5472,0.04168152
11,5504,0.0417783
11,5536,0.043163486
11,5568,0.04441839
11,5600,0.044183362
11,5632,0.043759428
11,5664,0.04355816
11,5696,0.04344162
11,5728,0.04324229
11,5760,0.04317366
11,5792,0.043056786
11,5824,0.043103747
11,5856,0.04277164
11,5888,0.04266259
11,5920,0.042570636
11,5952,0.04253174
11,5984,0.04254198
11,6016,0.04253743
11,6048,0.04235563
11,6080,0.0423053
12,0,0.04214743
12,32,0.04219434
12,64,0.042169895
12,96,0.04203476
12,128,0.041907527
12,160,0.042060904
12,192,0.041833796
12,224,0.04182162
12,256,0.042034805
12,288,0.041703165
12,320,0.041904297
12,352,0.04175653
12,384,0.041617673
12,416,0.04137136
12,448,0.042471156
12,480,0.044628996
12,512,0.044267975
12,544,0.044150673
12,576,0.043942716
12,608,0.043611184
12,640,0.043744475
12,672,0.04324027
12,704,0.043377437
12,736,0.043358613
12,768,0.043066524
12,800,0.042893335
12,832,0.043092873
12,864,0.043031882
12,896,0.042933803
12,928,0.04281065
12,960,0.042704593
12,992,0.04271816
12,1024,0.0425944
12,1056,0.042466104
12,1088,0.04242334
12,1120,0.042434122
12,1152,0.04230487
12,1184,0.042336807
12,1216,0.04219992
12,1248,0.042120557
12,1280,0.041997306
12,1312,0.04215228
12,1344,0.04191797
12,1376,0.042078644
12,1408,0.041907597
12,1440,0.041760303
12,1472,0.04280331
12,1504,0.04462409
12,1536,0.04435849
12,1568,0.043735214
12,1600,0.043740857
12,1632,0.04367079
12,1664,0.043506972
12,1696,0.043160796
12,1728,0.04322919
12,1760,0.04315072
12,1792,0.0431458
12,1824,0.042837135
12,1856,0.042788014
12,1888,0.042582057
12,1920,0.042666458
12,1952,0.04261791
12,1984,0.0425712
12,2016,0.042533632
12,2048,0.042329494
12,2080,0.04253485
12,2112,0.042351805
12,2144,0.042164087
12,2176,0.042087056
12,2208,0.042263754
12,2240,0.041771583
12,2272,0.042013954
12,2304,0.04186224
12,2336,0.04173299
12,2368,0.0417387
12,2400,0.04190907
12,2432,0.041804433
12,2464,0.041602418
12,2496,0.04250252
12,2528,0.044504344
12,2560,0.044183742
12,2592,0.043857347
12,2624,0.043793604
12,2656,0.04362895
12,2688,0.043437
12,2720,0.043236736
12,2752,0.043321308
12,2784,0.043164115
12,2816,0.042962465
12,2848,0.04280688
12,2880,0.042763863
12,2912,0.04272082
12,2944,0.04260252
12,2976,0.0425035
12,3008,0.04245531
12,3040,0.042295624
12,3072,0.042373266
12,3104,0.04231059
12,3136,0.04238253
12,3168,0.041986093
12,3200,0.042008948
12,3232,0.042077135
12,3264,0.041938715
12,3296,0.04198119
12,3328,0.041999184
12,3360,0.041888986
12,3392,0.041779857
12,3424,0.041746277
12,3456,0.041738972
12,3488,0.041675296
12,3520,0.042444706
12,3552,0.044567186
12,3584,0.04423005
12,3616,0.04389463
12,3648,0.043811902
12,3680,0.043628905
12,3712,0.043474875
12,3744,0.043323472
12,3776,0.04330179
12,3808,0.043111525
12,3840,0.04279107
12,3872,0.042916916
12,3904,0.04277784
12,3936,0.042857572
12,3968,0.042695403
12,4000,0.04268948
12,4032,0.04267477
12,4064,0.042454228
12,4096,0.042562805
12,4128,0.042385567
12,4160,0.042212974
12,4192,0.04226427
12,4224,0.042197797
12,4256,0.042007856
12,4288,0.042167705
12,4320,0.04189094
12,4352,0.041929334
12,4384,0.041723277
12,4416,0.041822705
12,4448,0.041790128
12,4480,0.041912414
12,4512,0.04178085
12,4544,0.042606186
12,4576,0.044939727
12,4608,0.04464076
12,4640,0.04417554
12,4672,0.043941427
12,4704,0.043883476
12,4736,0.04371314
12,4768,0.04352314
12,4800,0.04367847
12,4832,0.043520804
12,4864,0.04338373
12,4896,0.0432089
12,4928,0.04291394
12,4960,0.043063246
12,4992,0.04291635
12,5024,0.042966068
12,5056,0.042729486
12,5088,0.04275897
12,5120,0.042649258
12,5152,0.04262822
12,5184,0.042674206
12,5216,0.04249735
12,5248,0.042432394
12,5280,0.04219829
12,5312,0.042351995
12,5344,0.042408388
12,5376,0.04237071
12,5408,0.04216842
12,5440,0.0422364
12,5472,0.041828565
12,5504,0.042021923
12,5536,0.042074714
12,5568,0.042915724
12,5600,0.044717196
12,5632,0.04410327
12,5664,0.044259153
12,5696,0.04389433
12,5728,0.043677915
12,5760,0.043704685
12,5792,0.04348442
12,5824,0.043311767
12,5856,0.04337504
12,5888,0.043163702
12,5920,0.043003425
12,5952,0.04285966
12,5984,0.04288569
12,6016,0.042883098
12,6048,0.04269176
12,6080,0.042538088
13,0,0.042375762
13,32,0.042338263
13,64,0.042463064
13,96,0.042432807
13,128,0.04222137
13,160,0.042203702
13,192,0.042403635
13,224,0.042159446
13,256,0.04214067
13,288,0.042097207
13,320,0.041920405
13,352,0.04207913
13,384,0.04205076
13,416,0.04175956
13,448,0.04183813
13,480,0.04183154
13,512,0.04458232
13,544,0.04438777
13,576,0.044132546
13,608,0.043921165
13,640,0.04367924
13,672,0.04351778
13,704,0.04361121
13,736,0.04323778
13,768,0.043228317
13,800,0.043049943
13,832,0.04284639
13,864,0.04294096
13,896,0.042915102
13,928,0.042668786
13,960,0.042754453
13,992,0.042605244
13,1024,0.042583
13,1056,0.042508736
13,1088,0.042565487
13,1120,0.04225813
13,1152,0.042303037
13,1184,0.042520158
13,1216,0.04227417
13,1248,0.04221987
13,1280,0.042032376
13,1312,0.042008467
13,1344,0.042004246
13,1376,0.042139407
13,1408,0.04210145
13,1440,0.04184651
13,1472,0.041831948
13,1504,0.04192919
13,1536,0.04443557
13,1568,0.04405397
13,1600,0.04380636
13,1632,0.043701116
13,1664,0.04358664
13,1696,0.043507885
13,1728,0.043417286
13,1760,0.04329079
13,1792,0.043069724
13,1824,0.04288159
13,1856,0.04263149
13,1888,0.042703897
13,1920,0.042672426
13,1952,0.04273074
13,1984,0.04265339
13,2016,0.042444047
13,2048,0.04235684
13,2080,0.0424034
13,2112,0.042256914
13,2144,0.042096287
13,2176,0.042244554
13,2208,0.042094436
13,2240,0.042123586
13,2272,0.04203827
13,2304,0.0420211
13,2336,0.041974418
13,2368,0.041817818
13,2400,0.041781615
13,2432,0.041739814
13,2464,0.04173421
13,2496,0.041845627
13,2528,0.04168216
13,2560,0.04477748
13,2592,0.044160385
13,2624,0.043965735
13,2656,0.0438531
13,2688,0.04359371
13,2720,0.04368293
13,2752,0.043263454
13,2784,0.043267388
13,2816,0.043192722
13,2848,0.0430278
13,2880,0.042685688
13,2912,0.042992063
13,2944,0.042790685
13,2976,0.042656425
13,3008,0.04255355
13,3040,0.042365313
13,3072,0.042533778
13,3104,0.042291753
13,3136,0.042196084
13,3168,0.042276774
13,3200,0.04216935
13,3232,0.042084333
13,3264,0.0423618
13,3296,0.04195282
13,3328,0.042008836
13,3360,0.04201863
13,3392,0.041928675
13,3424,0.041689232
13,3456,0.04173205
13,3488,0.041670445
13,3520,0.041643124
13,3552,0.04187463
13,3584,0.044468727
13,3616,0.044062145
13,3648,0.04406448
13,3680,0.04370799
13,3712,0.04377852
13,3744,0.04346709
13,3776,0.04335648
13,3808,0.043125898
13,3840,0.043103546
13,3872,0.042942885
13,3904,0.04289688
13,3936,0.04280045
13,3968,0.04272583
13,4000,0.042640824
13,4032,0.042643018
13,4064,0.042303525
13,4096,0.042334888
13,4128,0.042421874
13,4160,0.04227412
13,4192,0.042426847
13,4224,0.042257026
13,4256,0.04209444
13,4288,0.041967772
13,4320,0.041984994
13,4352,0.041883305
13,4384,0.041914165
13,4416,0.04208433
13,4448,0.041798513
13,4480,0.041594986
13,4512,0.04190053
13,4544,0.041681737
13,4576,0.041799527
13,4608,0.044586968
13,4640,0.04434408
13,4672,0.043929294
13,4704,0.043853197
13,4736,0.043674327
13,4768,0.04353377
13,4800,0.043352548
13,4832,0.043330852
13,4864,0.043014843
13,4896,0.043004945
13,4928,0.042928666
13,4960,0.042721745
13,4992,0.04264891
13,5024,0.042563625
13,5056,0.04261998
13,5088,0.042486116
13,5120,0.042459607
13,5152,0.042155202
13,5184,0.042568054
13,5216,0.042364184
13,5248,0.04227485
13,5280,0.042122316
13,5312,0.042030107
13,5344,0.04204908
13,5376,0.04193231
13,5408,0.04203183
13,5440,0.041852295
13,5472,0.04193841
13,5504,0.041825358
13,5536,0.04157677
13,5568,0.041711934
13,5600,0.04169168
13,5632,0.04457762
13,5664,0.04428863
13,5696,0.044016942
13,5728,0.04388674
13,5760,0.043490008
13,5792,0.043238606
13,5824,0.043200973
13,5856,0.043157857
13,5888,0.043171342
13,5920,0.04294645
13,5952,0.042861152
13,5984,0.042923767
13,6016,0.04277958
13,6048,0.042458165
13,6080,0.042427924
14,0,0.0424747
14,32,0.042431492
14,64,0.04233084
14,96,0.0423071
14,128,0.042262387
14,160,0.04221557
14,192,0.042098198
14,224,0.041984566
14,256,0.04203879
14,288,0.042013597
14,320,0.041912775
14,352,0.04174
14,384,0.04185142
14,416,0.04181064
14,448,0.04174933
14,480,0.041772414
14,512,0.041642137
14,544,0.043999426
14,576,0.04433029
14,608,0.044190336
14,640,0.043906163
14,672,0.043848492
14,704,0.04354603
14,736,0.043473892
14,768,0.043588284
14,800,0.043380223
14,832,0.04301453
14,864,0.042978525
14,896,0.042910196
14,928,0.042814787
14,960,0.042739768
14,992,0.042769603
14,1024,0.042921215
14,1056,0.042418037
14,1088,0.042534333
14,1120,0.042383388
14,1152,0.042370126
14,1184,0.042271912
14,1216,0.042209037
14,1248,0.042320248
14,1280,0.04222954
14,1312,0.041990463
14,1344,0.042053588
14,1376,0.041989338
14,1408,0.04204521
14,1440,0.042067487
14,1472,0.04206718
14,1504,0.041886043
14,1536,0.04187203
14,1568,0.04394039
14,1600,0.044238295
14,1632,0.043944895
14,1664,0.04379104
14,1696,0.04373328
14,1728,0.0434669
14,1760,0.04350318
14,1792,0.043229062
14,1824,0.04297973
14,1856,0.04292129
14,1888,0.043032266
14,1920,0.042863917
14,1952,0.0425488
14,1984,0.042652875
14,2016,0.04260841
14,2048,0.04261628
14,2080,0.042506546
14,2112,0.04230443
14,2144,0.042359915
14,2176,0.04217433
14,2208,0.04238008
14,2240,0.04227447
14,2272,0.04215099
14,2304,0.04205765
14,2336,0.042261656
14,2368,0.04213615
14,2400,0.041765902
14,2432,0.041896544
14,2464,0.041895576
14,2496,0.04186867
14,2528,0.041845262
14,2560,0.041426424
14,2592,0.04416931
14,2624,0.04469249
14,2656,0.044286408
14,2688,0.04403582
14,2720,0.044011164
14,2752,0.04379989
14,2784,0.043469068
14,2816,0.043596894
14,2848,0.04351445
14,2880,0.0432565
14,2912,0.043458022
14,2944,0.043188658
14,2976,0.04321369
14,3008,0.04308355
14,3040,0.04274408
14,3072,0.042897496
14,3104,0.04285888
14,3136,0.042784385
14,3168,0.042652015
14,3200,0.04256117
14,3232,0.042470787
14,3264,0.042533167
14,3296,0.04256268
14,3328,0.042389028
14,3360,0.042233374
14,3392,0.042360835
14,3424,0.042321604
14,3456,0.042242546
14,3488,0.04232434
14,3520,0.042162966
14,3552,0.042329643
14,3584,0.042158358
14,3616,0.044084594
14,3648,0.044197273
14,3680,0.0441021
14,3712,0.043913163
14,3744,0.04354653
14,3776,0.04349833
14,3808,0.043437358
14,3840,0.04326554
14,3872,0.04312951
14,3904,0.04310377
14,3936,0.043099243
14,3968,0.04276655
14,4000,0.042811826
14,4032,0.042786673
14,4064,0.042551648
14,4096,0.042577013
14,4128,0.042518407
14,4160,0.04253811
14,4192,0.042326696
14,4224,0.042204715
14,4256,0.042243626
14,4288,0.042183354
14,4320,0.042194825
14,4352,0.0420758
14,4384,0.042057246
14,4416,0.04193865
14,4448,0.042058382
14,4480,0.042049933
14,4512,0.04182943
14,4544,0.041769587
14,4576,0.041827165
14,4608,0.04166224
14,4640,0.044067476
14,4672,0.044087473
14,4704,0.043995187
14,4736,0.043734502
14,4768,0.043608036
14,4800,0.04338328
14,4832,0.043207597
14,4864,0.043137074
14,4896,0.043172378
14,4928,0.04289786
14,4960,0.04277758
14,4992,0.042651728
14,5024,0.04267272
14,5056,0.042553313
14,5088,0.042554256
14,5120,0.04247814
14,5152,0.04247023
14,5184,0.042292245
14,5216,0.04222166
14,5248,0.04211801
14,5280,0.04223056
14,5312,0.04204825
14,5344,0.042287067
14,5376,0.04198216
14,5408,0.04206541
14,5440,0.04200227
14,5472,0.041930508
14,5504,0.041858304
14,5536,0.041926317
14,5568,0.041995555
14,5600,0.041707948
14,5632,0.04166944
14,5664,0.043884005
14,5696,0.044286046
14,5728,0.044047173
14,5760,0.04375525
14,5792,0.04345099
14,5824,0.043431345
14,5856,0.043413963
14,5888,0.043151
14,5920,0.043269776
14,5952,0.04309926
14,5984,0.042896174
14,6016,0.042831585
14,6048,0.042779375
14,6080,0.042651005
15,0,0.04256469
15,32,0.04258208
15,64,0.042387582
15,96,0.042566724
15,128,0.042342473
15,160,0.04230488
15,192,0.04219218
15,224,0.042206652
15,256,0.042310853
15,288,0.04205983
15,320,0.04185218
15,352,0.04210237
15,384,0.041959543
15,416,0.041907754
15,448,0.041722994
15,480,0.0417956
15,512,0.041734237
15,544,0.041731384
15,576,0.043169804
15,608,0.04418534
15,640,0.043792818
15,672,0.043741714
15,704,0.043711778
15,736,0.04326743
15,768,0.0432919
15,800,0.04322092
15,832,0.043008357
15,864,0.04268904
15,896,0.042800017
15,928,0.042813655
15,960,0.042727403
15,992,0.04257066
15,1024,0.04240003
15,1056,0.04238731
15,1088,0.04237766
15,1120,0.042368416
15,1152,0.04245664
15,1184,0.04223673
15,1216,0.042179603
15,1248,0.042146735
15,1280,0.042120807
15,1312,0.042047586
15,1344,0.04200694
15,1376,0.04188948
15,1408,0.042022
15,1440,0.041702
15,1472,0.041849013
15,1504,0.041839335
15,1536,0.041758988
15,1568,0.041716237
15,1600,0.04335184
15,1632,0.044420205
15,1664,0.04404344
15,1696,0.043925572
15,1728,0.043452997
15,1760,0.043313626
15,1792,0.04323415
15,1824,0.043149486
15,1856,0.043240096
15,1888,0.042967483
15,1920,0.042923246
15,1952,0.04268343
15,1984,0.04276827
15,2016,0.04264128
15,2048,0.04273436
15,2080,0.04256841
15,2112,0.042481028
15,2144,0.04245572
15,2176,0.042282
15,2208,0.042242523
15,2240,0.042480443
15,2272,0.042179648
15,2304,0.0422035
15,2336,0.041973405
15,2368,0.042047676
15,2400,0.04208642
15,2432,0.042038593
15,2464,0.04175798
15,2496,0.041809216
15,2528,0.041766185
15,2560,0.04171305
15,2592,0.041937485
15,2624,0.04336207
15,2656,0.044303324
15,2688,0.04390906
15,2720,0.04389589
15,2752,0.043751985
15,2784,0.04353887
15,2816,0.043273777
15,2848,0.04336254
15,2880,0.04326905
15,2912,0.043041255
15,2944,0.042948008
15,2976,0.042886928
15,3008,0.042650998
15,3040,0.042801198
15,3072,0.042575106
15,3104,0.04271814
15,3136,0.04233323
15,3168,0.042348485
15,3200,0.04242023
15,3232,0.04230341
15,3264,0.042218946
15,3296,0.04217199
15,3328,0.042129353
15,3360,0.042214945
15,3392,0.042114712
15,3424,0.042110633
15,3456,0.041942865
15,3488,0.041984722
15,3520,0.041832972
15,3552,0.041877564
15,3584,0.041920435
15,3616,0.041800845
15,3648,0.04306254
15,3680,0.044274103
15,3712,0.04389408
15,3744,0.043664224
15,3776,0.043531936
15,3808,0.043545794
15,3840,0.043285877
15,3872,0.043200247
15,3904,0.043120813
15,3936,0.04297102
15,3968,0.042894714
15,4000,0.04262942
15,4032,0.042505883
15,4064,0.04266152
15,4096,0.042602956
15,4128,0.042489327
15,4160,0.04227554
15,4192,0.042551633
15,4224,0.042127907
15,4256,0.042164803
15,4288,0.042292915
15,4320,0.042114824
15,4352,0.04190329
15,4384,0.042008333
15,4416,0.042043082
15,4448,0.041920535
15,4480,0.041949343
15,4512,0.041828457
15,4544,0.04189974
15,4576,0.041766584
15,4608,0.04178781
15,4640,0.041594837
15,4672,0.04318243
15,4704,0.044321824
15,4736,0.044054233
15,4768,0.04383859
15,4800,0.043752525
15,4832,0.043545984
15,4864,0.043415844
15,4896,0.04323166
15,4928,0.043194667
15,4960,0.043155547
15,4992,0.04293737
15,5024,0.042785592
15,5056,0.04273533
15,5088,0.042693377
15,5120,0.042676654
15,5152,0.042421136
15,5184,0.04255949
15,5216,0.042462215
15,5248,0.04253175
15,5280,0.042272635
15,5312,0.04232146
15,5344,0.042205974
15,5376,0.0420785
15,5408,0.042120535
15,5440,0.042089105
15,5472,0.041958787
15,5504,0.041841842
15,5536,0.041855015
15,5568,0.04187039
15,5600,0.04187765
15,5632,0.041873094
15,5664,0.04185188
15,5696,0.043335468
15,5728,0.04432651
15,5760,0.044147387
15,5792,0.044204403
15,5824,0.044039782
15,5856,0.04391191
15,5888,0.043806944
15,5920,0.043587916
15,5952,0.04341242
15,5984,0.043293517
15,6016,0.043176413
15,6048,0.04313766
15,6080,0.043117367
16,0,0.043074027
16,32,0.04283792
16,64,0.043098174
16,96,0.04267713
16,128,0.042664334
16,160,0.042436764
16,192,0.04268886
16,224,0.042500727
16,256,0.042644493
16,288,0.04232775
16,320,0.04254765
16,352,0.042311236
16,384,0.04240953
16,416,0.04217624
16,448,0.04209641
16,480,0.04219712
16,512,0.042197797
16,544,0.042176463
16,576,0.041941572
16,608,0.042681396
16,640,0.04451011
16,672,0.04410128
16,704,0.044008404
16,736,0.0438856
16,768,0.043618083
16,800,0.04332768
16,832,0.04328297
16,864,0.043351755
16,896,0.043072037
16,928,0.042967197
16,960,0.042881712
16,992,0.042876296
16,1024,0.042825732
16,1056,0.042764984
16,1088,0.042595733
16,1120,0.042667802
16,1152,0.042523224
16,1184,0.042448524
16,1216,0.042450115
16,1248,0.04229172
16,1280,0.042204846
16,1312,0.042211264
16,1344,0.042022828
16,1376,0.042285603
16,1408,0.042061895
16,1440,0.04190849
16,1472,0.04213757
16,1504,0.042018503
16,1536,0.041987225
16,1568,0.041975524
16,1600,0.04186801
16,1632,0.042576086
16,1664,0.044527996
16,1696,0.043881364
16,1728,0.043823693
16,1760,0.043850325
16,1792,0.04353779
16,1824,0.043401193
16,1856,0.043261975
16,1888,0.042986248
16,1920,0.042989522
16,1952,0.043079887
16,1984,0.042863477
16,2016,0.042713534
16,2048,0.042629898
16,2080,0.042566173
16,2112,0.042407006
16,2144,0.04251619
16,2176,0.042547163
16,2208,0.042465083
16,2240,0.042245127
16,2272,0.04223076
16,2304,0.042273194
16,2336,0.042175695
16,2368,0.042180777
16,2400,0.04210094
16,2432,0.04220724
16,2464,0.041868683
16,2496,0.04200458
16,2528,0.04192984
16,2560,0.041901365
16,2592,0.041721717
16,2624,0.041832525
16,2656,0.04253451
16,2688,0.044288665
16,2720,0.043962106
16,2752,0.043824773
16,2784,0.043744996
16,2816,0.043470565
16,2848,0.043275896
16,2880,0.043282393
16,2912,0.043252986
16,2944,0.0428504
16,2976,0.04295229
16,3008,0.043046147
16,3040,0.042737227
16,3072,0.042755295
16,3104,0.04272963
16,3136,0.042630464
16,3168,0.04255928
16,3200,0.042420547
16,3232,0.042416018
16,3264,0.042172626
16,3296,0.04217647
16,3328,0.042447988
16,3360,0.042180687
16,3392,0.042088352
16,3424,0.0421186
16,3456,0.04205374
16,3488,0.041824255
16,3520,0.041923244
16,3552,0.041607074
16,3584,0.041645344
16,3616,0.041810207
16,3648,0.04198001
16,3680,0.0423474
16,3712,0.044495218
16,3744,0.04403064
16,3776,0.044002924
16,3808,0.043489076
16,3840,0.043514337
16,3872,0.04331067
16,3904,0.04310668
16,3936,0.04272497
16,3968,0.043129683
16,4000,0.04289443
16,4032,0.04274761
16,4064,0.042778414
16,4096,0.042648677
16,4128,0.042567093
16,4160,0.0425113
16,4192,0.04244238
16,4224,0.042631485
16,4256,0.04232353
16,4288,0.04226625
16,4320,0.042125873
16,4352,0.042323187
16,4384,0.042057443
16,4416,0.041950393
16,4448,0.04206193
16,4480,0.041855786
16,4512,0.042108856
16,4544,0.042004127
16,4576,0.041752506
16,4608,0.041690532
16,4640,0.041616596
16,4672,0.041600663
16,4704,0.042485792
16,4736,0.04412474
16,4768,0.043943986
16,4800,0.04388867
16,4832,0.043653138
16,4864,0.043497704
16,4896,0.043284245
16,4928,0.04308679
16,4960,0.043089636
16,4992,0.04298229
16,5024,0.042915788
16,5056,0.042789005
16,5088,0.042612232
16,5120,0.042713962
16,5152,0.0428005
16,5184,0.04258106
16,5216,0.042515922
16,5248,0.04248541
16,5280,0.04223955
16,5312,0.04220676
16,5344,0.04215143
16,5376,0.042309258
16,5408,0.042294543
16,5440,0.041993216
16,5472,0.042053238
16,5504,0.041830078
16,5536,0.041746877
16,5568,0.041817848
16,5600,0.041681476
16,5632,0.041779302
16,5664,0.04162267
16,5696,0.04174271
16,5728,0.042271517
16,5760,0.044156905
16,5792,0.044137876
16,5824,0.043850817
16,5856,0.043421805
16,5888,0.043396495
16,5920,0.04337284
16,5952,0.0434242
16,5984,0.042984184
16,6016,0.04312762
16,6048,0.04295969
16,6080,0.042765472
17,0,0.042775717
17,32,0.04264005
17,64,0.042744245
17,96,0.042587698
17,128,0.042489447
17,160,0.04238892
17,192,0.042299103
17,224,0.042182535
17,256,0.04230354
17,288,0.042175688
17,320,0.042219836
17,352,0.042163678
17,384,0.042006053
17,416,0.042104587
17,448,0.042038284
17,480,0.04199549
17,512,0.041785598
17,544,0.041823603
17,576,0.041617982
17,608,0.041847818
17,640,0.04163685
17,672,0.04432645
17,704,0.04393419
17,736,0.04373013
17,768,0.043674614
17,800,0.04335426
17,832,0.043157734
17,864,0.04315994
17,896,0.043167282
17,928,0.042918235
17,960,0.042894054
17,992,0.04296677
17,1024,0.04260637
17,1056,0.042769242
17,1088,0.04273149
17,1120,0.042494763
17,1152,0.042461477
17,1184,0.042438664
17,1216,0.042140566
17,1248,0.042165946
17,1280,0.042092226
17,1312,0.042183526
17,1344,0.042061776
17,1376,0.042158507
17,1408,0.04200433
17,1440,0.042061843
17,1472,0.041837696
17,1504,0.041752066
17,1536,0.04173183
17,1568,0.041937288
17,1600,0.041712757
17,1632,0.041456133
17,1664,0.04178565
17,1696,0.04444377
17,1728,0.044014633
17,1760,0.043926787
17,1792,0.04358825
17,1824,0.04364561
17,1856,0.043389287
17,1888,0.043387253
17,1920,0.04321996
17,1952,0.043173816
17,1984,0.042948205
17,2016,0.042784136
17,2048,0.04273049
17,2080,0.042684343
17,2112,0.04260089
17,2144,0.042675544
17,2176,0.04269894
17,2208,0.042503223
17,2240,0.042270485
17,2272,0.04228713
17,2304,0.04238651
17,2336,0.04230526
17,2368,0.042240646
17,2400,0.042108376
17,2432,0.042148195
17,2464,0.04206452
17,2496,0.042211805
17,2528,0.042128902
17,2560,0.042000048
17,2592,0.041766312
17,2624,0.041982725
17,2656,0.041802283
17,2688,0.042006258
17,2720,0.044662613
17,2752,0.04424989
17,2784,0.043989692
17,2816,0.04377136
17,2848,0.04374853
17,2880,0.04344527
17,2912,0.043475103
17,2944,0.043222953
17,2976,0.043057617
17,3008,0.043065637
17,3040,0.042857643
17,3072,0.043143008
17,3104,0.042873036
17,3136,0.042744137
17,3168,0.042781908
17,3200,0.04255265
17,3232,0.042627398
17,3264,0.04257388
17,3296,0.042584732
17,3328,0.042373415
17,3360,0.04233217
17,3392,0.042344827
17,3424,0.042172454
17,3456,0.04239079
17,3488,0.04218897
17,3520,0.042069755
17,3552,0.0421505
17,3584,0.041850176
17,3616,0.041877117
17,3648,0.042056125
17,3680,0.041904487
17,3712,0.04199442
17,3744,0.044521283
17,3776,0.044453133
17,3808,0.04409664
17,3840,0.043984264
17,3872,0.043865327
17,3904,0.043681744
17,3936,0.04342402
17,3968,0.04359874
17,4000,0.043020982
17,4032,0.043194424
17,4064,0.043297198
17,4096,0.042896967
17,4128,0.04299074
17,4160,0.042875625
17,4192,0.042920116
17,4224,0.042635232
17,4256,0.042569023
17,4288,0.04281668
17,4320,0.04252664
17,4352,0.042448618
17,4384,0.04236128
17,4416,0.042382605
17,4448,0.042362157
17,4480,0.04220914
17,4512,0.042095754
17,4544,0.0421146
17,4576,0.041998286
17,4608,0.042255428
17,4640,0.04225674
17,4672,0.04196328
17,4704,0.04173424
17,4736,0.042128872
17,4768,0.044486832
17,4800,0.04419712
17,4832,0.04391643
17,4864,0.043750893
17,4896,0.043625943
17,4928,0.043370817
17,4960,0.043150812
17,4992,0.043154895
17,5024,0.04295146
17,5056,0.043088645
17,5088,0.043020993
17,5120,0.042698026
17,5152,0.04273776
17,5184,0.04260452
17,5216,0.042645104
17,5248,0.04242589
17,5280,0.042324934
17,5312,0.042385627
17,5344,0.042404182
17,5376,0.042286124
17,5408,0.04216269
17,5440,0.042146876
17,5472,0.04218385
17,5504,0.04197057
17,5536,0.0419208
17,5568,0.042106006
17,5600,0.042098567
17,5632,0.041949812
17,5664,0.042017277
17,5696,0.041771088
17,5728,0.041608267
17,5760,0.041900557
17,5792,0.04442565
17,5824,0.043956563
17,5856,0.04389538
17,5888,0.043583274
17,5920,0.043322124
17,5952,0.043327607
17,5984,0.043181226
17,6016,0.043250915
17,6048,0.042895388
17,6080,0.0429459
18,0,0.042717893
18,32,0.04280853
18,64,0.042712722
18,96,0.042623695
18,128,0.04261483
18,160,0.042356893
18,192,0.042263612
18,224,0.04254856
18,256,0.042498384
18,288,0.042401463
18,320,0.042217083
18,352,0.04201532
18,384,0.042091615
18,416,0.042016298
18,448,0.04192267
18,480,0.041976094
18,512,0.041955203
18,544,0.041518867
18,576,0.04186868
18,608,0.04184904
18,640,0.041598957
18,672,0.04166856
18,704,0.043896608
18,736,0.04384953
18,768,0.043969035
18,800,0.04367981
18,832,0.043552715
18,864,0.043375324
18,896,0.043397535
18,928,0.043075323
18,960,0.04302496
18,992,0.042989597
18,1024,0.04281468
18,1056,0.042809427
18,1088,0.042840376
18,1120,0.04262849
18,1152,0.042365994
18,1184,0.042333405
18,1216,0.042450674
18,1248,0.04230338
18,1280,0.042225443
18,1312,0.042239044
18,1344,0.042312264
18,1376,0.04226646
18,1408,0.042049777
18,1440,0.042146083
18,1472,0.04181476
18,1504,0.042000808
18,1536,0.04215357
18,1568,0.04183624
18,1600,0.04184454
18,1632,0.04171941
18,1664,0.041651547
18,1696,0.04181006
18,1728,0.043763384
18,1760,0.0439354
18,1792,0.043735474
18,1824,0.043496963
18,1856,0.04330796
18,1888,0.043297436
18,1920,0.043054182
18,1952,0.043020457
18,1984,0.042962383
18,2016,0.04289726
18,2048,0.04276141
18,2080,0.042582996
18,2112,0.042626362
18,2144,0.04242988
18,2176,0.042404238
18,2208,0.042324845
18,2240,0.042289894
18,2272,0.042124163
18,2304,0.042191137
18,2336,0.04228069
18,2368,0.042068705
18,2400,0.04200974
18,2432,0.04181555
18,2464,0.042045012
18,2496,0.041868687
18,2528,0.0418251
18,2560,0.041898612
18,2592,0.04167974
18,2624,0.041869204
18,2656,0.041719444
18,2688,0.041706886
18,2720,0.041537363
18,2752,0.043700747
18,2784,0.044348076
18,2816,0.043866094
18,2848,0.043790936
18,2880,0.043626394
18,2912,0.04340479
18,2944,0.043173525
18,2976,0.04324168
18,3008,0.04311337
18,3040,0.04301543
18,3072,0.042976066
18,3104,0.042855375
18,3136,0.04272629
18,3168,0.04262055
18,3200,0.042635527
18,3232,0.042402245
18,3264,0.042476453
18,3296,0.042585522
18,3328,0.042447057
18,3360,0.042209286
18,3392,0.04232049
18,3424,0.042248137
18,3456,0.042201333
18,3488,0.04211656
18,3520,0.042023655
18,3552,0.042123724
18,3584,0.04202956
18,3616,0.041935604
18,3648,0.04193108
18,3680,0.04180214
18,3712,0.041861147
18,3744,0.041783705
18,3776,0.043790534
18,3808,0.044113994
18,3840,0.043884635
18,3872,0.0437243
18,3904,0.04356289
18,3936,0.04336473
18,3968,0.04323506
18,4000,0.043089706
18,4032,0.043122847
18,4064,0.042953487
18,4096,0.042958826
18,4128,0.0428234
18,4160,0.042645905
18,4192,0.042728096
18,4224,0.042564794
18,4256,0.042482127
18,4288,0.04256672
18,4320,0.04231575
18,4352,0.04233818
18,4384,0.042260375
18,4416,0.042255484
18,4448,0.0420733
18,4480,0.042152844
18,4512,0.042046443
18,4544,0.04201177
18,4576,0.042037334
18,4608,0.041835185
18,4640,0.041957486
18,4672,0.04178224
18,4704,0.04192557
18,4736,0.041701436
18,4768,0.04170589
18,4800,0.04370686
18,4832,0.04402376
18,4864,0.043717857
18,4896,0.043496102
18,4928,0.043288738
18,4960,0.04350296
18,4992,0.04312216
18,5024,0.043003768
18,5056,0.04281564
18,5088,0.04285788
18,5120,0.0428319
18,5152,0.04244837
18,5184,0.042520743
18,5216,0.042433653
18,5248,0.042471807
18,5280,0.04253904
18,5312,0.04243117
18,5344,0.04236927
18,5376,0.042278785
18,5408,0.04218892
18,5440,0.04214885
18,5472,0.042102765
18,5504,0.04195515
18,5536,0.04213025
18,5568,0.04201606
18,5600,0.042087782
18,5632,0.041864887
18,5664,0.041815042
18,5696,0.04182021
18,5728,0.041664682
18,5760,0.041644298
18,5792,0.04172068
18,5824,0.043558646
18,5856,0.044154994
18,5888,0.043890487
18,5920,0.043619003
18,5952,0.043610636
18,5984,0.04345729
18,6016,0.043358024
18,6048,0.043084573
18,6080,0.043045808
19,0,0.04301298
19,32,0.042910185
19,64,0.042623088
19,96,0.042792894
19,128,0.04261833
19,160,0.042674433
19,192,0.042541772
19,224,0.04252619
19,256,0.04226333
19,288,0.042306326
19,320,0.042278636
19,352,0.042274635
19,384,0.04217002
19,416,0.042209193
19,448,0.042309802
19,480,0.042082712
19,512,0.041896027
19,544,0.04191896
19,576,0.04191123
19,608,0.04187687
19,640,0.042067014
19,672,0.041875288
19,704,0.041798543
19,736,0.043423392
19,768,0.04471037
19,800,0.04442256
19,832,0.04390958
19,864,0.04386739
19,896,0.04374461
19,928,0.043617208
19,960,0.043405745
19,992,0.0434022
19,1024,0.043275643
19,1056,0.043227825
19,1088,0.043134373
19,1120,0.042986445
19,1152,0.04297185
19,1184,0.04298355
19,1216,0.04275177
19,1248,0.042925127
19,1280,0.042794347
19,1312,0.04281593
19,1344,0.042604867
19,1376,0.04269371
19,1408,0.042460848
19,1440,0.042631436
19,1472,0.042441707
19,1504,0.042531822
19,1536,0.042381015
19,1568,0.042424414
19,1600,0.042231653
19,1632,0.04215376
19,1664,0.042332746
19,1696,0.04206394
19,1728,0.04222641
19,1760,0.04330951
19,1792,0.04400131
19,1824,0.043751135
19,1856,0.04380644
19,1888,0.04332298
19,1920,0.043567702
19,1952,0.043241646
19,1984,0.043310836
19,2016,0.043206606
19,2048,0.043055985
19,2080,0.042991523
19,2112,0.042757396
19,2144,0.042739112
19,2176,0.042654518
19,2208,0.042543218
19,2240,0.042587306
19,2272,0.042555604
19,2304,0.042411063
19,2336,0.04225047
19,2368,0.042270955
19,2400,0.042277362
19,2432,0.042168204
19,2464,0.042204246
19,2496,0.042190645
19,2528,0.042269
19,2560,0.04197934
19,2592,0.04204326
19,2624,0.04199298
19,2656,0.04178381
19,2688,0.04194126
19,2720,0.041939892
19,2752,0.041709445
19,2784,0.043177538
19,2816,0.04413554
19,2848,0.04387778
19,2880,0.043496653
19,2912,0.043654036
19,2944,0.04336785
19,2976,0.04338019
19,3008,0.043152627
19,3040,0.043006077
19,3072,0.04307697
19,3104,0.0428256
19,3136,0.042718958
19,3168,0.042653993
19,3200,0.04262085
19,3232,0.042549644
19,3264,0.042471696
19,3296,0.042370133
19,3328,0.042497963
19,3360,0.04212993
19,3392,0.04235123
19,3424,0.042393647
19,3456,0.04220504
19,3488,0.042099066
19,3520,0.04195618
19,3552,0.04205828
19,3584,0.042044416
19,3616,0.041976694
19,3648,0.04215101
19,3680,0.041772977
19,3712,0.041832108
19,3744,0.041856382
19,3776,0.04188938
19,3808,0.043018606
19,3840,0.044270344
19,3872,0.043995995
19,3904,0.043840908
19,3936,0.043514535
19,3968,0.043536004
19,4000,0.043166164
19,4032,0.043424573
19,4064,0.043012515
19,4096,0.042956877
19,4128,0.043020703
19,4160,0.042868678
19,4192,0.042770848
19,4224,0.042745564
19,4256,0.042545516
19,4288,0.042610575
19,4320,0.042428143
19,4352,0.042534757
19,4384,0.04257734
19,4416,0.042267654
19,4448,0.04217067
19,4480,0.04211639
19,4512,0.04209095
19,4544,0.042035334
19,4576,0.042018376
19,4608,0.04201854
19,4640,0.041972965
19,4672,0.042052243
19,4704,0.041825414
19,4736,0.04193559
19,4768,0.0418832
19,4800,0.041782036
19,4832,0.04317374
19,4864,0.04396118
19,4896,0.04363403
19,4928,0.043425314
19,4960,0.043316968
19,4992,0.043359395
19,5024,0.043052763
19,5056,0.04300898
19,5088,0.04291143
19,5120,0.04299503
19,5152,0.042699855
19,5184,0.042686865
19,5216,0.042415924
19,5248,0.042459924
19,5280,0.04228
19,5312,0.04244662
19,5344,0.042398382
19,5376,0.04221877
19,5408,0.042296756
19,5440,0.042200577
19,5472,0.042092126
19,5504,0.041956455
19,5536,0.041971065
19,5568,0.04181498
19,5600,0.041811597
19,5632,0.041821055
19,5664,0.041764714
19,5696,0.041825823
19,5728,0.041707195
19,5760,0.04176157
19,5792,0.041497834
19,5824,0.041780178
19,5856,0.043027107
19,5888,0.044041306
19,5920,0.043862287
19,5952,0.043461885
19,5984,0.043484733
19,6016,0.043475226
19,6048,0.043269165
19,6080,0.043097213
20,0,0.04316202
20,32,0.042898204
20,64,0.04299533
20,96,0.042949997
20,128,0.042651817
20,160,0.04275732
20,192,0.04246572
20,224,0.042497024
20,256,0.0423907
20,288,0.04250582
20,320,0.0422705
20,352,0.042214885
20,384,0.042335242
20,416,0.042186964
20,448,0.04209675
20,480,0.042141996
20,512,0.041951623
20,544,0.041992374
20,576,0.042009838
20,608,0.041744284
20,640,0.042010546
20,672,0.041837882
20,704,0.04192109
20,736,0.04169995
20,768,0.042455766
20,800,0.044189587
20,832,0.04404965
20,864,0.043716412
20,896,0.04358422
20,928,0.04343447
20,960,0.04328193
20,992,0.042979244
20,1024,0.043236297
20,1056,0.042920526
20,1088,0.042886622
20,1120,0.0428982
20,1152,0.04273269
20,1184,0.042621344
20,1216,0.042563893
20,1248,0.042491693
20,1280,0.042387836
20,1312,0.042495586
20,1344,0.04228888
20,1376,0.042408865
20,1408,0.042166706
20,1440,0.042052466
20,1472,0.042075984
20,1504,0.04201466
20,1536,0.04204744
20,1568,0.042123474
20,1600,0.0420334
20,1632,0.042054825
20,1664,0.042015605
20,1696,0.041785788
20,1728,0.041871317
20,1760,0.04188027
20,1792,0.042558033
20,1824,0.044023447
20,1856,0.043902855
20,1888,0.043419134
20,1920,0.043275286
20,1952,0.043395437
20,1984,0.043050703
20,2016,0.043248434
20,2048,0.043030437
20,2080,0.042942926
20,2112,0.042788915
20,2144,0.042620115
20,2176,0.042560935
20,2208,0.042703245
20,2240,0.042370185
20,2272,0.04233134
20,2304,0.042528324
20,2336,0.042232715
20,2368,0.04221009
20,2400,0.042114355
20,2432,0.042106055
20,2464,0.04213243
20,2496,0.042140715
20,2528,0.042065714
20,2560,0.042024918
20,2592,0.042230394
20,2624,0.041704684
20,2656,0.041818112
20,2688,0.04198592
20,2720,0.041758463
20,2752,0.04189829
20,2784,0.04168151
20,2816,0.042583708
20,2848,0.044230577
20,2880,0.04402793
20,2912,0.043680638
20,2944,0.043516833
20,2976,0.043430075
20,3008,0.043382168
20,3040,0.043259043
20,3072,0.042948555
20,3104,0.04285491
20,3136,0.043054443
20,3168,0.043053906
20,3200,0.04258867
20,3232,0.042727605
20,3264,0.042827662
20,3296,0.042454407
20,3328,0.042506512
20,3360,0.04252885
20,3392,0.042621113
20,3424,0.042380832
20,3456,0.042273223
20,3488,0.042461127
20,3520,0.042143643
20,3552,0.042283777
20,3584,0.042047124
20,3616,0.04207113
20,3648,0.042220667
20,3680,0.041786987
20,3712,0.041981846
20,3744,0.041913014
20,3776,0.04196621
20,3808,0.04189153
20,3840,0.04254411
20,3872,0.04435977
20,3904,0.044179186
20,3936,0.04379442
20,3968,0.043724593
20,4000,0.043632884
20,4032,0.04345925
20,4064,0.043411303
20,4096,0.0432132
20,4128,0.043334592
20,4160,0.042926352
20,4192,0.04299163
20,4224,0.0427942
20,4256,0.042851657
20,4288,0.042763397
20,4320,0.042679142
20,4352,0.042640768
20,4384,0.04260998
20,4416,0.0425093
20,4448,0.04244807
20,4480,0.042571332
20,4512,0.04233021
20,4544,0.042462684
20,4576,0.04237252
20,4608,0.04236012
20,4640,0.042104702
20,4672,0.04208994
20,4704,0.042183574
20,4736,0.042037096
20,4768,0.042028558
20,4800,0.041975327
20,4832,0.041938327
20,4864,0.04249493
20,4896,0.044325504
20,4928,0.044039793
20,4960,0.043745376
20,4992,0.0438848
20,5024,0.043690078
20,5056,0.0435118
20,5088,0.043272186
20,5120,0.043366525
20,5152,0.043040387
20,5184,0.0432642
20,5216,0.04292999
20,5248,0.043070264
20,5280,0.04302388
20,5312,0.042752445
20,5344,0.04255152
20,5376,0.042913403
20,5408,0.04247212
20,5440,0.04253397
20,5472,0.042521562
20,5504,0.042486906
20,5536,0.04228898
20,5568,0.042138122
20,5600,0.04213054
20,5632,0.042440724
20,5664,0.042273715
20,5696,0.042090777
20,5728,0.042186856
20,5760,0.042227775
20,5792,0.041944604
20,5824,0.041945577
20,5856,0.0419329
20,5888,0.042736225
20,5920,0.044010296
20,5952,0.044003136
20,5984,0.04357512
20,6016,0.04352271
20,6048,0.043289013
20,6080,0.04337519
21,0,0.043146327
21,32,0.04318967
21,64,0.04283684
21,96,0.04287016
21,128,0.042952824
21,160,0.042744145
21,192,0.04283183
21,224,0.042540535
21,256,0.042764384
21,288,0.042523395
21,320,0.042326886
21,352,0.042355254
21,384,0.042431906
21,416,0.042334013
21,448,0.042201992
21,480,0.042202998
21,512,0.042208232
21,544,0.04196024
21,576,0.041965824
21,608,0.042049546
21,640,0.04209595
21,672,0.041809194
21,704,0.04195619
21,736,0.04188931
21,768,0.04184283
21,800,0.041868523
21,832,0.04397494
21,864,0.043864653
21,896,0.043700352
21,928,0.04342091
21,960,0.04349592
21,992,0.043243047
21,1024,0.04305181
21,1056,0.04329229
21,1088,0.042815644
21,1120,0.04288178
21,1152,0.042653173
21,1184,0.042632937
21,1216,0.042644344
21,1248,0.042602982
21,1280,0.042379923
21,1312,0.042366803
21,1344,0.042209513
21,1376,0.042341072
21,1408,0.042145744
21,1440,0.042279154
21,1472,0.042374674
21,1504,0.042187255
21,1536,0.04207125
21,1568,0.042088285
21,1600,0.042033724
21,1632,0.041991394
21,1664,0.04195457
21,1696,0.04198342
21,1728,0.041922286
21,1760,0.041878242
21,1792,0.041913033
21,1824,0.04177762
21,1856,0.044030618
21,1888,0.043777745
21,1920,0.043896753
21,1952,0.04355817
21,1984,0.043218624
21,2016,0.043399382
21,2048,0.04311862
21,2080,0.04317517
21,2112,0.04299986
21,2144,0.043099213
21,2176,0.042810004
21,2208,0.04268452
21,2240,0.04268448
21,2272,0.042653438
21,2304,0.042630985
21,2336,0.042681236
21,2368,0.04254434
21,2400,0.042452086
21,2432,0.04246624
21,2464,0.042301618
21,2496,0.042416666
21,2528,0.042386133
21,2560,0.042064756
21,2592,0.042180367
21,2624,0.04190513
21,2656,0.042067483
21,2688,0.042290084
21,2720,0.042076875
21,2752,0.042056724
21,2784,0.04199659
21,2816,0.041938383
21,2848,0.041958086
21,2880,0.043867826
21,2912,0.043634802
21,2944,0.04337714
21,2976,0.04325204
21,3008,0.04309406
21,3040,0.04306359
21,3072,0.042775713
21,3104,0.04289804
21,3136,0.04270005
21,3168,0.04256535
21,3200,0.042699076
21,3232,0.04264724
21,3264,0.04256043
21,3296,0.042521693
21,3328,0.042204104
21,3360,0.04241832
21,3392,0.042167306
21,3424,0.042220943
21,3456,0.042362195
21,3488,0.042086005
21,3520,0.04206233
21,3552,0.041844938
21,3584,0.041919623
21,3616,0.04180644
21,3648,0.041880377
21,3680,0.041860156
21,3712,0.04182093
21,3744,0.04169794
21,3776,0.041686054
21,3808,0.04157604
21,3840,0.041579217
21,3872,0.041598324
21,3904,0.044200905
21,3936,0.04389068
21,3968,0.043674674
21,4000,0.04379415
21,4032,0.043354258
21,4064,0.043446098
21,4096,0.043056525
21,4128,0.043234088
21,4160,0.042882815
21,4192,0.043060757
21,4224,0.042569473
21,4256,0.042873837
21,4288,0.042720295
21,4320,0.042633194
21,4352,0.042761978
21,4384,0.042571425
21,4416,0.042507492
21,4448,0.042269062
21,4480,0.042591922
21,4512,0.042398807
21,4544,0.042276457
21,4576,0.042230107
21,4608,0.04216143
21,4640,0.042107213
21,4672,0.041870743
21,4704,0.042014897
21,4736,0.041780338
21,4768,0.042050373
21,4800,0.0420696
21,4832,0.041843638
21,4864,0.041797027
21,4896,0.041973807
21,4928,0.044187073
21,4960,0.043719698
21,4992,0.043542705
21,5024,0.04348485
21,5056,0.043453384
21,5088,0.043314643
21,5120,0.043194026
21,5152,0.043016437
21,5184,0.042753905
21,5216,0.0430442
21,5248,0.042833943
21,5280,0.042667937
21,5312,0.04269877
21,5344,0.04272709
21,5376,0.042440556
21,5408,0.04255302
21,5440,0.042307034
21,5472,0.042391334
21,5504,0.04248611
21,5536,0.042361192
21,5568,0.042163882
21,5600,0.042090174
21,5632,0.04216314
21,5664,0.042066745
21,5696,0.042140752
21,5728,0.04199906
21,5760,0.041930325
21,5792,0.041924533
21,5824,0.041836657
21,5856,0.041820027
21,5888,0.041855052
21,5920,0.041870136
21,5952,0.04405367
21,5984,0.0439091
21,6016,0.04348931
21,6048,0.04352553
21,6080,0.04347167
22,0,0.043280005
22,32,0.043280814
22,64,0.042996403
22,96,0.04309275
22,128,0.042812712
22,160,0.042770434
22,192,0.042677198
22,224,0.042723026
22,256,0.042703424
22,288,0.042497203
22,320,0.04232646
22,352,0.04238248
22,384,0.04228859
22,416,0.04246594
22,448,0.042087898
22,480,0.042274885
22,512,0.042100586
22,544,0.04193181
22,576,0.04222597
22,608,0.041976858
22,640,0.04195756
22,672,0.042203784
22,704,0.042029068
22,736,0.041859522
22,768,0.04193083
22,800,0.041823365
22,832,0.041727137
22,864,0.04364466
22,896,0.04403234
22,928,0.043562897
22,960,0.043567974
22,992,0.04344698
22,1024,0.043194875
22,1056,0.043123633
22,1088,0.04313796
22,1120,0.042826984
22,1152,0.04294253
22,1184,0.042860266
22,1216,0.042905834
22,1248,0.042849787
22,1280,0.042614162
22,1312,0.042559538
22,1344,0.042558677
22,1376,0.04249854
22,1408,0.042430583
22,1440,0.04234503
22,1472,0.042352173
22,1504,0.042425495
22,1536,0.042181455
22,1568,0.042214688
22,1600,0.0422578
22,1632,0.042174034
22,1664,0.042056136
22,1696,0.041902892
22,1728,0.042105097
22,1760,0.04176306
22,1792,0.042011075
22,1824,0.04193984
22,1856,0.041744705
22,1888,0.043949705
22,1920,0.044131655
22,1952,0.04403752
22,1984,0.04372972
22,2016,0.043780502
22,2048,0.04375074
22,2080,0.04348331
22,2112,0.043289557
22,2144,0.043372903
22,2176,0.043193884
22,2208,0.04312029
22,2240,0.04306747
22,2272,0.043016765
22,2304,0.04320982
22,2336,0.042856116
22,2368,0.04293588
22,2400,0.042732682
22,2432,0.042673294
22,2464,0.042794295
22,2496,0.04272093
22,2528,0.042691447
22,2560,0.042468704
22,2592,0.042494558
22,2624,0.04242053
22,2656,0.04237667
22,2688,0.042465053
22,2720,0.042320985
22,2752,0.042559512
22,2784,0.042195257
22,2816,0.042161338
22,2848,0.042186413
22,2880,0.042140186
22,2912,0.04353417
22,2944,0.044066977
22,2976,0.043853838
22,3008,0.04353798
22,3040,0.04351443
22,3072,0.04331398
22,3104,0.04315197
22,3136,0.043168705
22,3168,0.04319839
22,3200,0.042859837
22,3232,0.043053124
22,3264,0.042654462
22,3296,0.042589568
22,3328,0.04281973
22,3360,0.042772073
22,3392,0.042629384
22,3424,0.04261716
22,3456,0.042529512
22,3488,0.042615645
22,3520,0.042577893
22,3552,0.042054035
22,3584,0.04236698
22,3616,0.04209138
22,3648,0.04215823
22,3680,0.042046696
22,3712,0.042120233
22,3744,0.042171165
22,3776,0.041831255
22,3808,0.041979887
22,3840,0.041985568
22,3872,0.04186922
22,3904,0.041919153
22,3936,0.043509483
22,3968,0.043812323
22,4000,0.043738905
22,4032,0.043689944
22,4064,0.043495513
22,4096,0.043100536
22,4128,0.043132007
22,4160,0.0430674
22,4192,0.042997543
22,4224,0.042869397
22,4256,0.042843126
22,4288,0.042918023
22,4320,0.04261323
22,4352,0.04252865
22,4384,0.042377137
22,4416,0.04254374
22,4448,0.042525712
22,4480,0.042342715
22,4512,0.042333916
22,4544,0.042418245
22,4576,0.04235115
22,4608,0.042185377
22,4640,0.042249423
22,4672,0.042233564
22,4704,0.042072672
22,4736,0.04196949
22,4768,0.042108193
22,4800,0.041891005
22,4832,0.041771036
22,4864,0.041861396
22,4896,0.04183893
22,4928,0.041851334
22,4960,0.043372005
22,4992,0.043863717
22,5024,0.04382922
22,5056,0.04350156
22,5088,0.043234415
22,5120,0.043067094
22,5152,0.043130144
22,5184,0.043068107
22,5216,0.0429351
22,5248,0.04271439
22,5280,0.042722717
22,5312,0.042686563
22,5344,0.042462867
22,5376,0.042515095
22,5408,0.042340487
22,5440,0.042424556
22,5472,0.042605527
22,5504,0.04227994
22,5536,0.04241041
22,5568,0.0421954
22,5600,0.042273488
22,5632,0.04221551
22,5664,0.04207975
22,5696,0.04204734
22,5728,0.042198066
22,5760,0.041975603
22,5792,0.042065673
22,5824,0.042110182
22,5856,0.041950308
22,5888,0.041832216
22,5920,0.041850686
22,5952,0.04173493
22,5984,0.043455265
22,6016,0.043792047
22,6048,0.043687478
22,6080,0.043436743
23,0,0.043428347
23,32,0.043128345
23,64,0.043012206
23,96,0.042959508
23,128,0.04291221
23,160,0.042793214
23,192,0.042739037
23,224,0.042657793
23,256,0.042571545
23,288,0.042607117
23,320,0.04249842
23,352,0.04232462
23,384,0.042386666
23,416,0.042413373
23,448,0.042263094
23,480,0.042300608
23,512,0.042216476
23,544,0.042179137
23,576,0.04224283
23,608,0.04194464
23,640,0.041814797
23,672,0.042003285
23,704,0.041817877
23,736,0.041901365
23,768,0.041987684
23,800,0.041815702
23,832,0.041949455
23,864,0.041806567
23,896,0.04306821
23,928,0.043851513
23,960,0.043722663
23,992,0.043710466
23,1024,0.043383908
23,1056,0.0433131
23,1088,0.042988963
23,1120,0.043262217
23,1152,0.042909805
23,1184,0.042701066
23,1216,0.042903084
23,1248,0.042764414
23,1280,0.042911604
23,1312,0.04266179
23,1344,0.04255321
23,1376,0.04232681
23,1408,0.042520236
23,1440,0.04255692
23,1472,0.042328056
23,1504,0.042309027
23,1536,0.042194843
23,1568,0.042285796
23,1600,0.04217318
23,1632,0.042209066
23,1664,0.04209822
23,1696,0.042200804
23,1728,0.042028546
23,1760,0.042100098
23,1792,0.04210495
23,1824,0.04204799
23,1856,0.041858893
23,1888,0.041924585
23,1920,0.043041512
23,1952,0.043704815
23,1984,0.04337491
23,2016,0.04343845
23,2048,0.043421
23,2080,0.04330856
23,2112,0.043094244
23,2144,0.043072324
23,2176,0.042963482
23,2208,0.04270733
23,2240,0.04249783
23,2272,0.04258293
23,2304,0.042706832
23,2336,0.042548932
23,2368,0.04266391
23,2400,0.042389903
23,2432,0.04244175
23,2464,0.042351622
23,2496,0.042396292
23,2528,0.0421932
23,2560,0.0420552
23,2592,0.04217864
23,2624,0.04203975
23,2656,0.042095874
23,2688,0.042073883
23,2720,0.04197726
23,2752,0.04192262
23,2784,0.04185094
23,2816,0.041809823
23,2848,0.041806404
23,2880,0.0417918
23,2912,0.041782893
23,2944,0.04300301
23,2976,0.043984313
23,3008,0.043526772
23,3040,0.043605886
23,3072,0.043509465
23,3104,0.043135308
23,3136,0.043287225
23,3168,0.04291637
23,3200,0.04309651
23,3232,0.042835403
23,3264,0.042807136
23,3296,0.042683497
23,3328,0.04267584
23,3360,0.042551424
23,3392,0.042595066
23,3424,0.042469237
23,3456,0.04248147
23,3488,0.042459577
23,3520,0.04246103
23,3552,0.0422005
23,3584,0.04221362
23,3616,0.042037852
23,3648,0.04230038
23,3680,0.042114638
23,3712,0.042271767
23,3744,0.042099427
23,3776,0.04189752
23,3808,0.04182181
23,3840,0.04200741
23,3872,0.04183733
23,3904,0.041900422
23,3936,0.04176113
23,3968,0.04295949
23,4000,0.04387079
23,4032,0.043677293
23,4064,0.043588977
23,4096,0.043482535
23,4128,0.043290198
23,4160,0.043280333
23,4192,0.04327063
23,4224,0.0429055
23,4256,0.042980194
23,4288,0.04288417
23,4320,0.042889226
23,4352,0.042726822
23,4384,0.04279055
23,4416,0.042800914
23,4448,0.04253286
23,4480,0.042475726
23,4512,0.04259137
23,4544,0.04234217
23,4576,0.0423328
23,4608,0.04260077
23,4640,0.042362053
23,4672,0.042227026
23,4704,0.042216886
23,4736,0.04217299
23,4768,0.04211947
23,4800,0.042114537
23,4832,0.041971255
23,4864,0.042199258
23,4896,0.042122807
23,4928,0.04188645
23,4960,0.04198008
23,4992,0.043092422
23,5024,0.043999556
23,5056,0.04406722
23,5088,0.043881256
23,5120,0.043600038
23,5152,0.043530595
23,5184,0.04337486
23,5216,0.04310816
23,5248,0.043273386
23,5280,0.043184806
23,5312,0.04312383
23,5344,0.043030918
23,5376,0.04281398
23,5408,0.042844392
23,5440,0.042918637
23,5472,0.042763665
23,5504,0.042664446
23,5536,0.042591512
23,5568,0.04250369
23,5600,0.04244509
23,5632,0.042469803
23,5664,0.042591967
23,5696,0.042412
23,5728,0.04246293
23,5760,0.042200852
23,5792,0.042263784
23,5824,0.04224962
23,5856,0.04239302
23,5888,0.042307034
23,5920,0.042127274
23,5952,0.0422728
23,5984,0.04214879
23,6016,0.043077372
23,6048,0.043994326
23,6080,0.043871686
24,0,0.04344591
24,32,0.04343517
24,64,0.04343455
24,96,0.04328258
24,128,0.04305229
24,160,0.043259107
24,192,0.043142408
24,224,0.043124672
24,256,0.042971123
24,288,0.042896163
24,320,0.04307908
24,352,0.042789627
24,384,0.042918056
24,416,0.042559385
24,448,0.04269879
24,480,0.042474136
24,512,0.042490613
24,544,0.042584006
24,576,0.04254247
24,608,0.04225946
24,640,0.042485643
24,672,0.042238083
24,704,0.04249135
24,736,0.04237817
24,768,0.04223023
24,800,0.042257313
24,832,0.042109437
24,864,0.042042237
24,896,0.04187658
24,928,0.04255431
24,960,0.044016078
24,992,0.04358784
24,1024,0.0436302
24,1056,0.043448903
24,1088,0.043450814
24,1120,0.043171767
24,1152,0.043175485
24,1184,0.042859834
24,1216,0.042980764
24,1248,0.04268424
24,1280,0.0428343
24,1312,0.04274518
24,1344,0.0427522
24,1376,0.04282935
24,1408,0.042537075
24,1440,0.04258003
24,1472,0.042555217
24,1504,0.042344097
24,1536,0.04252842
24,1568,0.042341746
24,1600,0.042115353
24,1632,0.042247802
24,1664,0.042214092
24,1696,0.042267904
24,1728,0.0422108
24,1760,0.041936234
24,1792,0.042260062
24,1824,0.04202737
24,1856,0.04206804
24,1888,0.042173058
24,1920,0.04188354
24,1952,0.04264918
24,1984,0.043714054
24,2016,0.043504283
24,2048,0.043302923
24,2080,0.043288954
24,2112,0.043124292
24,2144,0.043091338
24,2176,0.04305002
24,2208,0.0428373
24,2240,0.042693797
24,2272,0.04264901
24,2304,0.042632367
24,2336,0.0425314
24,2368,0.042593405
24,2400,0.042355854
24,2432,0.0424571
24,2464,0.042216122
24,2496,0.042433947
24,2528,0.042264495
24,2560,0.042394638
24,2592,0.04232034
24,2624,0.04214813
24,2656,0.04207969
24,2688,0.042112906
24,2720,0.04208943
24,2752,0.042024694
24,2784,0.04199508
24,2816,0.041918483
24,2848,0.041788336
24,2880,0.041728027
24,2912,0.04174138
24,2944,0.041709784
24,2976,0.042498603
24,3008,0.043928668
24,3040,0.04358063
24,3072,0.04336156
24,3104,0.043474052
24,3136,0.043462686
24,3168,0.043144748
24,3200,0.043148402
24,3232,0.043032046
24,3264,0.043047715
24,3296,0.042878333
24,3328,0.042775515
24,3360,0.042828824
24,3392,0.04265819
24,3424,0.04263079
24,3456,0.042422675
24,3488,0.042568043
24,3520,0.042557232
24,3552,0.04234522
24,3584,0.042437203
24,3616,0.042369235
24,3648,0.042490076
24,3680,0.042237777
24,3712,0.04224684
24,3744,0.042209644
24,3776,0.042182766
24,3808,0.042265557
24,3840,0.04226719
24,3872,0.042198826
24,3904,0.04198803
24,3936,0.042032402
24,3968,0.041901592
24,4000,0.042544894
24,4032,0.043594565
24,4064,0.04353713
24,4096,0.043386895
24,4128,0.04318707
24,4160,0.04305326
24,4192,0.0429973
24,4224,0.043077324
24,4256,0.042687323
24,4288,0.042773243
24,4320,0.042677086
24,4352,0.042723894
24,4384,0.04263209
24,4416,0.042431418
24,4448,0.042426858
24,4480,0.04216475
24,4512,0.042288363
24,4544,0.042324748
24,4576,0.04241278
24,4608,0.0420337
24,4640,0.042117666
24,4672,0.042221837
24,4704,0.04199254
24,4736,0.042055707
24,4768,0.041869294
24,4800,0.042005286
24,4832,0.041851148
24,4864,0.04185589
24,4896,0.041836865
24,4928,0.041869123
24,4960,0.04193969
24,4992,0.04176597
24,5024,0.04222834
24,5056,0.043989174
24,5088,0.04374054
24,5120,0.04347181
24,5152,0.04339874
24,5184,0.04337608
24,5216,0.04322404
24,5248,0.043048028
24,5280,0.043067716
24,5312,0.04301564
24,5344,0.042982396
24,5376,0.042696707
24,5408,0.042719208
24,5440,0.042780574
24,5472,0.04261714
24,5504,0.042626243
24,5536,0.04250181
24,5568,0.042424954
24,5600,0.04258274
24,5632,0.042479727
24,5664,0.042475156
24,5696,0.04225676
24,5728,0.042351026
24,5760,0.042227946
24,5792,0.04229505
24,5824,0.042151544
24,5856,0.042144544
24,5888,0.04200846
24,5920,0.04200786
24,5952,0.042011328
24,5984,0.041791465
24,6016,0.041952252
24,6048,0.04253334
24,6080,0.043614645
25,0,0.0434797
25,32,0.043654382
25,64,0.04325431
25,96,0.04334273
25,128,0.043374293
25,160,0.043154117
25,192,0.043174032
25,224,0.042707637
25,256,0.04275619
25,288,0.042870805
25,320,0.04265713
25,352,0.042696763
25,384,0.042619918
25,416,0.042587876
25,448,0.042645436
25,480,0.04250607
25,512,0.042632192
25,544,0.04217825
25,576,0.0423789
25,608,0.042437572
25,640,0.04245634
25,672,0.04228555
25,704,0.042119253
25,736,0.042176526
25,768,0.0421426
25,800,0.04201945
25,832,0.04206701
25,864,0.042099446
25,896,0.041989468
25,928,0.041896284
25,960,0.041860573
25,992,0.043782927
25,1024,0.043690037
25,1056,0.043329556
25,1088,0.043372706
25,1120,0.04318746
25,1152,0.043004405
25,1184,0.043091062
25,1216,0.042992845
25,1248,0.043031175
25,1280,0.04286855
25,1312,0.04270315
25,1344,0.042589076
25,1376,0.042613707
25,1408,0.042698666
25,1440,0.04271871
25,1472,0.04253485
25,1504,0.042423602
25,1536,0.042409558
25,1568,0.042307444
25,1600,0.04230543
25,1632,0.042310964
25,1664,0.042225882
25,1696,0.042078316
25,1728,0.042223226
25,1760,0.042242583
25,1792,0.042061042
25,1824,0.042008728
25,1856,0.04209791
25,1888,0.042002168
25,1920,0.04182707
25,1952,0.04206796
25,1984,0.041950624
25,2016,0.04351609
25,2048,0.043465596
25,2080,0.04343482
25,2112,0.043396525
25,2144,0.04321001
25,2176,0.043299593
25,2208,0.04308444
25,2240,0.043000516
25,2272,0.043042954
25,2304,0.042967863
25,2336,0.04275959
25,2368,0.042817205
25,2400,0.042723652
25,2432,0.042648874
25,2464,0.042491335
25,2496,0.04273425
25,2528,0.04238097
25,2560,0.042335577
25,2592,0.04234684
25,2624,0.042344242
25,2656,0.042267177
25,2688,0.042441532
25,2720,0.042345814
25,2752,0.042321485
25,2784,0.04205309
25,2816,0.04210142
25,2848,0.042112306
25,2880,0.04195389
25,2912,0.04212253
25,2944,0.04198146
25,2976,0.041918702
25,3008,0.042113844
25,3040,0.044352975
25,3072,0.043876637
25,3104,0.043775555
25,3136,0.043795995
25,3168,0.043552753
25,3200,0.043466657
25,3232,0.043397233
25,3264,0.04347911
25,3296,0.043298896
25,3328,0.04329607
25,3360,0.04333216
25,3392,0.04302207
25,3424,0.043059304
25,3456,0.04295317
25,3488,0.042845383
25,3520,0.0429207
25,3552,0.04274788
25,3584,0.0428616
25,3616,0.04285356
25,3648,0.04274523
25,3680,0.04268017
25,3712,0.04257538
25,3744,0.04258578
25,3776,0.04255896
25,3808,0.04237275
25,3840,0.042543747
25,3872,0.042570535
25,3904,0.042556796
25,3936,0.04222616
25,3968,0.042471364
25,4000,0.04208511
25,4032,0.042310648
25,4064,0.043933958
25,4096,0.0435646
25,4128,0.043464232
25,4160,0.043349255
25,4192,0.043364104
25,4224,0.043059044
25,4256,0.043006018
25,4288,0.042969476
25,4320,0.04295915
25,4352,0.0429493
25,4384,0.04281859
25,4416,0.04288057
25,4448,0.0426319
25,4480,0.042517964
25,4512,0.042684846
25,4544,0.042775597
25,4576,0.04244257
25,4608,0.042381138
25,4640,0.04239307
25,4672,0.04232962
25,4704,0.042341914
25,4736,0.042324822
25,4768,0.042174462
25,4800,0.042169616
25,4832,0.042117123
25,4864,0.042047936
25,4896,0.042116713
25,4928,0.042036664
25,4960,0.04213534
25,4992,0.04186294
25,5024,0.042024553
25,5056,0.042077262
25,5088,0.043733418
25,5120,0.043490585
25,5152,0.043422192
25,5184,0.043257523
25,5216,0.043217164
25,5248,0.043156233
25,5280,0.043139815
25,5312,0.042877086
25,5344,0.042936753
25,5376,0.043063454
25,5408,0.0427287
25,5440,0.042806987
25,5472,0.04271488
25,5504,0.042731006
25,5536,0.04267158
25,5568,0.042408686
25,5600,0.04247046
25,5632,0.042365808
25,5664,0.04244627
25,5696,0.04211835
25,5728,0.042162176
25,5760,0.042155825
25,5792,0.042123284
25,5824,0.04202162
25,5856,0.04203687
25,5888,0.042132787
25,5920,0.04188988
25,5952,0.042005263
25,5984,0.042116735
25,6016,0.041971132
25,6048,0.041846734
25,6080,0.04190053
26,0,0.04375687
26,32,0.04376253
26,64,0.043495744
26,96,0.0433123
26,128,0.04301837
26,160,0.043115556
26,192,0.043155797
26,224,0.042922124
26,256,0.04296448
26,288,0.043026727
26,320,0.04297517
26,352,0.042767745
26,384,0.042554963
26,416,0.04275791
26,448,0.042608798
26,480,0.042712536
26,512,0.042688817
26,544,0.04235811
26,576,0.04239177
26,608,0.04254137
26,640,0.042490866
26,672,0.042438112
26,704,0.042198643
26,736,0.042321604
26,768,0.042258527
26,800,0.04206371
26,832,0.04218003
26,864,0.04204077
26,896,0.0421281
26,928,0.042138916
26,960,0.042212196
26,992,0.041988075
26,1024,0.043098003
26,1056,0.043401662
26,1088,0.04306218
26,1120,0.04308149
26,1152,0.042995255
26,1184,0.042992964
26,1216,0.042866457
26,1248,0.04299303
26,1280,0.04275877
26,1312,0.04265721
26,1344,0.042659268
26,1376,0.04262357
26,1408,0.042598072
26,1440,0.042498462
26,1472,0.042462084
26,1504,0.04229474
26,1536,0.04244542
26,1568,0.04223364
26,1600,0.042191442
26,1632,0.042335767
26,1664,0.042176027
26,1696,0.042206176
26,1728,0.04192525
26,1760,0.042209744
26,1792,0.042070586
26,1824,0.04203735
26,1856,0.041949462
26,1888,0.04198014
26,1920,0.041888006
26,1952,0.04179226
26,1984,0.041702725
26,2016,0.04199487
26,2048,0.043283712
26,2080,0.043556508
26,2112,0.043458536
26,2144,0.04333503
26,2176,0.04312258
26,2208,0.04317256
26,2240,0.04305797
26,2272,0.04307722
26,2304,0.04302785
26,2336,0.04297595
26,2368,0.04293088
26,2400,0.04279633
26,2432,0.04278616
26,2464,0.042782143
26,2496,0.04270185
26,2528,0.042566575
26,2560,0.04257829
26,2592,0.042471692
26,2624,0.04257639
26,2656,0.042473592
26,2688,0.04241564
26,2720,0.04228493
26,2752,0.042206477
26,2784,0.04232757
26,2816,0.04216449
26,2848,0.04207406
26,2880,0.042129435
26,2912,0.042234734
26,2944,0.042042207
26,2976,0.042457033
26,3008,0.042121064
26,3040,0.041964244
26,3072,0.043210145
26,3104,0.043358803
26,3136,0.04349124
26,3168,0.0433292
26,3200,0.043047562
26,3232,0.042955413
26,3264,0.043168243
26,3296,0.042948607
26,3328,0.04288629
26,3360,0.0428898
26,3392,0.04263787
26,3424,0.04282506
26,3456,0.042559013
26,3488,0.042491954
26,3520,0.042456627
26,3552,0.04252511
26,3584,0.042484794
26,3616,0.042386767
26,3648,0.04252142
26,3680,0.04227452
26,3712,0.042405557
26,3744,0.042105403
26,3776,0.04212286
26,3808,0.04223887
26,3840,0.042182952
26,3872,0.04207121
26,3904,0.04197901
26,3936,0.041970693
26,3968,0.042068027
26,4000,0.04198954
26,4032,0.042030953
26,4064,0.041945186
26,4096,0.043388385
26,4128,0.04349275
26,4160,0.043435805
26,4192,0.043335903
26,4224,0.043174952
26,4256,0.043083496
26,4288,0.043081883
26,4320,0.04299364
26,4352,0.043049525
26,4384,0.042881206
26,4416,0.04275659
26,4448,0.04291691
26,4480,0.042523775
26,4512,0.042535316
26,4544,0.042514022
26,4576,0.042767808
26,4608,0.04252648
26,4640,0.04235612
26,4672,0.042578496
26,4704,0.042581223
26,4736,0.042498715
26,4768,0.0423722
26,4800,0.04234811
26,4832,0.04242673
26,4864,0.042071044
26,4896,0.04210118
26,4928,0.04200879
26,4960,0.042001408
26,4992,0.042184092
26,5024,0.04211674
26,5056,0.041958336
26,5088,0.041894723
26,5120,0.04333713
26,5152,0.04357963
26,5184,0.04334757
26,5216,0.043422785
26,5248,0.043328445
26,5280,0.04309982
26,5312,0.042892646
26,5344,0.042886503
26,5376,0.0430461
26,5408,0.042965557
26,5440,0.04280906
26,5472,0.04251052
26,5504,0.042760484
26,5536,0.042622894
26,5568,0.04247845
26,5600,0.04246898
26,5632,0.04237381
26,5664,0.042300895
26,5696,0.042397153
26,5728,0.042257138
26,5760,0.04242162
26,5792,0.042290177
26,5824,0.042281512
26,5856,0.042228963
26,5888,0.04228598
26,5920,0.042192154
26,5952,0.042028878
26,5984,0.04211023
26,6016,0.041953992
26,6048,0.042111885
26,6080,0.04213605
27,0,0.04208185
27,32,0.04311319
27,64,0.04394667
27,96,0.04377341
27,128,0.04366284
27,160,0.04360888
27,192,0.043508545
27,224,0.043395076
27,256,0.043200713
27,288,0.043318678
27,320,0.04318435
27,352,0.04325189
27,384,0.043042734
27,416,0.043177325
27,448,0.043080114
27,480,0.042967703
27,512,0.042911734
27,544,0.042816684
27,576,0.04299794
27,608,0.04283461
27,640,0.042893108
27,672,0.04285087
27,704,0.042711236
27,736,0.042619612
27,768,0.04271896
27,800,0.04271316
27,832,0.042489335
27,864,0.04247039
27,896,0.04255413
27,928,0.042349905
27,960,0.042447776
27,992,0.042433497
27,1024,0.0423245
27,1056,0.043024797
27,1088,0.04351029
27,1120,0.04350064
27,1152,0.04338781
27,1184,0.04344928
27,1216,0.04329334
27,1248,0.04305483
27,1280,0.043237317
27,1312,0.043036
27,1344,0.042882208
27,1376,0.04298829
27,1408,0.042768653
27,1440,0.04266435
27,1472,0.042754196
27,1504,0.04275239
27,1536,0.04280716
27,1568,0.042836413
27,1600,0.042537883
27,1632,0.042564698
27,1664,0.042369083
27,1696,0.042452615
27,1728,0.042372163
27,1760,0.042335995
27,1792,0.04248878
27,1824,0.04228849
27,1856,0.042367578
27,1888,0.042277034
27,1920,0.04222105
27,1952,0.04218339
27,1984,0.042196944
27,2016,0.042055637
27,2048,0.041980807
27,2080,0.042879805
27,2112,0.04348888
27,2144,0.04325061
27,2176,0.04314762
27,2208,0.04316525
27,2240,0.04307915
27,2272,0.042982683
27,2304,0.04309797
27,2336,0.04293818
27,2368,0.0429059
27,2400,0.042756435
27,2432,0.042634044
27,2464,0.042636883
27,2496,0.04261757
27,2528,0.042623382
27,2560,0.04258612
27,2592,0.042515058
27,2624,0.042347047
27,2656,0.04255109
27,2688,0.042507328
27,2720,0.04232867
27,2752,0.04232546
27,2784,0.04234376
27,2816,0.042443983
27,2848,0.042239193
27,2880,0.041926395
27,2912,0.042199947
27,2944,0.042032007
27,2976,0.042145032
27,3008,0.042019546
27,3040,0.041916374
27,3072,0.041887857
27,3104,0.042864986
27,3136,0.043438207
27,3168,0.04346911
27,3200,0.043251872
27,3232,0.043265857
27,3264,0.042967223
27,3296,0.043132436
27,3328,0.042871315
27,3360,0.04305529
27,3392,0.042965967
27,3424,0.04285175
27,3456,0.04292601
27,3488,0.042830434
27,3520,0.042762235
27,3552,0.042711016
27,3584,0.042576768
27,3616,0.042509686
27,3648,0.04256554
27,3680,0.04232738
27,3712,0.042414967
27,3744,0.042319212
27,3776,0.042066257
27,3808,0.04239981
27,3840,0.0421817
27,3872,0.04229479
27,3904,0.04241639
27,3936,0.04229702
27,3968,0.042244237
27,4000,0.04206919
27,4032,0.042180717
27,4064,0.042081617
27,4096,0.042050906
27,4128,0.042686913
27,4160,0.04339017
27,4192,0.043396134
27,4224,0.043075524
27,4256,0.04297147
27,4288,0.043300103
27,4320,0.043107852
27,4352,0.042912427
27,4384,0.042787768
27,4416,0.042947892
27,4448,0.04273325
27,4480,0.04264704
27,4512,0.042757906
27,4544,0.042573337
27,4576,0.042491883
27,4608,0.04240618
27,4640,0.042538464
27,4672,0.042324193
27,4704,0.042212293
27,4736,0.0424586
27,4768,0.042227373
27,4800,0.0422879
27,4832,0.042299792
27,4864,0.042109888
27,4896,0.042042766
27,4928,0.042209502
27,4960,0.04202966
27,4992,0.04215935
27,5024,0.04206465
27,5056,0.041970268
27,5088,0.041924655
27,5120,0.042140983
27,5152,0.04281364
27,5184,0.04362797
27,5216,0.043561894
27,5248,0.04310659
27,5280,0.04304645
27,5312,0.043132115
27,5344,0.042724404
27,5376,0.042962614
27,5408,0.042910554
27,5440,0.042888027
27,5472,0.04277434
27,5504,0.042688556
27,5536,0.042565208
27,5568,0.042577002
27,5600,0.042510226
27,5632,0.042435016
27,5664,0.042522512
27,5696,0.042382013
27,5728,0.04230737
27,5760,0.042288147
27,5792,0.04242166
27,5824,0.042235166
27,5856,0.042132393
27,5888,0.042098854
27,5920,0.04215101
27,5952,0.042062275
27,5984,0.04233252
27,6016,0.042106185
27,6048,0.041888546
27,6080,0.04176802
28,0,0.042011697
28,32,0.042102713
28,64,0.042483676
28,96,0.04356886
28,128,0.043447793
28,160,0.04306017
28,192,0.043133568
28,224,0.043036047
28,256,0.043131053
28,288,0.0430849
28,320,0.042986188
28,352,0.04284076
28,384,0.04280345
28,416,0.042728312
28,448,0.042814486
28,480,0.042688366
28,512,0.042780254
28,544,0.042535216
28,576,0.04257424
28,608,0.042537447
28,640,0.042631276
28,672,0.042452052
28,704,0.042447276
28,736,0.042408776
28,768,0.04239005
28,800,0.042323392
28,832,0.042179756
28,864,0.04235963
28,896,0.042312745
28,928,0.04207681
28,960,0.042127565
28,992,0.042151354
28,1024,0.042294648
28,1056,0.04200827
28,1088,0.042517144
28,1120,0.043546926
28,1152,0.043427728
28,1184,0.04320793
28,1216,0.043252688
28,1248,0.043022633
28,1280,0.043148786
28,1312,0.04281627
28,1344,0.0427921
28,1376,0.04296906
28,1408,0.04272588
28,1440,0.042734783
28,1472,0.042846493
28,1504,0.042794388
28,1536,0.04268249
28,1568,0.04249497
28,1600,0.042548142
28,1632,0.04231918
28,1664,0.042426925
28,1696,0.04249602
28,1728,0.04245353
28,1760,0.042420924
28,1792,0.042333253
28,1824,0.042435594
28,1856,0.04230164
28,1888,0.042174548
28,1920,0.042097867
28,1952,0.042153385
28,1984,0.042256508
28,2016,0.04192516
28,2048,0.041939978
28,2080,0.042013176
28,2112,0.042492088
28,2144,0.043633394
28,2176,0.043619532
28,2208,0.043323524
28,2240,0.04315638
28,2272,0.043020792
28,2304,0.043331258
28,2336,0.043065116
28,2368,0.042991627
28,2400,0.042945504
28,2432,0.04294423
28,2464,0.04279497
28,2496,0.04280862
28,2528,0.0426478
28,2560,0.04260764
28,2592,0.042626742
28,2624,0.04269331
28,2656,0.042516626
28,2688,0.04247011
28,2720,0.04250377
28,2752,0.04251368
28,2784,0.042397935
28,2816,0.04245575
28,2848,0.042428195
28,2880,0.04222524
28,2912,0.042209666
28,2944,0.042460453
28,2976,0.042337805
28,3008,0.042163968
28,3040,0.04210482
28,3072,0.042200804
28,3104,0.04202031
28,3136,0.04259096
28,3168,0.043322027
28,3200,0.04350045
28,3232,0.04322952
28,3264,0.043244205
28,3296,0.04310431
28,3328,0.043084357
28,3360,0.04307885
28,3392,0.04276928
28,3424,0.042804126
28,3456,0.042841673
28,3488,0.04284927
28,3520,0.04271471
28,3552,0.04256435
28,3584,0.042553157
28,3616,0.04271227
28,3648,0.042640813
28,3680,0.04273446
28,3712,0.04259108
28,3744,0.04258517
28,3776,0.042475883
28,3808,0.042309605
28,3840,0.042281825
28,3872,0.042270295
28,3904,0.042050373
28,3936,0.04219086
28,3968,0.042358324
28,4000,0.04223138
28,4032,0.042113014
28,4064,0.04217721
28,4096,0.04204803
28,4128,0.042118736
28,4160,0.0425815
28,4192,0.043817002
28,4224,0.043800306
28,4256,0.043485485
28,4288,0.043537386
28,4320,0.04356827
28,4352,0.043600302
28,4384,0.043193422
28,4416,0.043188766
28,4448,0.042898946
28,4480,0.04299143
28,4512,0.04305405
28,4544,0.042951394
28,4576,0.043070126
28,4608,0.042782795
28,4640,0.042943254
28,4672,0.042756278
28,4704,0.042803522
28,4736,0.042735748
28,4768,0.04278177
28,4800,0.042522125
28,4832,0.042736705
28,4864,0.042679403
28,4896,0.042676695
28,4928,0.042496726
28,4960,0.042647794
28,4992,0.042466592
28,5024,0.04227243
28,5056,0.04259361
28,5088,0.0423911
28,5120,0.042364996
28,5152,0.042269945
28,5184,0.042637456
28,5216,0.043694265
28,5248,0.043473005
28,5280,0.04345902
28,5312,0.043267
28,5344,0.043094214
28,5376,0.043022305
28,5408,0.042978037
28,5440,0.04289931
28,5472,0.04293383
28,5504,0.04309328
28,5536,0.042985365
28,5568,0.042742822
28,5600,0.0428429
28,5632,0.0427068
28,5664,0.042628095
28,5696,0.04252712
28,5728,0.042713117
28,5760,0.04259827
28,5792,0.042544093
28,5824,0.042620447
28,5856,0.042333797
28,5888,0.04232236
28,5920,0.04230735
28,5952,0.042321324
28,5984,0.04222359
28,6016,0.04236128
28,6048,0.042278554
28,6080,0.042206366
29,0,0.042065755
29,32,0.042162046
29,64,0.042116243
29,96,0.042107992
29,128,0.043407656
29,160,0.043146297
29,192,0.04333152
29,224,0.043324497
29,256,0.043116335
29,288,0.04290448
29,320,0.042926934
29,352,0.042790763
29,384,0.042898603
29,416,0.042693812
29,448,0.042580068
29,480,0.04262995
29,512,0.042543598
29,544,0.042420436
29,576,0.04257108
29,608,0.042425267
29,640,0.042401906
29,672,0.04236923
29,704,0.042171214
29,736,0.04241135
29,768,0.042373218
29,800,0.04236513
29,832,0.042377703
29,864,0.04228798
29,896,0.04229335
29,928,0.042086903
29,960,0.042215087
29,992,0.0421843
29,1024,0.042329367
29,1056,0.042216994
29,1088,0.04208061
29,1120,0.04199052
29,1152,0.043540087
29,1184,0.04338993
29,1216,0.04341793
29,1248,0.04317752
29,1280,0.04309332
29,1312,0.043013893
29,1344,0.042994007
29,1376,0.042803727
29,1408,0.043084875
29,1440,0.04283762
29,1472,0.042854954
29,1504,0.042677213
29,1536,0.042827472
29,1568,0.042465683
29,1600,0.04255394
29,1632,0.042359527
29,1664,0.04259345
29,1696,0.04254514
29,1728,0.042621333
29,1760,0.042563103
29,1792,0.042504013
29,1824,0.04249631
29,1856,0.042306535
29,1888,0.042361233
29,1920,0.042105325
29,1952,0.042391554
29,1984,0.042353217
29,2016,0.042230114
29,2048,0.042233404
29,2080,0.04221533
29,2112,0.042267233
29,2144,0.04218369
29,2176,0.043328356
29,2208,0.043129176
29,2240,0.0430635
29,2272,0.043078158
29,2304,0.04291315
29,2336,0.04285421
29,2368,0.04263768
29,2400,0.042965725
29,2432,0.042493716
29,2464,0.04269344
29,2496,0.04266014
29,2528,0.04250578
29,2560,0.04259059
29,2592,0.042483833
29,2624,0.042362474
29,2656,0.042390086
29,2688,0.042461794
29,2720,0.042276494
29,2752,0.042498987
29,2784,0.042227197
29,2816,0.04219383
29,2848,0.042392097
29,2880,0.042167813
29,2912,0.04212185
29,2944,0.04214671
29,2976,0.042219084
29,3008,0.041987587
29,3040,0.042281024
29,3072,0.042084455
29,3104,0.042035326
29,3136,0.041755993
29,3168,0.042041462
29,3200,0.043581247
29,3232,0.043402713
29,3264,0.043213747
29,3296,0.04313044
29,3328,0.043183543
29,3360,0.043061327
29,3392,0.042784378
29,3424,0.043064795
29,3456,0.042698972
29,3488,0.042810816
29,3520,0.042879004
29,3552,0.042699073
29,3584,0.04257131
29,3616,0.042603727
29,3648,0.042694535
29,3680,0.042563185
29,3712,0.04265613
29,3744,0.042551268
29,3776,0.04255272
29,3808,0.042472757
29,3840,0.042412862
29,3872,0.042295977
29,3904,0.042427033
29,3936,0.042413123
29,3968,0.04205937
29,4000,0.042293336
29,4032,0.042354174
29,4064,0.042133722
29,4096,0.042471368
29,4128,0.042123873
29,4160,0.042224303
29,4192,0.042242102
29,4224,0.043464124
29,4256,0.043263108
29,4288,0.043315373
29,4320,0.04312585
29,4352,0.04307993
29,4384,0.042860553
29,4416,0.043030452
29,4448,0.042836867
29,4480,0.042764246
29,4512,0.042886104
29,4544,0.042805035
29,4576,0.04269079
29,4608,0.0428827
29,4640,0.04262152
29,4672,0.042517893
29,4704,0.042466637
29,4736,0.042617988
29,4768,0.042622346
29,4800,0.042503513
29,4832,0.042415064
29,4864,0.04232941
29,4896,0.042456605
29,4928,0.042263247
29,4960,0.04242427
29,4992,0.042357363
29,5024,0.042141017
29,5056,0.042146936
29,5088,0.042280424
29,5120,0.042222593
29,5152,0.042140063
29,5184,0.04224079
29,5216,0.04194185
29,5248,0.0432553
29,5280,0.04335636
29,5312,0.04318644
29,5344,0.042776797
29,5376,0.04300279
29,5408,0.04306075
29,5440,0.042822283
29,5472,0.042880807
29,5504,0.04302925
29,5536,0.042734347
29,5568,0.042873435
29,5600,0.042533282
29,5632,0.042589575
29,5664,0.042550914
29,5696,0.042742115
29,5728,0.04252791
29,5760,0.042472046
29,5792,0.042559404
29,5824,0.042536106
29,5856,0.042402267
29,5888,0.04243836
29,5920,0.042278484
29,5952,0.042382844
29,5984,0.042358555
29,6016,0.042183805
29,6048,0.042401094
29,6080,0.042175855
30,0,0.0420655
30,32,0.04216706
30,64,0.04208478
30,96,0.04211921
30,128,0.04225155
30,160,0.04330305
30,192,0.04342165
30,224,0.04316006
30,256,0.043127086
30,288,0.04315865
30,320,0.04298176
30,352,0.043041404
30,384,0.04297612
30,416,0.0428011
30,448,0.04293467
30,480,0.04275362
30,512,0.04272957
30,544,0.042762447
30,576,0.042676724
30,608,0.042783994
30,640,0.042702675
30,672,0.04262088
30,704,0.042618137
30,736,0.042704694
30,768,0.042548522
30,800,0.042310163
30,832,0.042610902
30,864,0.04242369
30,896,0.042423885
30,928,0.042377546
30,960,0.042250115
30,992,0.0421741
30,1024,0.042295318
30,1056,0.042367533
30,1088,0.04209593
30,1120,0.042243738
30,1152,0.042212207
30,1184,0.04331449
30,1216,0.043420557
30,1248,0.043512452
30,1280,0.04340033
30,1312,0.043402445
30,1344,0.04321199
30,1376,0.043222822
30,1408,0.043175608
30,1440,0.04326721
30,1472,0.04324445
30,1504,0.043102507
30,1536,0.043169323
30,1568,0.04284128
30,1600,0.04294628
30,1632,0.04289055
30,1664,0.04288901
30,1696,0.042738255
30,1728,0.042887017
30,1760,0.042856526
30,1792,0.04282908
30,1824,0.042783085
30,1856,0.04268727
30,1888,0.042752318
30,1920,0.042574823
30,1952,0.042489447
30,1984,0.042554185
30,2016,0.042735275
30,2048,0.042541053
30,2080,0.04243033
30,2112,0.04267531
30,2144,0.04237567
30,2176,0.04247265
30,2208,0.043273695
30,2240,0.04339787
30,2272,0.04345427
30,2304,0.043339346
30,2336,0.043068934
30,2368,0.043238513
30,2400,0.043208223
30,2432,0.042935845
30,2464,0.043054353
30,2496,0.04288684
30,2528,0.042844675
30,2560,0.04299736
30,2592,0.042839315
30,2624,0.042874776
30,2656,0.042817086
30,2688,0.042613395
30,2720,0.042667333
30,2752,0.04266143
30,2784,0.04253375
30,2816,0.04266814
30,2848,0.042589333
30,2880,0.04239604
30,2912,0.04239373
30,2944,0.042509392
30,2976,0.042618115
30,3008,0.042425487
30,3040,0.042467784
30,3072,0.042455256
30,3104,0.042459603
30,3136,0.042387985
30,3168,0.042453792
30,3200,0.042165834
30,3232,0.043034457
30,3264,0.043160833
30,3296,0.043095976
30,3328,0.043148845
30,3360,0.04296053
30,3392,0.043007553
30,3424,0.043056577
30,3456,0.042985357
30,3488,0.042812705
30,3520,0.042856302
30,3552,0.042822205
30,3584,0.042782743
30,3616,0.04264096
30,3648,0.04282234
30,3680,0.042607445
30,3712,0.042545613
30,3744,0.042420745
30,3776,0.042411827
30,3808,0.04228432
30,3840,0.042234574
30,3872,0.042362865
30,3904,0.042268164
30,3936,0.042348202
30,3968,0.04231466
30,4000,0.042121924
30,4032,0.04223139
30,4064,0.04226922
30,4096,0.042114742
30,4128,0.04210327
30,4160,0.042338457
30,4192,0.042122263
30,4224,0.042003345
30,4256,0.04316431
30,4288,0.04310746
30,4320,0.0431472
30,4352,0.0429403
30,4384,0.043144003
30,4416,0.04306097
30,4448,0.042867735
30,4480,0.04299814
30,4512,0.042852208
30,4544,0.042900093
30,4576,0.04276885
30,4608,0.042896166
30,4640,0.042536292
30,4672,0.04274006
30,4704,0.04259012
30,4736,0.042673014
30,4768,0.04234138
30,4800,0.042559937
30,4832,0.042813428
30,4864,0.042431056
30,4896,0.042349067
30,4928,0.042457044
30,4960,0.042429216
30,4992,0.042377464
30,5024,0.042379417
30,5056,0.042192873
30,5088,0.04237114
30,5120,0.042244397
30,5152,0.042106148
30,5184,0.042159073
30,5216,0.041985504
30,5248,0.04203358
30,5280,0.043065373
30,5312,0.043164786
30,5344,0.043020997
30,5376,0.04301615
30,5408,0.042946078
30,5440,0.043063577
30,5472,0.042944092
30,5504,0.042766314
30,5536,0.04267681
30,5568,0.04264495
30,5600,0.042456664
30,5632,0.042830467
30,5664,0.042434447
30,5696,0.0424718
30,5728,0.042665936
30,5760,0.042458314
30,5792,0.04236566
30,5824,0.042555775
30,5856,0.04234214
30,5888,0.04249423
30,5920,0.04228177
30,5952,0.04246376
30,5984,0.04229958
30,6016,0.0423462
30,6048,0.04238716
30,6080,0.042147193
31,0,0.042465255
31,32,0.04237631
31,64,0.042183112
31,96,0.042088456
31,128,0.042039637
31,160,0.042181272
31,192,0.042595524
31,224,0.043284263
31,256,0.043304395
31,288,0.04309202
31,320,0.042964287
31,352,0.042976245
31,384,0.042939305
31,416,0.042875826
31,448,0.04290769
31,480,0.042847384
31,512,0.042988043
31,544,0.042798486
31,576,0.042779665
31,608,0.04287125
31,640,0.04273827
31,672,0.042675562
31,704,0.042566836
31,736,0.042521868
31,768,0.04249147
31,800,0.04249634
31,832,0.042472534
31,864,0.04268114
31,896,0.04258035
31,928,0.042371307
31,960,0.042472426
31,992,0.042137213
31,1024,0.0424157
31,1056,0.042437945
31,1088,0.042446006
31,1120,0.042279236
31,1152,0.042319406
31,1184,0.042177357
31,1216,0.04276081
31,1248,0.043132864
31,1280,0.043040328
31,1312,0.043112252
31,1344,0.04297143
31,1376,0.04284389
31,1408,0.042895325
31,1440,0.04297649
31,1472,0.04278886
31,1504,0.042869806
31,1536,0.042490873
31,1568,0.042695165
31,1600,0.042896718
31,1632,0.042620897
31,1664,0.042535476
31,1696,0.042550564
31,1728,0.042550724
31,1760,0.042533476
31,1792,0.042466387
31,1824,0.042584267
31,1856,0.042378493
31,1888,0.042538255
31,1920,0.042376116
31,1952,0.042261206
31,1984,0.04249741
31,2016,0.0425063
31,2048,0.04223376
31,2080,0.04238184
31,2112,0.04242001
31,2144,0.042321194
31,2176,0.04232032
31,2208,0.042203233
31,2240,0.042622
31,2272,0.043249156
31,2304,0.043181375
31,2336,0.042980976
31,2368,0.04297674
31,2400,0.04307305
31,2432,0.042899698
31,2464,0.042656593
31,2496,0.042743534
31,2528,0.04279195
31,2560,0.042627603
31,2592,0.042395774
31,2624,0.042584624
31,2656,0.042637076
31,2688,0.042736735
31,2720,0.042466696
31,2752,0.04240287
31,2784,0.042413563
31,2816,0.042446394
31,2848,0.042496767
31,2880,0.042302806
31,2912,0.04248695
31,2944,0.042400736
31,2976,0.042317968
31,3008,0.04233737
31,3040,0.042402837
31,3072,0.042187523
31,3104,0.04215033
31,3136,0.042488806
31,3168,0.042074297
31,3200,0.042306766
31,3232,0.042110108
31,3264,0.042789105
31,3296,0.043405496
31,3328,0.04313753
31,3360,0.04304597
31,3392,0.043116353
31,3424,0.043104555
31,3456,0.043089278
31,3488,0.042760547
31,3520,0.043040585
31,3552,0.04301389
31,3584,0.042719543
31,3616,0.04271023
31,3648,0.042712368
31,3680,0.04266142
31,3712,0.042933535
31,3744,0.04273866
31,3776,0.04257322
31,3808,0.042628612
31,3840,0.0426406
31,3872,0.04244587
31,3904,0.042251777
31,3936,0.04250497
31,3968,0.042560223
31,4000,0.042435538
31,4032,0.042309344
31,4064,0.04246548
31,4096,0.0424337
31,4128,0.042334855
31,4160,0.042305972
31,4192,0.042359937
31,4224,0.042426016
31,4256,0.042320397
31,4288,0.042742927
31,4320,0.043208543
31,4352,0.0433473
31,4384,0.043053184
31,4416,0.0433137
31,4448,0.043016993
31,4480,0.04313203
31,4512,0.042907983
31,4544,0.042855512
31,4576,0.04300238
31,4608,0.04290222
31,4640,0.042591643
31,4672,0.04287139
31,4704,0.042842466
31,4736,0.04275399
31,4768,0.04271163
31,4800,0.042692043
31,4832,0.042735897
31,4864,0.0426406
31,4896,0.042584144
31,4928,0.042725403
31,4960,0.042703744
31,4992,0.04249292
31,5024,0.042715885
31,5056,0.04254862
31,5088,0.042464983
31,5120,0.042374626
31,5152,0.04240365
31,5184,0.042319596
31,5216,0.042490914
31,5248,0.042371232
31,5280,0.042202897
31,5312,0.04292501
31,5344,0.04339938
31,5376,0.04351782
31,5408,0.043186806
31,5440,0.043302458
31,5472,0.043204423
31,5504,0.043281984
31,5536,0.04318688
31,5568,0.043036863
31,5600,0.042802572
31,5632,0.043091692
31,5664,0.04289445
31,5696,0.04273267
31,5728,0.042920507
31,5760,0.0428303
31,5792,0.04267841
31,5824,0.04282477
31,5856,0.042853195
31,5888,0.04289896
31,5920,0.042625573
31,5952,0.042768415
31,5984,0.04262455
31,6016,0.042538453
31,6048,0.042570077
31,6080,0.042663544
32,0,0.04246502
32,32,0.042453878
32,64,0.042501584
32,96,0.042667724
32,128,0.042477023
32,160,0.042332266
32,192,0.04238612
32,224,0.042679608
32,256,0.043280024
32,288,0.043431997
32,320,0.043174226
32,352,0.043131635
32,384,0.043293376
32,416,0.043004002
32,448,0.04297135
32,480,0.042855944
32,512,0.043121472
32,544,0.04302944
32,576,0.042774256
32,608,0.042888485
32,640,0.042963505
32,672,0.042687986
32,704,0.042765375
32,736,0.042952478
32,768,0.042743538
32,800,0.042761393
32,832,0.0426751
32,864,0.04259345
32,896,0.042653922
32,928,0.04256864
32,960,0.04271892
32,992,0.042677157
32,1024,0.042645983
32,1056,0.042440295
32,1088,0.042361196
32,1120,0.042514235
32,1152,0.042414337
32,1184,0.042345107
32,1216,0.042765405
32,1248,0.042667076
32,1280,0.04295527
32,1312,0.04314989
32,1344,0.04288614
32,1376,0.042836122
32,1408,0.04303697
32,1440,0.04271311
32,1472,0.042925496
32,1504,0.042680144
32,1536,0.042634748
32,1568,0.042586423
32,1600,0.042747386
32,1632,0.042528614
32,1664,0.04259652
32,1696,0.042437736
32,1728,0.042485513
32,1760,0.042443555
32,1792,0.042544074
32,1824,0.042405456
32,1856,0.04240211
32,1888,0.042357534
32,1920,0.042468034
32,1952,0.04227288
32,1984,0.04226224
32,2016,0.042325582
32,2048,0.04225724
32,2080,0.042394385
32,2112,0.04219412
32,2144,0.042045776
32,2176,0.04214006
32,2208,0.04210771
32,2240,0.04218645
32,2272,0.042465642
32,2304,0.043072805
32,2336,0.043110978
32,2368,0.043035578
32,2400,0.04311951
32,2432,0.042958938
32,2464,0.043038648
32,2496,0.042947922
32,2528,0.0426815
32,2560,0.042778958
32,2592,0.042837497
32,2624,0.042864554
32,2656,0.042676188
32,2688,0.0426885
32,2720,0.042843428
32,2752,0.042624533
32,2784,0.04252798
32,2816,0.042622875
32,2848,0.042562854
32,2880,0.04266156
32,2912,0.04265923
32,2944,0.04273638
32,2976,0.042427678
32,3008,0.042554993
32,3040,0.042655017
32,3072,0.042656697
32,3104,0.04227513
32,3136,0.042401213
32,3168,0.04237931
32,3200,0.04227427
32,3232,0.042421322
32,3264,0.042329792
32,3296,0.042603336
32,3328,0.04288782
32,3360,0.042925384
32,3392,0.042663306
32,3424,0.04301007
32,3456,0.04275069
32,3488,0.042663332
32,3520,0.042533398
32,3552,0.042748775
32,3584,0.042540655
32,3616,0.0426682
32,3648,0.04272841
32,3680,0.042589854
32,3712,0.042559355
32,3744,0.042441368
32,3776,0.042402066
32,3808,0.042330433
32,3840,0.0425809
32,3872,0.04253854
32,3904,0.042321615
32,3936,0.042249765
32,3968,0.042472936
32,4000,0.042384427
32,4032,0.042433694
32,4064,0.042177737
32,4096,0.042264745
32,4128,0.042197675
32,4160,0.042156857
32,4192,0.04224441
32,4224,0.042055707
32,4256,0.042276796
32,4288,0.042208817
32,4320,0.042392842
32,4352,0.0431434
32,4384,0.04322303
32,4416,0.04306637
32,4448,0.042866006
32,4480,0.042829543
32,4512,0.04279126
32,4544,0.04284113
32,4576,0.042734273
32,4608,0.042854983
32,4640,0.04271816
32,4672,0.042685915
32,4704,0.04270245
32,4736,0.042645294
32,4768,0.042646088
32,4800,0.042566713
32,4832,0.042609647
32,4864,0.0427323
32,4896,0.04259733
32,4928,0.042586755
32,4960,0.042573806
32,4992,0.042619795
32,5024,0.042308938
32,5056,0.04275059
32,5088,0.042633746
32,5120,0.04238358
32,5152,0.04242876
32,5184,0.04237153
32,5216,0.042351484
32,5248,0.04231859
32,5280,0.042247906
32,5312,0.042382468
32,5344,0.04258999
32,5376,0.043247968
32,5408,0.043094628
32,5440,0.04297145
32,5472,0.04289876
32,5504,0.042972606
32,5536,0.042794466
32,5568,0.04285194
32,5600,0.04288632
32,5632,0.042847276
32,5664,0.042801145
32,5696,0.042754717
32,5728,0.042624652
32,5760,0.042578213
32,5792,0.042752475
32,5824,0.042639308
32,5856,0.042416885
32,5888,0.042503662
32,5920,0.042320795
32,5952,0.042339787
32,5984,0.042665392
32,6016,0.0425896
32,6048,0.04252015
32,6080,0.04238263
33,0,0.042351473
33,32,0.042498715
33,64,0.042502455
33,96,0.042490717
33,128,0.04250578
33,160,0.042544845
33,192,0.04237138
33,224,0.042503066
33,256,0.04216681
33,288,0.04311405
33,320,0.042882815
33,352,0.042796396
33,384,0.0428375
33,416,0.042764504
33,448,0.042884078
33,480,0.04297816
33,512,0.042750053
33,544,0.042723108
33,576,0.042739674
33,608,0.042693365
33,640,0.042797606
33,672,0.042743053
33,704,0.04264906
33,736,0.04273118
33,768,0.042643107
33,800,0.042693894
33,832,0.042415872
33,864,0.04250881
33,896,0.042643372
33,928,0.042466357
33,960,0.042292126
33,992,0.04246203
33,1024,0.04235228
33,1056,0.04248278
33,1088,0.042271256
33,1120,0.042383846
33,1152,0.042353652
33,1184,0.042480107
33,1216,0.04242301
33,1248,0.042093664
33,1280,0.042428985
33,1312,0.043052822
33,1344,0.042989325
33,1376,0.042944405
33,1408,0.042850655
33,1440,0.042847924
33,1472,0.042947628
33,1504,0.042921156
33,1536,0.04280938
33,1568,0.042835183
33,1600,0.042843293
33,1632,0.042744268
33,1664,0.042614285
33,1696,0.042681485
33,1728,0.042745586
33,1760,0.042663608
33,1792,0.0427426
33,1824,0.042837285
33,1856,0.042542223
33,1888,0.042674303
33,1920,0.042605903
33,1952,0.042657938
33,1984,0.04250123
33,2016,0.042483162
33,2048,0.042423528
33,2080,0.042683452
33,2112,0.04251452
33,2144,0.04251689
33,2176,0.042380612
33,2208,0.04230245
33,2240,0.042325463
33,2272,0.04250304
33,2304,0.042378917
33,2336,0.043441247
33,2368,0.04327468
33,2400,0.043124557
33,2432,0.043218434
33,2464,0.0431566
33,2496,0.043198906
33,2528,0.04326083
33,2560,0.043056022
33,2592,0.0431898
33,2624,0.04301679
33,2656,0.043197375
33,2688,0.043063242
33,2720,0.042946156
33,2752,0.042845976
33,2784,0.042963244
33,2816,0.042971432
33,2848,0.043014478
33,2880,0.043008488
33,2912,0.042744294
33,2944,0.04263001
33,2976,0.042782877
33,3008,0.042886086
33,3040,0.042902965
33,3072,0.04258524
33,3104,0.042703528
33,3136,0.04264699
33,3168,0.04278586
33,3200,0.042654928
33,3232,0.04287713
33,3264,0.04269152
33,3296,0.04259203
33,3328,0.042511534
33,3360,0.04323618
33,3392,0.043033678
33,3424,0.04311817
33,3456,0.043246344
33,3488,0.043117967
33,3520,0.043141823
33,3552,0.0430032
33,3584,0.042701613
33,3616,0.042845804
33,3648,0.04282271
33,3680,0.042902414
33,3712,0.042828824
33,3744,0.04284196
33,3776,0.042766333
33,3808,0.042834334
33,3840,0.04271857
33,3872,0.042819127
33,3904,0.042719614
33,3936,0.04275587
33,3968,0.042768918
33,4000,0.04253097
33,4032,0.042661402
33,4064,0.042557888
33,4096,0.042665113
33,4128,0.042652108
33,4160,0.04245816
33,4192,0.042470396
33,4224,0.042693324
33,4256,0.04261486
33,4288,0.042500883
33,4320,0.042406272
33,4352,0.04246232
33,4384,0.04297632
33,4416,0.042950246
33,4448,0.04287838
33,4480,0.04277035
33,4512,0.042874947
33,4544,0.042851593
33,4576,0.042803504
33,4608,0.042719387
33,4640,0.042967666
33,4672,0.042680554
33,4704,0.04273057
33,4736,0.042757627
33,4768,0.042673737
33,4800,0.042532545
33,4832,0.042723116
33,4864,0.042470604
33,4896,0.042512625
33,4928,0.04261244
33,4960,0.04251679
33,4992,0.042455778
33,5024,0.04243302
33,5056,0.04241376
33,5088,0.0425374
33,5120,0.042382933
33,5152,0.042395506
33,5184,0.04265867
33,5216,0.04240408
33,5248,0.042551145
33,5280,0.042403538
33,5312,0.042362034
33,5344,0.042378396
33,5376,0.04239796
33,5408,0.042928763
33,5440,0.04290893
33,5472,0.04295738
33,5504,0.042893674
33,5536,0.043013796
33,5568,0.042711575
33,5600,0.04288336
33,5632,0.042691287
33,5664,0.04287629
33,5696,0.042698964
33,5728,0.04276135
33,5760,0.04279113
33,5792,0.04261914
33,5824,0.04281596
33,5856,0.04258657
33,5888,0.042761356
33,5920,0.04241861
33,5952,0.04267677
33,5984,0.042551663
33,6016,0.042490713
33,6048,0.04240691
33,6080,0.042517744
34,0,0.04237883
34,32,0.04246208
34,64,0.042570986
34,96,0.042313017
34,128,0.04248799
34,160,0.042351723
34,192,0.04247473
34,224,0.042238
34,256,0.04231685
34,288,0.042451527
34,320,0.042918716
34,352,0.042764693
34,384,0.04277006
34,416,0.042797573
34,448,0.042613547
34,480,0.04276168
34,512,0.042524274
34,544,0.04269318
34,576,0.04272797
34,608,0.04255259
34,640,0.042650905
34,672,0.04279241
34,704,0.042572815
34,736,0.042741966
34,768,0.04256955
34,800,0.04257873
34,832,0.042616248
34,864,0.042568695
34,896,0.042649955
34,928,0.042529974
34,960,0.04232368
34,992,0.042338453
34,1024,0.04242896
34,1056,0.04242907
34,1088,0.042392354
34,1120,0.042305842
34,1152,0.042246398
34,1184,0.042525336
34,1216,0.042326383
34,1248,0.042296935
34,1280,0.04237851
34,1312,0.04226186
34,1344,0.04304048
34,1376,0.04306312
34,1408,0.04300478
34,1440,0.04295366
34,1472,0.042745676
34,1504,0.043036357
34,1536,0.042775318
34,1568,0.04310316
34,1600,0.04299862
34,1632,0.042955015
34,1664,0.04278549
34,1696,0.042781983
34,1728,0.042929858
34,1760,0.042861003
34,1792,0.04289241
34,1824,0.042636897
34,1856,0.04258392
34,1888,0.04261135
34,1920,0.042610757
34,1952,0.042830713
34,1984,0.042558458
34,2016,0.04269759
34,2048,0.04279951
34,2080,0.042623036
34,2112,0.042702787
34,2144,0.04274973
34,2176,0.042592715
34,2208,0.042356193
34,2240,0.042429827
34,2272,0.04255223
34,2304,0.042601977
34,2336,0.042408623
34,2368,0.042620897
34,2400,0.042650938
34,2432,0.042732146
34,2464,0.04280777
34,2496,0.04275396
34,2528,0.042851962
34,2560,0.042690575
34,2592,0.042589277
34,2624,0.042483836
34,2656,0.04248007
34,2688,0.04272793
34,2720,0.04250826
34,2752,0.042657867
34,2784,0.042482473
34,2816,0.042610742
34,2848,0.04252168
34,2880,0.04247674
34,2912,0.042369083
34,2944,0.04260201
34,2976,0.04250452
34,3008,0.042304818
34,3040,0.042598963
34,3072,0.04253561
34,3104,0.04229129
34,3136,0.042386465
34,3168,0.042304143
34,3200,0.04250488
34,3232,0.042420026
34,3264,0.042104974
34,3296,0.042279232
34,3328,0.042311132
34,3360,0.04229428
34,3392,0.042797342
34,3424,0.04285402
34,3456,0.04268029
34,3488,0.043045077
34,3520,0.042795185
34,3552,0.04284723
34,3584,0.042777162
34,3616,0.042616345
34,3648,0.04282044
34,3680,0.042779155
34,3712,0.04238692
34,3744,0.042637672
34,3776,0.042606447
34,3808,0.042692177
34,3840,0.042763982
34,3872,0.04267927
34,3904,0.04257306
34,3936,0.04250269
34,3968,0.042621348
34,4000,0.042446323
34,4032,0.04256512
34,4064,0.04253659
34,4096,0.042445887
34,4128,0.04243898
34,4160,0.04235164
34,4192,0.04239262
34,4224,0.042414304
34,4256,0.042335257
34,4288,0.042415332
34,4320,0.042344198
34,4352,0.042473033
34,4384,0.04232761
34,4416,0.042924754
34,4448,0.04295628
34,4480,0.04305417
34,4512,0.04285027
34,4544,0.042968072
34,4576,0.042935446
34,4608,0.042815134
34,4640,0.042976893
34,4672,0.04273867
34,4704,0.042919204
34,4736,0.04288295
34,4768,0.042796563
34,4800,0.04269195
34,4832,0.042853095
34,4864,0.042670656
34,4896,0.042638242
34,4928,0.042694543
34,4960,0.042658236
34,4992,0.042710837
34,5024,0.042553402
34,5056,0.04268646
34,5088,0.04266198
34,5120,0.042649493
34,5152,0.042624466
34,5184,0.042621933
34,5216,0.042560965
34,5248,0.042476725
34,5280,0.042555653
34,5312,0.042324614
34,5344,0.042459406
34,5376,0.042550433
34,5408,0.04260907
34,5440,0.043043558
34,5472,0.0431552
34,5504,0.04302653
34,5536,0.043180555
34,5568,0.043012984
34,5600,0.04304555
34,5632,0.04291877
34,5664,0.042873677
34,5696,0.043060493
34,5728,0.043016385
34,5760,0.04281472
34,5792,0.04278653
34,5824,0.04289821
34,5856,0.04280726
34,5888,0.042928524
34,5920,0.04266222
34,5952,0.042734683
34,5984,0.04282579
34,6016,0.042734966
34,6048,0.042783227
34,6080,0.042653155
35,0,0.042862818
35,32,0.04264887
35,64,0.04279295
35,96,0.04291512
35,128,0.042653162
35,160,0.042547867
35,192,0.042746626
35,224,0.042518042
35,256,0.042447012
35,288,0.04271433
35,320,0.04263159
35,352,0.042695194
35,384,0.043064464
35,416,0.043176085
35,448,0.043081384
35,480,0.042984094
35,512,0.042883534
35,544,0.042976394
35,576,0.043016136
35,608,0.042899325
35,640,0.042943668
35,672,0.043041494
35,704,0.042942327
35,736,0.042890094
35,768,0.04294119
35,800,0.043141417
35,832,0.0427972
35,864,0.042786784
35,896,0.042871322
35,928,0.043041863
35,960,0.042855706
35,992,0.042810675
35,1024,0.042692736
35,1056,0.042677198
35,1088,0.04275037
35,1120,0.042699285
35,1152,0.042769484
35,1184,0.042640522
35,1216,0.04267792
35,1248,0.042699035
35,1280,0.042745948
35,1312,0.04258139
35,1344,0.042728085
35,1376,0.04285392
35,1408,0.042957436
35,1440,0.043124262
35,1472,0.043067463
35,1504,0.042797152
35,1536,0.0426847
35,1568,0.042871483
35,1600,0.042774126
35,1632,0.042823117
35,1664,0.042855375
35,1696,0.042836986
35,1728,0.042826846
35,1760,0.04279818
35,1792,0.042677533
35,1824,0.042699523
35,1856,0.042875525
35,1888,0.042583764
35,1920,0.04272184
35,1952,0.04264168
35,1984,0.042599928
35,2016,0.042839773
35,2048,0.042553745
35,2080,0.042727068
35,2112,0.04274973
35,2144,0.042552233
35,2176,0.04268282
35,2208,0.042590793
35,2240,0.042614266
35,2272,0.042525917
35,2304,0.042524002
35,2336,0.042676814
35,2368,0.04248942
35,2400,0.04284173
35,2432,0.042798143
35,2464,0.04278317
35,2496,0.04279957
35,2528,0.04261878
35,2560,0.042836245
35,2592,0.0428001
35,2624,0.042758264
35,2656,0.042557374
35,2688,0.042589255
35,2720,0.042671684
35,2752,0.042600557
35,2784,0.042638287
35,2816,0.04267439
35,2848,0.04264929
35,2880,0.042506304
35,2912,0.04258169
35,2944,0.042466123
35,2976,0.042455893
35,3008,0.042562213
35,3040,0.042584203
35,3072,0.04252916
35,3104,0.042510007
35,3136,0.04236691
35,3168,0.042550318
35,3200,0.04244496
35,3232,0.04265581
35,3264,0.042293575
35,3296,0.042436726
35,3328,0.042486668
35,3360,0.042429406
35,3392,0.04238025
35,3424,0.042745534
35,3456,0.04289433
35,3488,0.0430073
35,3520,0.042729404
35,3552,0.04269511
35,3584,0.042865466
35,3616,0.042953912
35,3648,0.042867042
35,3680,0.04271948
35,3712,0.042519163
35,3744,0.042705234
35,3776,0.04283726
35,3808,0.04271229
35,3840,0.042794216
35,3872,0.0426545
35,3904,0.042722482
35,3936,0.042712834
35,3968,0.04253981
35,4000,0.04271526
35,4032,0.042647723
35,4064,0.042726897
35,4096,0.042771317
35,4128,0.04255709
35,4160,0.04262082
35,4192,0.04240094
35,4224,0.042599782
35,4256,0.04250042
35,4288,0.04241979
35,4320,0.042585224
35,4352,0.04259349
35,4384,0.042615123
35,4416,0.042568006
35,4448,0.042593382
35,4480,0.042577248
35,4512,0.042812653
35,4544,0.042657636
35,4576,0.042632625
35,4608,0.04270686
35,4640,0.042649124
35,4672,0.042605236
35,4704,0.042526085
35,4736,0.042499952
35,4768,0.04249708
35,4800,0.04247216
35,4832,0.0427177
35,4864,0.042649698
35,4896,0.042556856
35,4928,0.042359862
35,4960,0.042481054
35,4992,0.042562217
35,5024,0.042313155
35,5056,0.042654414
35,5088,0.04243992
35,5120,0.042394977
35,5152,0.042380493
35,5184,0.04234068
35,5216,0.04238
35,5248,0.042470574
35,5280,0.042334944
35,5312,0.042372975
35,5344,0.042388484
35,5376,0.042233724
35,5408,0.042091623
35,5440,0.042230647
35,5472,0.042400386
35,5504,0.04293293
35,5536,0.042704627
35,5568,0.04284007
35,5600,0.04293935
35,5632,0.042752247
35,5664,0.042965677
35,5696,0.04278752
35,5728,0.04270041
35,5760,0.042793505
35,5792,0.042800322
35,5824,0.042746186
35,5856,0.042712815
35,5888,0.04282884
35,5920,0.042908423
35,5952,0.042676006
35,5984,0.042745937
35,6016,0.042712014
35,6048,0.04265318
35,6080,0.042604215
36,0,0.04265364
36,32,0.042719986
36,64,0.04261468
36,96,0.04262078
36,128,0.04275313
36,160,0.042626638
36,192,0.042503692
36,224,0.042531304
36,256,0.042553537
36,288,0.042508375
36,320,0.04256482
36,352,0.04252341
36,384,0.042818192
36,416,0.04268521
36,448,0.04294218
36,480,0.042788144
36,512,0.042675316
36,544,0.04293367
36,576,0.042707637
36,608,0.042800136
36,640,0.042755436
36,672,0.04268385
36,704,0.042620108
36,736,0.042647682
36,768,0.04263442
36,800,0.042731818
36,832,0.042467237
36,864,0.042622373
36,896,0.0425847
36,928,0.0424541
36,960,0.04268417
36,992,0.04251045
36,1024,0.04263333
36,1056,0.042608105
36,1088,0.04250267
36,1120,0.04243778
36,1152,0.042679336
36,1184,0.04260592
36,1216,0.042387582
36,1248,0.04249241
36,1280,0.04248589
36,1312,0.042551387
36,1344,0.04249175
36,1376,0.04252384
36,1408,0.042715926
36,1440,0.042793885
36,1472,0.04268687
36,1504,0.042836074
36,1536,0.04278838
36,1568,0.04274453
36,1600,0.042963352
36,1632,0.042823147
36,1664,0.042942025
36,1696,0.042717393
36,1728,0.04276546
36,1760,0.042719804
36,1792,0.042761326
36,1824,0.042826243
36,1856,0.04270587
36,1888,0.04266892
36,1920,0.042503156
36,1952,0.042713154
36,1984,0.042568475
36,2016,0.042728804
36,2048,0.042625938
36,2080,0.042654213
36,2112,0.04261835
36,2144,0.042625453
36,2176,0.042680725
36,2208,0.04261835
36,2240,0.04260636
36,2272,0.042596627
36,2304,0.04262878
36,2336,0.04246636
36,2368,0.042521216
36,2400,0.042557076
36,2432,0.042507924
36,2464,0.042908482
36,2496,0.04265163
36,2528,0.04283221
36,2560,0.04276269
36,2592,0.04280477
36,2624,0.042584468
36,2656,0.04276577
36,2688,0.04271175
36,2720,0.042707462
36,2752,0.042600278
36,2784,0.04261209
36,2816,0.042712897
36,2848,0.042589046
36,2880,0.0426275
36,2912,0.042460382
36,2944,0.042565104
36,2976,0.04287585
36,3008,0.04262305
36,3040,0.04255511
36,3072,0.042667665
36,3104,0.042651758
36,3136,0.042775113
36,3168,0.0426526
36,3200,0.04251941
36,3232,0.04246823
36,3264,0.042488366
36,3296,0.042346645
36,3328,0.04271029
36,3360,0.042365517
36,3392,0.04239006
36,3424,0.042483173
36,3456,0.04274904
36,3488,0.04321595
36,3520,0.04300767
36,3552,0.043063547
36,3584,0.043116365
36,3616,0.043196958
36,3648,0.04307771
36,3680,0.043177772
36,3712,0.043028902
36,3744,0.043173842
36,3776,0.043174975
36,3808,0.042840775
36,3840,0.04309434
36,3872,0.043022666
36,3904,0.043115582
36,3936,0.042981703
36,3968,0.042898834
36,4000,0.043068156
36,4032,0.04269498
36,4064,0.042789653
36,4096,0.043027855
36,4128,0.042916227
36,4160,0.04303241
36,4192,0.04280874
36,4224,0.042982016
36,4256,0.042862248
36,4288,0.042930596
36,4320,0.042957406
36,4352,0.04284058
36,4384,0.042854827
36,4416,0.042907603
36,4448,0.042842247
36,4480,0.042795002
36,4512,0.042684093
36,4544,0.04282911
36,4576,0.04286862
36,4608,0.042768728
36,4640,0.042898007
36,4672,0.042929832
36,4704,0.04258792
36,4736,0.04271347
36,4768,0.04274156
36,4800,0.042891018
36,4832,0.04275299
36,4864,0.042625733
36,4896,0.04274659
36,4928,0.042708784
36,4960,0.04265118
36,4992,0.04286559
36,5024,0.04275303
36,5056,0.042729817
36,5088,0.04263358
36,5120,0.04280036
36,5152,0.042775527
36,5184,0.042685542
36,5216,0.042564347
36,5248,0.042550847
36,5280,0.04261991
36,5312,0.042639576
36,5344,0.042508602
36,5376,0.042973895
36,5408,0.042560786
36,5440,0.04256348
36,5472,0.04250083
36,5504,0.042585395
36,5536,0.04296691
36,5568,0.042660862
36,5600,0.042730287
36,5632,0.042782683
36,5664,0.042620275
36,5696,0.042952456
36,5728,0.042720523
36,5760,0.04274951
36,5792,0.042656276
36,5824,0.042861044
36,5856,0.042691093
36,5888,0.042793896
36,5920,0.042474993
36,5952,0.042697847
36,5984,0.042531043
36,6016,0.04260161
36,6048,0.04278068
36,6080,0.042556975
37,0,0.042558596
37,32,0.042561337
37,64,0.04269632
37,96,0.042583063
37,128,0.042516015
37,160,0.042542756
37,192,0.042561222
37,224,0.04256237
37,256,0.04248023
37,288,0.04249924
37,320,0.042589933
37,352,0.04240771
37,384,0.04250914
37,416,0.042529777
37,448,0.042777076
37,480,0.042890426
37,512,0.042906154
37,544,0.042796414
37,576,0.042681187
37,608,0.042766318
37,640,0.04256152
37,672,0.042674683
37,704,0.042653646
37,736,0.042874847
37,768,0.042670675
37,800,0.04284198
37,832,0.042582545
37,864,0.042587616
37,896,0.042724397
37,928,0.042485207
37,960,0.042635646
37,992,0.04277131
37,1024,0.042621814
37,1056,0.042578053
37,1088,0.042781536
37,1120,0.04265711
37,1152,0.042606667
37,1184,0.042824812
37,1216,0.042652313
37,1248,0.042803384
37,1280,0.042549606
37,1312,0.04251856
37,1344,0.042724572
37,1376,0.04255094
37,1408,0.042551666
37,1440,0.042776197
37,1472,0.042458396
37,1504,0.042576645
37,1536,0.042272735
37,1568,0.042684615
37,1600,0.042681333
37,1632,0.04250867
37,1664,0.042531483
37,1696,0.042582814
37,1728,0.0426582
37,1760,0.04252823
37,1792,0.04263335
37,1824,0.042458236
37,1856,0.04247398
37,1888,0.042370945
37,1920,0.04256098
37,1952,0.042514384
37,1984,0.042480055
37,2016,0.042501763
37,2048,0.042478304
37,2080,0.042579267
37,2112,0.042460654
37,2144,0.042637777
37,2176,0.04221334
37,2208,0.042555947
37,2240,0.04249765
37,2272,0.042423394
37,2304,0.042411324
37,2336,0.042235218
37,2368,0.04231481
37,2400,0.042432483
37,2432,0.042425327
37,2464,0.042388625
37,2496,0.042903077
37,2528,0.04292949
37,2560,0.04290519
37,2592,0.042702638
37,2624,0.042927206
37,2656,0.042671043
37,2688,0.042883728
37,2720,0.0427622
37,2752,0.042705595
37,2784,0.04280684
37,2816,0.04281555
37,2848,0.042697586
37,2880,0.042734466
37,2912,0.042752262
37,2944,0.042804964
37,2976,0.042692933
37,3008,0.04290742
37,3040,0.042719614
37,3072,0.042616453
37,3104,0.042807925
37,3136,0.042541377
37,3168,0.04275482
37,3200,0.042649157
37,3232,0.042568564
37,3264,0.042651758
37,3296,0.04267668
37,3328,0.042779945
37,3360,0.04273614
37,3392,0.042716395
37,3424,0.042629607
37,3456,0.042850614
37,3488,0.042722642
37,3520,0.042708494
37,3552,0.042842943
37,3584,0.042724438
37,3616,0.04269163
37,3648,0.04273165
37,3680,0.042726014
37,3712,0.042808916
37,3744,0.042455006
37,3776,0.04263799
37,3808,0.042544365
37,3840,0.0425393
37,3872,0.04264379
37,3904,0.042675484
37,3936,0.042478
37,3968,0.042628974
37,4000,0.042764742
37,4032,0.042663332
37,4064,0.042519037
37,4096,0.042581238
37,4128,0.042385772
37,4160,0.042444535
37,4192,0.0424395
37,4224,0.042557552
37,4256,0.04250888
37,4288,0.042556703
37,4320,0.04252819
37,4352,0.042448677
37,4384,0.042379882
37,4416,0.04238966
37,4448,0.042482313
37,4480,0.04254546
37,4512,0.04236857
37,4544,0.04271386
37,4576,0.04267925
37,4608,0.04264656
37,4640,0.04255619
37,4672,0.042500466
37,4704,0.04276271
37,4736,0.04254075
37,4768,0.042819288
37,4800,0.04282548
37,4832,0.042769752
37,4864,0.042673334
37,4896,0.042405304
37,4928,0.042519905
37,4960,0.042620424
37,4992,0.042665027
37,5024,0.042689115
37,5056,0.042517126
37,5088,0.0424335
37,5120,0.042599488
37,5152,0.042675562
37,5184,0.0427153
37,5216,0.042565655
37,5248,0.042565018
37,5280,0.0426917
37,5312,0.04251174
37,5344,0.042338558
37,5376,0.042518765
37,5408,0.042470474
37,5440,0.042476732
37,5472,0.042430677
37,5504,0.042535603
37,5536,0.04255113
37,5568,0.04287173
37,5600,0.042782977
37,5632,0.042806976
37,5664,0.042811148
37,5696,0.04267579
37,5728,0.042726893
37,5760,0.042646267
37,5792,0.04275901
37,5824,0.042694245
37,5856,0.042626064
37,5888,0.042720973
37,5920,0.042715255
37,5952,0.04275203
37,5984,0.042828344
37,6016,0.04263007
37,6048,0.042662296
37,6080,0.042636704
38,0,0.042437572
38,32,0.042691845
38,64,0.042492032
38,96,0.04268544
38,128,0.042545374
38,160,0.042538173
38,192,0.042607382
38,224,0.042457674
38,256,0.042827766
38,288,0.042861536
38,320,0.04272191
38,352,0.042645507
38,384,0.042680603
38,416,0.042605143
38,448,0.042663228
38,480,0.042862915
38,512,0.04310426
38,544,0.042851742
38,576,0.04294716
38,608,0.042814452
38,640,0.042984948
38,672,0.0430652
38,704,0.042814977
38,736,0.04300131
38,768,0.042857133
38,800,0.042793073
38,832,0.042849436
38,864,0.042894278
38,896,0.042871695
38,928,0.042805426
38,960,0.04293535
38,992,0.042840313
38,1024,0.042923126
38,1056,0.043009076
38,1088,0.04301412
38,1120,0.042831343
38,1152,0.042916298
38,1184,0.04291313
38,1216,0.042904384
38,1248,0.04292823
38,1280,0.04276448
38,1312,0.04280037
38,1344,0.04286609
38,1376,0.04296816
38,1408,0.042845946
38,1440,0.042818595
38,1472,0.042904444
38,1504,0.0428312
38,1536,0.0429069
38,1568,0.042821594
38,1600,0.04291053
38,1632,0.04286396
38,1664,0.042885765
38,1696,0.042960346
38,1728,0.043123372
38,1760,0.042786486
38,1792,0.04284732
38,1824,0.042943805
38,1856,0.042723853
38,1888,0.042862117
38,1920,0.042888064
38,1952,0.042898227
38,1984,0.042836405
38,2016,0.042898625
38,2048,0.04295241
38,2080,0.04298727
38,2112,0.042914562
38,2144,0.042932484
38,2176,0.04276393
38,2208,0.042922776
38,2240,0.04294141
38,2272,0.04267988
38,2304,0.042858735
38,2336,0.04280816
38,2368,0.042884726
38,2400,0.042557217
38,2432,0.042734608
38,2464,0.042923823
38,2496,0.04283498
38,2528,0.042660676
38,2560,0.042765234
38,2592,0.04293869
38,2624,0.042804476
38,2656,0.042820737
38,2688,0.04280638
38,2720,0.04284339
38,2752,0.042712703
38,2784,0.042546377
38,2816,0.042558048
38,2848,0.04287714
38,2880,0.04267492
38,2912,0.042799216
38,2944,0.042733926
38,2976,0.0426506
38,3008,0.04274769
38,3040,0.04262299
38,3072,0.042727727
38,3104,0.042615585
38,3136,0.042671453
38,3168,0.042610906
38,3200,0.04259102
38,3232,0.042647343
38,3264,0.04245149
38,3296,0.04256392
38,3328,0.042570166
38,3360,0.042641822
38,3392,0.042794395
38,3424,0.042781405
38,3456,0.042692453
38,3488,0.04263633
38,3520,0.042800322
38,3552,0.042828158
38,3584,0.042541973
38,3616,0.042658783
38,3648,0.04255938
38,3680,0.04247547
38,3712,0.04258708
38,3744,0.042413138
38,3776,0.04252107
38,3808,0.042553805
38,3840,0.0426052
38,3872,0.04253509
38,3904,0.04266141
38,3936,0.042768177
38,3968,0.04261691
38,4000,0.042576782
38,4032,0.042696457
38,4064,0.042691585
38,4096,0.042731278
38,4128,0.042450108
38,4160,0.042462032
38,4192,0.042708192
38,4224,0.04243078
38,4256,0.04254485
38,4288,0.0424866
38,4320,0.042498104
38,4352,0.04256108
38,4384,0.0424581
38,4416,0.042554967
38,4448,0.04254842
38,4480,0.042591285
38,4512,0.04242162
38,4544,0.04263132
38,4576,0.04281409
38,4608,0.04296454
38,4640,0.043068025
38,4672,0.0430616
38,4704,0.042796772
38,4736,0.04277299
38,4768,0.042764544
38,4800,0.042744774
38,4832,0.0428448
38,4864,0.0427863
38,4896,0.04259195
38,4928,0.04271035
38,4960,0.042628687
38,4992,0.042912886
38,5024,0.042842463
38,5056,0.042645216
38,5088,0.042499997
38,5120,0.042604752
38,5152,0.042655636
38,5184,0.042836897
38,5216,0.04267301
38,5248,0.042719293
38,5280,0.042739548
38,5312,0.04278683
38,5344,0.042770814
38,5376,0.042675544
38,5408,0.042796597
38,5440,0.04278631
38,5472,0.042686928
38,5504,0.04270843
38,5536,0.042678177
38,5568,0.04266887
38,5600,0.042353358
38,5632,0.0425046
38,5664,0.04239586
38,5696,0.042477157
38,5728,0.042384055
38,5760,0.042319413
38,5792,0.04235322
38,5824,0.042453542
38,5856,0.04247825
38,5888,0.042302184
38,5920,0.04236762
38,5952,0.042431023
38,5984,0.042265598
38,6016,0.042414118
38,6048,0.042426463
38,6080,0.0423938
39,0,0.042241458
39,32,0.042562813
39,64,0.042541318
39,96,0.04227224
39,128,0.042371426
39,160,0.042375393
39,192,0.042407338
39,224,0.04244752
39,256,0.042466693
39,288,0.042393442
39,320,0.04239128
39,352,0.042338643
39,384,0.042479165
39,416,0.04239701
39,448,0.042437784
39,480,0.042426102
39,512,0.042548683
39,544,0.042812012
39,576,0.042778507
39,608,0.042917497
39,640,0.043021545
39,672,0.042820495
39,704,0.04277603
39,736,0.04287936
39,768,0.042900328
39,800,0.042655118
39,832,0.042693377
39,864,0.042680673
39,896,0.042687092
39,928,0.042934496
39,960,0.042844538
39,992,0.042717982
39,1024,0.04285878
39,1056,0.042728066
39,1088,0.042584285
39,1120,0.042882804
39,1152,0.042754874
39,1184,0.04261169
39,1216,0.0425461
39,1248,0.04272354
39,1280,0.042643897
39,1312,0.042752124
39,1344,0.042768095
39,1376,0.042794082
39,1408,0.04286846
39,1440,0.042746723
39,1472,0.042904377
39,1504,0.042728115
39,1536,0.04266426
39,1568,0.04271698
39,1600,0.04260619
39,1632,0.04257267
39,1664,0.042690378
39,1696,0.042675503
39,1728,0.042557266
39,1760,0.04255956
39,1792,0.042621475
39,1824,0.04278943
39,1856,0.042608105
39,1888,0.042703
39,1920,0.042575642
39,1952,0.042537156
39,1984,0.042558976
39,2016,0.04268331
39,2048,0.042514436
39,2080,0.042499475
39,2112,0.04255544
39,2144,0.042464167
39,2176,0.04274233
39,2208,0.042443693
39,2240,0.04234283
39,2272,0.04256042
39,2304,0.042430773
39,2336,0.042570762
39,2368,0.042512912
39,2400,0.042473942
39,2432,0.042790864
39,2464,0.04250693
39,2496,0.042426635
39,2528,0.042390615
39,2560,0.042518392
39,2592,0.04277296
39,2624,0.042963788
39,2656,0.04270046
39,2688,0.042841606
39,2720,0.04273341
39,2752,0.042774707
39,2784,0.042666618
39,2816,0.042591915
39,2848,0.042668372
39,2880,0.04279356
39,2912,0.042771216
39,2944,0.042596832
39,2976,0.042764295
39,3008,0.04274449
39,3040,0.042752914
39,3072,0.04266721
39,3104,0.042841937
39,3136,0.042609897
39,3168,0.04275233
39,3200,0.04264816
39,3232,0.042752787
39,3264,0.042566482
39,3296,0.04273789
39,3328,0.042754143
39,3360,0.042692248
39,3392,0.042462222
39,3424,0.042658027
39,3456,0.042740192
39,3488,0.04253834
39,3520,0.04258414
39,3552,0.04266435
39,3584,0.042745788
39,3616,0.042892355
39,3648,0.042704515
39,3680,0.042794563
39,3712,0.042510774
39,3744,0.042691734
39,3776,0.042766903
39,3808,0.042838458
39,3840,0.042596117
39,3872,0.042566773
39,3904,0.042663693
39,3936,0.04268718
39,3968,0.042720743
39,4000,0.042641535
39,4032,0.042576324
39,4064,0.042579595
39,4096,0.042654373
39,4128,0.04269442
39,4160,0.04273762
39,4192,0.042643856
39,4224,0.042566795
39,4256,0.042758815
39,4288,0.042690013
39,4320,0.042614326
39,4352,0.042434644
39,4384,0.042678434
39,4416,0.04250371
39,4448,0.04267823
39,4480,0.04247243
39,4512,0.042492747
39,4544,0.04265187
39,4576,0.04269224
39,4608,0.042679023
39,4640,0.042951312
39,4672,0.043124206
39,4704,0.0430151
39,4736,0.0429795
39,4768,0.043265246
39,4800,0.04317117
39,4832,0.04308573
39,4864,0.043075413
39,4896,0.04298837
39,4928,0.043156393
39,4960,0.04296898
39,4992,0.043029334
39,5024,0.04315878
39,5056,0.043079935
39,5088,0.042864498
39,5120,0.043099083
39,5152,0.043124713
39,5184,0.042838424
39,5216,0.04312671
39,5248,0.0430384
39,5280,0.042975947
39,5312,0.043102555
39,5344,0.043088857
39,5376,0.043101367
39,5408,0.042942427
39,5440,0.042993885
39,5472,0.043081008
39,5504,0.04299461
39,5536,0.04316558
39,5568,0.043090604
39,5600,0.04310191
39,5632,0.04273532
39,5664,0.042759452
39,5696,0.042754106
39,5728,0.04254463
39,5760,0.042539384
39,5792,0.042617187
39,5824,0.04261189
39,5856,0.042828538
39,5888,0.042622466
39,5920,0.042638853
39,5952,0.042639337
39,5984,0.04258307
39,6016,0.042691905
39,6048,0.04271979
39,6080,0.042598538
40,0,0.042552505
40,32,0.042751823
40,64,0.04271061
40,96,0.042735077
40,128,0.04264287
40,160,0.042527616
40,192,0.0426652
40,224,0.0426753
40,256,0.04257772
40,288,0.042691644
40,320,0.04256965
40,352,0.042636838
40,384,0.042628065
40,416,0.042398468
40,448,0.04273796
40,480,0.04258829
40,512,0.04273303
40,544,0.042506266
40,576,0.042710323
40,608,0.04269774
40,640,0.042412005
40,672,0.042622875
40,704,0.042688195
40,736,0.04273397
40,768,0.042849056
40,800,0.0428155
40,832,0.04256925
40,864,0.042616315
40,896,0.042670865
40,928,0.042408794
40,960,0.042543475
40,992,0.042650543
40,1024,0.042678643
40,1056,0.042586908
40,1088,0.04276768
40,1120,0.042717583
40,1152,0.04259518
40,1184,0.042760763
40,1216,0.042761378
40,1248,0.042766508
40,1280,0.042775538
40,1312,0.042544518
40,1344,0.04258607
40,1376,0.04279677
40,1408,0.04266139
40,1440,0.042672455
40,1472,0.042493433
40,1504,0.042800263
40,1536,0.04256333
40,1568,0.042598866
40,1600,0.04252372
40,1632,0.042516273
40,1664,0.042552356
40,1696,0.04274084
40,1728,0.042702235
40,1760,0.042711224
40,1792,0.042895447
40,1824,0.042709026
40,1856,0.042556547
40,1888,0.042636447
40,1920,0.04260853
40,1952,0.04248616
40,1984,0.042792674
40,2016,0.04261722
40,2048,0.04261449
40,2080,0.042505853
40,2112,0.042472288
40,2144,0.042758998
40,2176,0.04251583
40,2208,0.042710073
40,2240,0.042520102
40,2272,0.042661037
40,2304,0.04259375
40,2336,0.042599678
40,2368,0.04248905
40,2400,0.04265822
40,2432,0.04270297
40,2464,0.042473737
40,2496,0.042478487
40,2528,0.042406563
40,2560,0.04240239
40,2592,0.04261691
40,2624,0.042407338
40,2656,0.042603947
40,2688,0.042472273
40,2720,0.04259357
40,2752,0.042572755
40,2784,0.042533107
40,2816,0.042482454
40,2848,0.042366173
40,2880,0.04244805
40,2912,0.04268174
40,2944,0.042464465
40,2976,0.042533237
40,3008,0.042601254
40,3040,0.04244977
40,3072,0.04248831
40,3104,0.042641908
40,3136,0.042548
40,3168,0.042494576
40,3200,0.042405985
40,3232,0.042443756
40,3264,0.04246275
40,3296,0.04258718
40,3328,0.04246228
40,3360,0.042539485
40,3392,0.042619545
40,3424,0.042527653
40,3456,0.04248992
40,3488,0.04233041
40,3520,0.042475272
40,3552,0.042386994
40,3584,0.042409495
40,3616,0.042573128
40,3648,0.042694796
40,3680,0.042729598
40,3712,0.042540856
40,3744,0.042692453
40,3776,0.04284363
40,3808,0.04257677
40,3840,0.04266076
40,3872,0.042620406
40,3904,0.04259172
40,3936,0.042735886
40,3968,0.042764317
40,4000,0.04272056
40,4032,0.04258415
40,4064,0.04275878
40,4096,0.042615872
40,4128,0.042518005
40,4160,0.04265644
40,4192,0.042724743
40,4224,0.042832743
40,4256,0.042763066
40,4288,0.042679906
40,4320,0.04255435
40,4352,0.042767994
40,4384,0.04256487
40,4416,0.042545892
40,4448,0.042665016
40,4480,0.042690374
40,4512,0.042626113
40,4544,0.04265293
40,4576,0.042549826
40,4608,0.042642307
40,4640,0.042605292
40,4672,0.04261174
40,4704,0.04269781
40,4736,0.042772997
40,4768,0.04262444
40,4800,0.042760164
40,4832,0.042679504
40,4864,0.04267499
40,4896,0.042625804
40,4928,0.042774342
40,4960,0.042575564
40,4992,0.04272001
40,5024,0.042776484
40,5056,0.04259043
40,5088,0.0427638
40,5120,0.0426176
40,5152,0.042827025
40,5184,0.04256918
40,5216,0.042617183
40,5248,0.042630386
40,5280,0.042667422
40,5312,0.04258356
40,5344,0.042642564
40,5376,0.042406913
40,5408,0.042722393
40,5440,0.04268691
40,5472,0.042570528
40,5504,0.042598154
40,5536,0.042657625
40,5568,0.04245695
40,5600,0.04256669
40,5632,0.04275568
40,5664,0.04269612
40,5696,0.042825885
40,5728,0.04267035
40,5760,0.042848866
40,5792,0.042637214
40,5824,0.04266854
40,5856,0.042495057
40,5888,0.042644307
40,5920,0.042619314
40,5952,0.04267491
40,5984,0.042700816
40,6016,0.042708457
40,6048,0.042534593
40,6080,0.04247819
