1,0,0.13692847
1,32,0.09081328
1,64,0.05487848
1,96,0.052533224
1,128,0.05190664
1,160,0.05112995
1,192,0.050679646
1,224,0.050654504
1,256,0.05035722
1,288,0.04993275
1,320,0.049833905
1,352,0.049718574
1,384,0.04929106
1,416,0.049245197
1,448,0.048947293
1,480,0.049118437
1,512,0.04890403
1,544,0.048680324
1,576,0.048661295
1,608,0.048456334
1,640,0.048505694
1,672,0.048286766
1,704,0.048298333
1,736,0.04809168
1,768,0.048309542
1,800,0.047949728
1,832,0.047985174
1,864,0.047888212
1,896,0.047735635
1,928,0.048010733
1,960,0.047690175
1,992,0.047892366
1,1024,0.047892205
1,1056,0.049828317
1,1088,0.04932687
1,1120,0.048959993
1,1152,0.04894823
1,1184,0.04880115
1,1216,0.048573446
1,1248,0.048365783
1,1280,0.048408
1,1312,0.048592813
1,1344,0.04812748
1,1376,0.04825866
1,1408,0.04796129
1,1440,0.04814944
1,1472,0.048004564
1,1504,0.047841486
1,1536,0.04768794
1,1568,0.04770531
1,1600,0.047655843
1,1632,0.04778821
1,1664,0.047726724
1,1696,0.04760416
1,1728,0.04771995
1,1760,0.047397405
1,1792,0.047392853
1,1824,0.04723545
1,1856,0.047332957
1,1888,0.047325507
1,1920,0.047172148
1,1952,0.047068078
1,1984,0.047268797
1,2016,0.047072176
1,2048,0.047272973
1,2080,0.04907591
1,2112,0.04900019
1,2144,0.04872889
1,2176,0.04870809
1,2208,0.04843707
1,2240,0.04845758
1,2272,0.048546325
1,2304,0.048441313
1,2336,0.048175935
1,2368,0.0482337
1,2400,0.047993753
1,2432,0.048094217
1,2464,0.047899004
1,2496,0.04754735
1,2528,0.047789574
1,2560,0.047843322
1,2592,0.047554243
1,2624,0.04746275
1,2656,0.04754104
1,2688,0.04749751
1,2720,0.047543675
1,2752,0.04750959
1,2784,0.047352962
1,2816,0.047380056
1,2848,0.047579806
1,2880,0.047199436
1,2912,0.04726219
1,2944,0.047215432
1,2976,0.047220953
1,3008,0.047272053
1,3040,0.04718461
1,3072,0.047040265
1,3104,0.048898514
1,3136,0.048793197
1,3168,0.048687477
1,3200,0.04845976
1,3232,0.04819644
1,3264,0.04811077
1,3296,0.048258662
1,3328,0.047966868
1,3360,0.0479546
1,3392,0.04801592
1,3424,0.047868572
1,3456,0.047833636
1,3488,0.04767704
1,3520,0.047744945
1,3552,0.047628794
1,3584,0.04777228
1,3616,0.047632016
1,3648,0.047375076
1,3680,0.04764271
1,3712,0.04735767
1,3744,0.047208946
1,3776,0.047090087
1,3808,0.04733811
1,3840,0.047250174
1,3872,0.047141213
1,3904,0.04696056
1,3936,0.047122832
1,3968,0.047200385
1,4000,0.04709419
1,4032,0.047223292
1,4064,0.04699703
1,4096,0.047193535
1,4128,0.04886098
1,4160,0.048434764
1,4192,0.048361305
1,4224,0.048312765
1,4256,0.048158523
1,4288,0.04807359
1,4320,0.047963277
1,4352,0.047774263
1,4384,0.047728598
1,4416,0.047725752
1,4448,0.047740318
1,4480,0.047656227
1,4512,0.047536016
1,4544,0.047497228
1,4576,0.04757066
1,4608,0.04744887
1,4640,0.04738142
1,4672,0.047414117
1,4704,0.04730031
1,4736,0.0472304
1,4768,0.047245264
1,4800,0.04717476
1,4832,0.047171127
1,4864,0.047151435
1,4896,0.046896342
1,4928,0.046920646
1,4960,0.047066834
1,4992,0.047029622
1,5024,0.047154043
1,5056,0.046893395
1,5088,0.04692943
1,5120,0.046922654
1,5152,0.048432447
1,5184,0.048314158
1,5216,0.04808304
1,5248,0.04805491
1,5280,0.04790467
1,5312,0.047297344
1,5344,0.04751096
1,5376,0.047431298
1,5408,0.047554
1,5440,0.047351815
1,5472,0.04730813
1,5504,0.047271553
1,5536,0.047084935
1,5568,0.047070168
1,5600,0.047025282
1,5632,0.04713229
1,5664,0.0470391
1,5696,0.04701998
1,5728,0.047014903
1,5760,0.0466794
1,5792,0.04693665
1,5824,0.04659992
1,5856,0.046743326
1,5888,0.04681104
1,5920,0.04675049
1,5952,0.04678862
1,5984,0.046499886
1,6016,0.04657302
1,6048,0.046529774
1,6080,0.046606973
2,0,0.046598334
2,32,0.046594925
2,64,0.047949877
2,96,0.0480588
2,128,0.04789456
2,160,0.047635693
2,192,0.047578067
2,224,0.047580585
2,256,0.047454156
2,288,0.047277033
2,320,0.04718774
2,352,0.047174223
2,384,0.04732823
2,416,0.046799876
2,448,0.04712853
2,480,0.04708065
2,512,0.046962764
2,544,0.046820957
2,576,0.04681656
2,608,0.04713363
2,640,0.046928465
2,672,0.046576116
2,704,0.046586573
2,736,0.04655259
2,768,0.046636477
2,800,0.046419445
2,832,0.046591844
2,864,0.04659807
2,896,0.04654818
2,928,0.04651648
2,960,0.046548337
2,992,0.04652539
2,1024,0.04643531
2,1056,0.04642258
2,1088,0.04807044
2,1120,0.048049055
2,1152,0.048154574
2,1184,0.047936033
2,1216,0.047794923
2,1248,0.0476223
2,1280,0.047566608
2,1312,0.04751035
2,1344,0.047360763
2,1376,0.047105916
2,1408,0.047307048
2,1440,0.047249317
2,1472,0.047115687
2,1504,0.04703335
2,1536,0.0469678
2,1568,0.04678708
2,1600,0.04690646
2,1632,0.04680355
2,1664,0.04684509
2,1696,0.046786025
2,1728,0.046656042
2,1760,0.046686646
2,1792,0.04666515
2,1824,0.046643104
2,1856,0.0464763
2,1888,0.046421297
2,1920,0.04644129
2,1952,0.04643798
2,1984,0.04655857
2,2016,0.046501018
2,2048,0.046399534
2,2080,0.046532676
2,2112,0.048073422
2,2144,0.04859967
2,2176,0.048068352
2,2208,0.04792314
2,2240,0.04779182
2,2272,0.047641087
2,2304,0.047736693
2,2336,0.04766442
2,2368,0.04757017
2,2400,0.047437005
2,2432,0.047351837
2,2464,0.047255587
2,2496,0.04722812
2,2528,0.04738883
2,2560,0.04721435
2,2592,0.047026947
2,2624,0.0472701
2,2656,0.04726544
2,2688,0.04714169
2,2720,0.047056425
2,2752,0.04714414
2,2784,0.046955395
2,2816,0.047052708
2,2848,0.04675061
2,2880,0.046965882
2,2912,0.046682864
2,2944,0.046772078
2,2976,0.046907835
2,3008,0.04678665
2,3040,0.04665549
2,3072,0.046657532
2,3104,0.04659782
2,3136,0.04792489
2,3168,0.048048742
2,3200,0.047905713
2,3232,0.047659468
2,3264,0.04739868
2,3296,0.04745321
2,3328,0.047427256
2,3360,0.04734921
2,3392,0.04738959
2,3424,0.047223933
2,3456,0.047059834
2,3488,0.046914957
2,3520,0.04702034
2,3552,0.047090724
2,3584,0.04681373
2,3616,0.046691056
2,3648,0.046747983
2,3680,0.046824913
2,3712,0.04656294
2,3744,0.046561126
2,3776,0.046740714
2,3808,0.04675696
2,3840,0.04650817
2,3872,0.046339285
2,3904,0.046564057
2,3936,0.046453673
2,3968,0.046304386
2,4000,0.046368577
2,4032,0.046419848
2,4064,0.046439555
2,4096,0.046281397
2,4128,0.04633914
2,4160,0.047678947
2,4192,0.04799081
2,4224,0.047486912
2,4256,0.04754005
2,4288,0.04731872
2,4320,0.047486342
2,4352,0.047353167
2,4384,0.047185257
2,4416,0.046768967
2,4448,0.046968415
2,4480,0.04691822
2,4512,0.04699844
2,4544,0.04685967
2,4576,0.04681767
2,4608,0.04671052
2,4640,0.04687976
2,4672,0.04643843
2,4704,0.046482928
2,4736,0.046533704
2,4768,0.046856888
2,4800,0.0465327
2,4832,0.04658995
2,4864,0.046310302
2,4896,0.04636138
2,4928,0.046346933
2,4960,0.046293635
2,4992,0.0464904
2,5024,0.04621604
2,5056,0.04629111
2,5088,0.04615067
2,5120,0.046145853
2,5152,0.045802336
2,5184,0.04741607
2,5216,0.047750372
2,5248,0.047637284
2,5280,0.047506623
2,5312,0.047318913
2,5344,0.047235433
2,5376,0.04709476
2,5408,0.04697056
2,5440,0.04695635
2,5472,0.046951834
2,5504,0.04687289
2,5536,0.046846908
2,5568,0.04673387
2,5600,0.04675713
2,5632,0.04653965
2,5664,0.046544842
2,5696,0.04628387
2,5728,0.04645815
2,5760,0.046496943
2,5792,0.046477426
2,5824,0.046375964
2,5856,0.04623668
2,5888,0.046334434
2,5920,0.046219684
2,5952,0.046303112
2,5984,0.046228267
2,6016,0.046092488
2,6048,0.046031624
2,6080,0.04621065
3,0,0.046133425
3,32,0.04610371
3,64,0.046066158
3,96,0.047303297
3,128,0.04806381
3,160,0.047618926
3,192,0.04771539
3,224,0.04743202
3,256,0.04757576
3,288,0.04727994
3,320,0.04713059
3,352,0.04714956
3,384,0.046988618
3,416,0.046924926
3,448,0.046748973
3,480,0.04708598
3,512,0.046812978
3,544,0.04673396
3,576,0.046679966
3,608,0.046773333
3,640,0.046687845
3,672,0.046643335
3,704,0.046471164
3,736,0.046517976
3,768,0.046579797
3,800,0.04642783
3,832,0.046780325
3,864,0.04631655
3,896,0.046422444
3,928,0.046319842
3,960,0.04620408
3,992,0.04637983
3,1024,0.046364833
3,1056,0.04622164
3,1088,0.046232756
3,1120,0.047201745
3,1152,0.04807324
3,1184,0.047932092
3,1216,0.047693085
3,1248,0.047447607
3,1280,0.047547158
3,1312,0.047380943
3,1344,0.04728001
3,1376,0.047178265
3,1408,0.047077287
3,1440,0.04697587
3,1472,0.047050867
3,1504,0.04700969
3,1536,0.046904854
3,1568,0.046627004
3,1600,0.046561014
3,1632,0.046851028
3,1664,0.04671969
3,1696,0.04665198
3,1728,0.046537463
3,1760,0.046492808
3,1792,0.046608943
3,1824,0.04648281
3,1856,0.04658836
3,1888,0.046421412
3,1920,0.0463245
3,1952,0.046278212
3,1984,0.046280455
3,2016,0.04618059
3,2048,0.046521958
3,2080,0.046297114
3,2112,0.046266355
3,2144,0.047310535
3,2176,0.048065007
3,2208,0.04776343
3,2240,0.04738597
3,2272,0.0475
3,2304,0.047401916
3,2336,0.04736221
3,2368,0.0472099
3,2400,0.047219247
3,2432,0.04702564
3,2464,0.046865594
3,2496,0.04683175
3,2528,0.046958357
3,2560,0.046782535
3,2592,0.04693674
3,2624,0.04693793
3,2656,0.046655986
3,2688,0.046528284
3,2720,0.04654507
3,2752,0.046654377
3,2784,0.046667844
3,2816,0.046416212
3,2848,0.04637594
3,2880,0.046198193
3,2912,0.046361376
3,2944,0.046236824
3,2976,0.0464221
3,3008,0.04621402
3,3040,0.046097897
3,3072,0.04625276
3,3104,0.046039425
3,3136,0.046188064
3,3168,0.047035575
3,3200,0.047516532
3,3232,0.047332972
3,3264,0.047296554
3,3296,0.04731325
3,3328,0.046974633
3,3360,0.047035247
3,3392,0.04682917
3,3424,0.046565484
3,3456,0.046601623
3,3488,0.0465099
3,3520,0.04661877
3,3552,0.04647696
3,3584,0.046450954
3,3616,0.04641918
3,3648,0.046285585
3,3680,0.046359822
3,3712,0.04610286
3,3744,0.04621583
3,3776,0.046247154
3,3808,0.046303358
3,3840,0.04612992
3,3872,0.04595305
3,3904,0.046170942
3,3936,0.046031795
3,3968,0.04594063
3,4000,0.045917947
3,4032,0.046066564
3,4064,0.046179127
3,4096,0.04592339
3,4128,0.04599145
3,4160,0.045859087
3,4192,0.047017004
3,4224,0.04785364
3,4256,0.047539942
3,4288,0.047520768
3,4320,0.047298696
3,4352,0.04720835
3,4384,0.04705481
3,4416,0.047086604
3,4448,0.04693702
3,4480,0.04694082
3,4512,0.046743684
3,4544,0.046754036
3,4576,0.046568394
3,4608,0.046643674
3,4640,0.04657695
3,4672,0.04660504
3,4704,0.046414733
3,4736,0.046505857
3,4768,0.046545275
3,4800,0.046179064
3,4832,0.04641807
3,4864,0.045951918
3,4896,0.04632298
3,4928,0.046346195
3,4960,0.046157297
3,4992,0.046009555
3,5024,0.046199366
3,5056,0.046177067
3,5088,0.046272304
3,5120,0.046201482
3,5152,0.046045907
3,5184,0.045994088
3,5216,0.04704563
3,5248,0.04789992
3,5280,0.04769434
3,5312,0.04740138
3,5344,0.047339622
3,5376,0.04741396
3,5408,0.04717953
3,5440,0.047135353
3,5472,0.046912573
3,5504,0.046989724
3,5536,0.046985462
3,5568,0.046690438
3,5600,0.046698313
3,5632,0.046522364
3,5664,0.04666535
3,5696,0.04649509
3,5728,0.04643263
3,5760,0.04660702
3,5792,0.046518974
3,5824,0.046393935
3,5856,0.046344344
3,5888,0.046422645
3,5920,0.046194557
3,5952,0.046163704
3,5984,0.04615562
3,6016,0.046243113
3,6048,0.04608544
3,6080,0.046147622
4,0,0.04617168
4,32,0.046304423
4,64,0.0460965
4,96,0.04596851
4,128,0.046488866
4,160,0.047947597
4,192,0.047585953
4,224,0.047563124
4,256,0.047126118
4,288,0.04710185
4,320,0.047098204
4,352,0.04699668
4,384,0.04685588
4,416,0.046791352
4,448,0.04697031
4,480,0.046682063
4,512,0.04670278
4,544,0.0466775
4,576,0.04651667
4,608,0.046484403
4,640,0.046407383
4,672,0.046386577
4,704,0.046409234
4,736,0.04625537
4,768,0.046151567
4,800,0.046365634
4,832,0.04612811
4,864,0.046158552
4,896,0.046185765
4,928,0.046222523
4,960,0.04616659
4,992,0.046218194
4,1024,0.04606694
4,1056,0.045995474
4,1088,0.04589443
4,1120,0.04600168
4,1152,0.046616912
4,1184,0.047869455
4,1216,0.04751395
4,1248,0.04758619
4,1280,0.047198415
4,1312,0.046958145
4,1344,0.047096126
4,1376,0.04701656
4,1408,0.046802476
4,1440,0.0469303
4,1472,0.04671334
4,1504,0.046686087
4,1536,0.04652
4,1568,0.046514485
4,1600,0.046334818
4,1632,0.046114787
4,1664,0.046277266
4,1696,0.04641027
4,1728,0.046262003
4,1760,0.046384282
4,1792,0.046271842
4,1824,0.04618423
4,1856,0.046298616
4,1888,0.04629838
4,1920,0.046015106
4,1952,0.045954224
4,1984,0.046217766
4,2016,0.046126164
4,2048,0.04609171
4,2080,0.04594714
4,2112,0.045920745
4,2144,0.045965437
4,2176,0.046286207
4,2208,0.04741822
4,2240,0.047532927
4,2272,0.04732406
4,2304,0.04701024
4,2336,0.046960626
4,2368,0.046913516
4,2400,0.046869416
4,2432,0.046672788
4,2464,0.046690453
4,2496,0.046565156
4,2528,0.04668124
4,2560,0.046502087
4,2592,0.04640276
4,2624,0.04636698
4,2656,0.046311915
4,2688,0.04638958
4,2720,0.04614698
4,2752,0.04618736
4,2784,0.046054885
4,2816,0.04615697
4,2848,0.046127435
4,2880,0.046170067
4,2912,0.045831244
4,2944,0.045914028
4,2976,0.04609284
4,3008,0.045920264
4,3040,0.04583053
4,3072,0.04601223
4,3104,0.04576696
4,3136,0.046127453
4,3168,0.045826633
4,3200,0.046570074
4,3232,0.047786344
4,3264,0.047474638
4,3296,0.047444806
4,3328,0.047153786
4,3360,0.04724901
4,3392,0.046876233
4,3424,0.046950273
4,3456,0.04670186
4,3488,0.046773292
4,3520,0.0464671
4,3552,0.04660722
4,3584,0.04657855
4,3616,0.046654303
4,3648,0.04629101
4,3680,0.046300407
4,3712,0.046374854
4,3744,0.046452954
4,3776,0.046377297
4,3808,0.046191193
4,3840,0.046294454
4,3872,0.04603264
4,3904,0.046231095
4,3936,0.04610804
4,3968,0.04605961
4,4000,0.046005398
4,4032,0.045983735
4,4064,0.046065766
4,4096,0.04592477
4,4128,0.046020027
4,4160,0.046014424
4,4192,0.045906495
4,4224,0.046336956
4,4256,0.048145037
4,4288,0.04790277
4,4320,0.047765583
4,4352,0.047514927
4,4384,0.04719203
4,4416,0.047273207
4,4448,0.046971828
4,4480,0.047109067
4,4512,0.046975743
4,4544,0.046793815
4,4576,0.046783473
4,4608,0.046656687
4,4640,0.04655577
4,4672,0.046739165
4,4704,0.046569087
4,4736,0.046535976
4,4768,0.046507604
4,4800,0.046522327
4,4832,0.046265405
4,4864,0.046449024
4,4896,0.0465219
4,4928,0.04639169
4,4960,0.046307217
4,4992,0.04629762
4,5024,0.04621712
4,5056,0.046321414
4,5088,0.04615445
4,5120,0.04610032
4,5152,0.04623042
4,5184,0.046041626
4,5216,0.046222154
4,5248,0.046731964
4,5280,0.047868606
4,5312,0.047515713
4,5344,0.04730368
4,5376,0.047144122
4,5408,0.047214016
4,5440,0.046955265
4,5472,0.0469885
4,5504,0.046733342
4,5536,0.04666337
4,5568,0.04658265
4,5600,0.046685003
4,5632,0.04657019
4,5664,0.046352167
4,5696,0.04641581
4,5728,0.046458255
4,5760,0.046269555
4,5792,0.046221733
4,5824,0.04612967
4,5856,0.046370365
4,5888,0.046136085
4,5920,0.045988385
4,5952,0.04603259
4,5984,0.046240523
4,6016,0.04588413
4,6048,0.045746055
4,6080,0.046008818
5,0,0.0460304
5,32,0.0458671
5,64,0.04576969
5,96,0.045758072
5,128,0.045772314
5,160,0.04595703
5,192,0.0477549
5,224,0.047556527
5,256,0.047042556
5,288,0.047252763
5,320,0.047007717
5,352,0.046846274
5,384,0.046739895
5,416,0.046789717
5,448,0.0466081
5,480,0.04652023
5,512,0.046529848
5,544,0.046411354
5,576,0.04636403
5,608,0.046288848
5,640,0.04624794
5,672,0.04619019
5,704,0.046189092
5,736,0.046216276
5,768,0.046191216
5,800,0.0460368
5,832,0.04620652
5,864,0.04601397
5,896,0.04567944
5,928,0.04595558
5,960,0.04591042
5,992,0.045886666
5,1024,0.04590769
5,1056,0.046061076
5,1088,0.04586577
5,1120,0.04583163
5,1152,0.04555551
5,1184,0.045983028
5,1216,0.04775734
5,1248,0.04739057
5,1280,0.047261477
5,1312,0.047104347
5,1344,0.047022965
5,1376,0.046924476
5,1408,0.046900824
5,1440,0.046837058
5,1472,0.046502925
5,1504,0.046521354
5,1536,0.046648655
5,1568,0.046314828
5,1600,0.046493527
5,1632,0.04630657
5,1664,0.046303324
5,1696,0.046283357
5,1728,0.046181798
5,1760,0.046144016
5,1792,0.04608826
5,1824,0.046166904
5,1856,0.04618664
5,1888,0.045955546
5,1920,0.045859158
5,1952,0.045685075
5,1984,0.045963924
5,2016,0.04617004
5,2048,0.045855973
5,2080,0.045900244
5,2112,0.045883358
5,2144,0.04568034
5,2176,0.045735337
5,2208,0.045931995
5,2240,0.04795122
5,2272,0.047834314
5,2304,0.047505382
5,2336,0.04733666
5,2368,0.0471969
5,2400,0.04689679
5,2432,0.046939462
5,2464,0.04672178
5,2496,0.046802986
5,2528,0.046711855
5,2560,0.046559453
5,2592,0.046793886
5,2624,0.046449468
5,2656,0.046371512
5,2688,0.04648528
5,2720,0.04640392
5,2752,0.046386518
5,2784,0.046504583
5,2816,0.046057094
5,2848,0.04599885
5,2880,0.04621072
5,2912,0.046090588
5,2944,0.046170115
5,2976,0.046070438
5,3008,0.046162076
5,3040,0.04604884
5,3072,0.045976922
5,3104,0.046168678
5,3136,0.046043728
5,3168,0.046283174
5,3200,0.04604985
5,3232,0.045939047
5,3264,0.047913473
5,3296,0.047612183
5,3328,0.04722085
5,3360,0.04707182
5,3392,0.047088012
5,3424,0.0469816
5,3456,0.046885334
5,3488,0.04662585
5,3520,0.046754878
5,3552,0.046462484
5,3584,0.046572715
5,3616,0.04635524
5,3648,0.04634088
5,3680,0.04646628
5,3712,0.04620136
5,3744,0.046356227
5,3776,0.046272464
5,3808,0.046276495
5,3840,0.046158317
5,3872,0.046163023
5,3904,0.046166018
5,3936,0.04603516
5,3968,0.046216227
5,4000,0.04581878
5,4032,0.04591758
5,4064,0.045594733
5,4096,0.046023436
5,4128,0.045964718
5,4160,0.04584461
5,4192,0.045755338
5,4224,0.04578408
5,4256,0.04582331
5,4288,0.047713954
5,4320,0.047529783
5,4352,0.047470525
5,4384,0.047302887
5,4416,0.047063585
5,4448,0.04724394
5,4480,0.046911966
5,4512,0.04684783
5,4544,0.046781097
5,4576,0.046875063
5,4608,0.046741422
5,4640,0.046439618
5,4672,0.04653777
5,4704,0.04656448
5,4736,0.046314314
5,4768,0.046340764
5,4800,0.046386912
5,4832,0.046301283
5,4864,0.046318486
5,4896,0.046245523
5,4928,0.046294
5,4960,0.045990817
5,4992,0.046287697
5,5024,0.046088435
5,5056,0.04625819
5,5088,0.04599404
5,5120,0.045986522
5,5152,0.04601125
5,5184,0.04574103
5,5216,0.045802645
5,5248,0.04603883
5,5280,0.045987554
5,5312,0.047696915
5,5344,0.047229253
5,5376,0.047055006
5,5408,0.047005277
5,5440,0.046699632
5,5472,0.046691
5,5504,0.046746045
5,5536,0.046591025
5,5568,0.046608757
5,5600,0.046684407
5,5632,0.046407256
5,5664,0.046249583
5,5696,0.046291795
5,5728,0.04614748
5,5760,0.046175383
5,5792,0.045778245
5,5824,0.04603914
5,5856,0.046014212
5,5888,0.045869227
5,5920,0.045980927
5,5952,0.04577377
5,5984,0.045848943
5,6016,0.045762267
5,6048,0.045912936
5,6080,0.045695253
6,0,0.04574142
6,32,0.04573579
6,64,0.045594063
6,96,0.04551892
6,128,0.04560227
6,160,0.04572936
6,192,0.0454625
6,224,0.047296
6,256,0.04758498
6,288,0.047462452
6,320,0.047237877
6,352,0.047108747
6,384,0.046806287
6,416,0.04660535
6,448,0.046731617
6,480,0.04679438
6,512,0.046715047
6,544,0.04641706
6,576,0.046603415
6,608,0.046543654
6,640,0.04624027
6,672,0.0464043
6,704,0.04616012
6,736,0.04610617
6,768,0.046092756
6,800,0.046047393
6,832,0.04612868
6,864,0.046036705
6,896,0.046049166
6,928,0.046001792
6,960,0.04605834
6,992,0.04595922
6,1024,0.04590979
6,1056,0.045858726
6,1088,0.04591224
6,1120,0.04592145
6,1152,0.04557295
6,1184,0.045690876
6,1216,0.045884874
6,1248,0.047437016
6,1280,0.047807608
6,1312,0.047696915
6,1344,0.047354236
6,1376,0.047171164
6,1408,0.046948154
6,1440,0.047031168
6,1472,0.04690908
6,1504,0.04675723
6,1536,0.04672851
6,1568,0.04682993
6,1600,0.0466317
6,1632,0.04676148
6,1664,0.046475094
6,1696,0.04615566
6,1728,0.046470907
6,1760,0.04650099
6,1792,0.04631592
6,1824,0.04627581
6,1856,0.04628281
6,1888,0.046274632
6,1920,0.046403218
6,1952,0.04618266
6,1984,0.04613448
6,2016,0.04606467
6,2048,0.046100497
6,2080,0.045929305
6,2112,0.04595471
6,2144,0.045766875
6,2176,0.046009015
6,2208,0.045931876
6,2240,0.046073418
6,2272,0.047354706
6,2304,0.047691476
6,2336,0.0473689
6,2368,0.047135573
6,2400,0.047027722
6,2432,0.046680633
6,2464,0.046842895
6,2496,0.04676585
6,2528,0.04664906
6,2560,0.046683256
6,2592,0.046695776
6,2624,0.04643987
6,2656,0.046476405
6,2688,0.0465536
6,2720,0.04642772
6,2752,0.046212006
6,2784,0.046371065
6,2816,0.046123926
6,2848,0.04609127
6,2880,0.046067316
6,2912,0.045874905
6,2944,0.0459805
6,2976,0.045900147
6,3008,0.045868035
6,3040,0.04598854
6,3072,0.04581433
6,3104,0.045854263
6,3136,0.04584864
6,3168,0.04569726
6,3200,0.045713395
6,3232,0.04563131
6,3264,0.045867685
6,3296,0.047529988
6,3328,0.047449272
6,3360,0.04729499
6,3392,0.04698499
6,3424,0.0469513
6,3456,0.046776935
6,3488,0.046788447
6,3520,0.046601128
6,3552,0.046440136
6,3584,0.04645977
6,3616,0.046436004
6,3648,0.04634448
6,3680,0.04636161
6,3712,0.045984987
6,3744,0.046490792
6,3776,0.04603157
6,3808,0.046129324
6,3840,0.046181656
6,3872,0.046128977
6,3904,0.04600302
6,3936,0.045884132
6,3968,0.045925446
6,4000,0.045840926
6,4032,0.04591709
6,4064,0.04608507
6,4096,0.046003517
6,4128,0.04579211
6,4160,0.045780577
6,4192,0.04555264
6,4224,0.045673214
6,4256,0.045796823
6,4288,0.045751702
6,4320,0.047189057
6,4352,0.047445122
6,4384,0.047276683
6,4416,0.04691249
6,4448,0.04693823
6,4480,0.046777256
6,4512,0.046644665
6,4544,0.04665776
6,4576,0.04655633
6,4608,0.046473294
6,4640,0.046352815
6,4672,0.04637071
6,4704,0.04636853
6,4736,0.04604486
6,4768,0.046347648
6,4800,0.045979924
6,4832,0.046078537
6,4864,0.046196442
6,4896,0.04599231
6,4928,0.04595685
6,4960,0.04619981
6,4992,0.045800496
6,5024,0.04589878
6,5056,0.04581913
6,5088,0.045668297
6,5120,0.045925315
6,5152,0.045722403
6,5184,0.045640152
6,5216,0.045593332
6,5248,0.045589186
6,5280,0.045686685
6,5312,0.04556557
6,5344,0.047377914
6,5376,0.047683578
6,5408,0.04730933
6,5440,0.047196474
6,5472,0.04711756
6,5504,0.046966083
6,5536,0.046817288
6,5568,0.046792995
6,5600,0.046931356
6,5632,0.046618488
6,5664,0.046614897
6,5696,0.046521463
6,5728,0.046536572
6,5760,0.04632568
6,5792,0.046269577
6,5824,0.046266537
6,5856,0.046321377
6,5888,0.046205636
6,5920,0.046373185
6,5952,0.0461436
6,5984,0.04618475
6,6016,0.04586272
6,6048,0.04597417
6,6080,0.045909368
7,0,0.045914322
7,32,0.045991514
7,64,0.046015758
7,96,0.046064332
7,128,0.045856014
7,160,0.045924954
7,192,0.045885343
7,224,0.045914285
7,256,0.04690632
7,288,0.0477907
7,320,0.047228027
7,352,0.04730811
7,384,0.04679925
7,416,0.047125544
7,448,0.04681863
7,480,0.046767864
7,512,0.046906043
7,544,0.046596136
7,576,0.046506584
7,608,0.04660966
7,640,0.04655843
7,672,0.046506967
7,704,0.046356183
7,736,0.04631302
7,768,0.046354324
7,800,0.046240218
7,832,0.046291064
7,864,0.046152405
7,896,0.04607403
7,928,0.046260756
7,960,0.046307564
7,992,0.04606883
7,1024,0.045945015
7,1056,0.045977235
7,1088,0.045885492
7,1120,0.045895945
7,1152,0.04581244
7,1184,0.04595451
7,1216,0.04573874
7,1248,0.045868084
7,1280,0.046868987
7,1312,0.047658272
7,1344,0.047402915
7,1376,0.047452904
7,1408,0.0470867
7,1440,0.04676388
7,1472,0.046920903
7,1504,0.04686823
7,1536,0.046571273
7,1568,0.04683292
7,1600,0.04660257
7,1632,0.046341833
7,1664,0.04670254
7,1696,0.046305276
7,1728,0.046368774
7,1760,0.04632035
7,1792,0.04634579
7,1824,0.04611319
7,1856,0.045954812
7,1888,0.045943826
7,1920,0.046024654
7,1952,0.04591979
7,1984,0.04603068
7,2016,0.04599185
7,2048,0.045677297
7,2080,0.046175502
7,2112,0.04600769
7,2144,0.046022724
7,2176,0.04592945
7,2208,0.045854606
7,2240,0.04586164
7,2272,0.045470946
7,2304,0.046694864
7,2336,0.04731323
7,2368,0.04715038
7,2400,0.046897434
7,2432,0.04665348
7,2464,0.046853274
7,2496,0.046741705
7,2528,0.046528082
7,2560,0.046462666
7,2592,0.04644246
7,2624,0.046337686
7,2656,0.04638257
7,2688,0.046101086
7,2720,0.046267003
7,2752,0.046037614
7,2784,0.046133507
7,2816,0.0459819
7,2848,0.04601044
7,2880,0.045785345
7,2912,0.04591613
7,2944,0.04606504
7,2976,0.04582456
7,3008,0.045806035
7,3040,0.04578833
7,3072,0.045688238
7,3104,0.04557199
7,3136,0.045573786
7,3168,0.045683365
7,3200,0.04579343
7,3232,0.045460764
7,3264,0.045717794
7,3296,0.04559052
7,3328,0.046771802
7,3360,0.047492087
7,3392,0.04722921
7,3424,0.04709957
7,3456,0.047011845
7,3488,0.046966784
7,3520,0.046844684
7,3552,0.046827313
7,3584,0.046738174
7,3616,0.046566907
7,3648,0.046774954
7,3680,0.046273474
7,3712,0.04618592
7,3744,0.046426177
7,3776,0.046128545
7,3808,0.046155933
7,3840,0.04588089
7,3872,0.046162914
7,3904,0.04620368
7,3936,0.04582407
7,3968,0.046191923
7,4000,0.045894265
7,4032,0.04596926
7,4064,0.046025585
7,4096,0.046104178
7,4128,0.045878794
7,4160,0.04575239
7,4192,0.045892958
7,4224,0.045811065
7,4256,0.045600716
7,4288,0.045740437
7,4320,0.04590049
7,4352,0.046903532
7,4384,0.04755775
7,4416,0.04732302
7,4448,0.047228657
7,4480,0.047056
7,4512,0.046824105
7,4544,0.046619546
7,4576,0.046450518
7,4608,0.046771403
7,4640,0.04652814
7,4672,0.046425156
7,4704,0.046518274
7,4736,0.046371683
7,4768,0.046173893
7,4800,0.0462493
7,4832,0.046173487
7,4864,0.046196293
7,4896,0.04597305
7,4928,0.045935243
7,4960,0.04605195
7,4992,0.0460495
7,5024,0.046286866
7,5056,0.045956668
7,5088,0.04615207
7,5120,0.045781165
7,5152,0.045590997
7,5184,0.045809336
7,5216,0.045797005
7,5248,0.04586316
7,5280,0.04575316
7,5312,0.045562416
7,5344,0.0458406
7,5376,0.04685506
7,5408,0.047540385
7,5440,0.04765343
7,5472,0.047343258
7,5504,0.047076482
7,5536,0.046936028
7,5568,0.046726163
7,5600,0.046814285
7,5632,0.046659015
7,5664,0.04675216
7,5696,0.046419986
7,5728,0.04652164
7,5760,0.046451967
7,5792,0.046080317
7,5824,0.0463404
7,5856,0.04627634
7,5888,0.046335563
7,5920,0.04607435
7,5952,0.04614776
7,5984,0.046079528
7,6016,0.04620517
7,6048,0.046004083
7,6080,0.045999315
8,0,0.045942888
8,32,0.046067216
8,64,0.046016265
8,96,0.046106357
8,128,0.04581923
8,160,0.04587597
8,192,0.045884345
8,224,0.04578979
8,256,0.045814056
8,288,0.04631889
8,320,0.047739446
8,352,0.047219887
8,384,0.047278646
8,416,0.047134653
8,448,0.047004305
8,480,0.046952255
8,512,0.046708684
8,544,0.046762407
8,576,0.046513095
8,608,0.04644318
8,640,0.0463447
8,672,0.046268202
8,704,0.04625911
8,736,0.04624974
8,768,0.046259556
8,800,0.046342153
8,832,0.04599803
8,864,0.04623607
8,896,0.046093747
8,928,0.04607962
8,960,0.046061616
8,992,0.04611744
8,1024,0.04597204
8,1056,0.045883097
8,1088,0.04607736
8,1120,0.045919877
8,1152,0.04566827
8,1184,0.045820322
8,1216,0.045729745
8,1248,0.04577212
8,1280,0.04557294
8,1312,0.046166223
8,1344,0.047463246
8,1376,0.04703174
8,1408,0.046993133
8,1440,0.046966445
8,1472,0.046869177
8,1504,0.046737716
8,1536,0.04673014
8,1568,0.04634148
8,1600,0.046448685
8,1632,0.04625742
8,1664,0.046331085
8,1696,0.046354055
8,1728,0.046316806
8,1760,0.046113744
8,1792,0.046049982
8,1824,0.046038274
8,1856,0.046001848
8,1888,0.046049036
8,1920,0.045791183
8,1952,0.045761906
8,1984,0.04579995
8,2016,0.04560507
8,2048,0.045701686
8,2080,0.045825735
8,2112,0.045813527
8,2144,0.04582964
8,2176,0.04579061
8,2208,0.045736633
8,2240,0.045787442
8,2272,0.045516104
8,2304,0.045712613
8,2336,0.046285607
8,2368,0.047520254
8,2400,0.04713378
8,2432,0.046916515
8,2464,0.046926137
8,2496,0.04688492
8,2528,0.046629015
8,2560,0.046634518
8,2592,0.04648093
8,2624,0.04641265
8,2656,0.04624226
8,2688,0.046212565
8,2720,0.046336308
8,2752,0.04610778
8,2784,0.04612375
8,2816,0.04614664
8,2848,0.0461826
8,2880,0.045818713
8,2912,0.04603942
8,2944,0.046036355
8,2976,0.04604518
8,3008,0.046098128
8,3040,0.04587499
8,3072,0.04587149
8,3104,0.045947988
8,3136,0.045804054
8,3168,0.045609746
8,3200,0.045627464
8,3232,0.04547838
8,3264,0.04553572
8,3296,0.04565371
8,3328,0.045601994
8,3360,0.046313964
8,3392,0.047684733
8,3424,0.047444634
8,3456,0.047356457
8,3488,0.047188416
8,3520,0.0469955
8,3552,0.046930637
8,3584,0.046887398
8,3616,0.046760503
8,3648,0.046675514
8,3680,0.046689622
8,3712,0.04645749
8,3744,0.046559706
8,3776,0.046493366
8,3808,0.04644755
8,3840,0.04635208
8,3872,0.046442047
8,3904,0.046388414
8,3936,0.04642797
8,3968,0.046263456
8,4000,0.046164945
8,4032,0.046237927
8,4064,0.046189763
8,4096,0.046016265
8,4128,0.046096124
8,4160,0.0459957
8,4192,0.046101112
8,4224,0.045957502
8,4256,0.045781728
8,4288,0.04612895
8,4320,0.0455849
8,4352,0.045734253
8,4384,0.04627784
8,4416,0.047708895
8,4448,0.04727974
8,4480,0.047211997
8,4512,0.047235597
8,4544,0.046855308
8,4576,0.046806987
8,4608,0.046904635
8,4640,0.046659146
8,4672,0.046513755
8,4704,0.04640477
8,4736,0.04641865
8,4768,0.04634475
8,4800,0.046361245
8,4832,0.046113472
8,4864,0.046250213
8,4896,0.04615681
8,4928,0.046151694
8,4960,0.04606565
8,4992,0.046128914
8,5024,0.04603681
8,5056,0.045881048
8,5088,0.045941837
8,5120,0.045952298
8,5152,0.04586683
8,5184,0.045610335
8,5216,0.045900017
8,5248,0.045762744
8,5280,0.045940813
8,5312,0.045904517
8,5344,0.045694135
8,5376,0.045668725
8,5408,0.04639848
8,5440,0.04739082
8,5472,0.047386445
8,5504,0.047048256
8,5536,0.046867006
8,5568,0.04668189
8,5600,0.046772186
8,5632,0.04663864
8,5664,0.046484295
8,5696,0.046525083
8,5728,0.046182062
8,5760,0.046438027
8,5792,0.04632952
8,5824,0.046227552
8,5856,0.04622998
8,5888,0.046248686
8,5920,0.046303663
8,5952,0.04605012
8,5984,0.045910977
8,6016,0.0458182
8,6048,0.04599518
8,6080,0.045940265
9,0,0.04605113
9,32,0.045753706
9,64,0.045924824
9,96,0.04595138
9,128,0.045735203
9,160,0.045756895
9,192,0.045761134
9,224,0.04567698
9,256,0.04554755
9,288,0.04565827
9,320,0.04561185
9,352,0.047368903
9,384,0.047403827
9,416,0.047054023
9,448,0.046739217
9,480,0.046790212
9,512,0.046553344
9,544,0.04639544
9,576,0.046635233
9,608,0.04634805
9,640,0.046336446
9,672,0.046067707
9,704,0.046238694
9,736,0.04630158
9,768,0.04595563
9,800,0.045903098
9,832,0.045976732
9,864,0.045997214
9,896,0.04589525
9,928,0.045854762
9,960,0.04587381
9,992,0.04578906
9,1024,0.045721777
9,1056,0.045668386
9,1088,0.04570667
9,1120,0.04558928
9,1152,0.045608666
9,1184,0.045501668
9,1216,0.045452867
9,1248,0.045364257
9,1280,0.045463253
9,1312,0.045447838
9,1344,0.045796126
9,1376,0.04754083
9,1408,0.047224283
9,1440,0.047244083
9,1472,0.046851926
9,1504,0.04687725
9,1536,0.046772297
9,1568,0.046462003
9,1600,0.046690326
9,1632,0.0463414
9,1664,0.04640746
9,1696,0.04650021
9,1728,0.046266295
9,1760,0.046268903
9,1792,0.046215378
9,1824,0.046175633
9,1856,0.046121147
9,1888,0.04626104
9,1920,0.046186738
9,1952,0.0460893
9,1984,0.04601063
9,2016,0.04591114
9,2048,0.045985114
9,2080,0.045914084
9,2112,0.04594368
9,2144,0.045937724
9,2176,0.045838356
9,2208,0.045771148
9,2240,0.045836903
9,2272,0.045868788
9,2304,0.045715388
9,2336,0.045690387
9,2368,0.045731407
9,2400,0.047696363
9,2432,0.04770314
9,2464,0.04738503
9,2496,0.04711219
9,2528,0.047098275
9,2560,0.046814308
9,2592,0.04689026
9,2624,0.046710093
9,2656,0.046925277
9,2688,0.046731275
9,2720,0.04643614
9,2752,0.04633319
9,2784,0.046515897
9,2816,0.046387214
9,2848,0.046352457
9,2880,0.04649361
9,2912,0.04620887
9,2944,0.046093807
9,2976,0.046181314
9,3008,0.04603235
9,3040,0.046001595
9,3072,0.046054915
9,3104,0.04623917
9,3136,0.046115436
9,3168,0.045748625
9,3200,0.045809563
9,3232,0.04592929
9,3264,0.04579629
9,3296,0.045922063
9,3328,0.04584979
9,3360,0.045834903
9,3392,0.04584497
9,3424,0.047624703
9,3456,0.04755858
9,3488,0.04723843
9,3520,0.047003243
9,3552,0.046842612
9,3584,0.046768483
9,3616,0.0467151
9,3648,0.046579845
9,3680,0.04644417
9,3712,0.046462514
9,3744,0.046593986
9,3776,0.046343185
9,3808,0.046283044
9,3840,0.046273258
9,3872,0.04622689
9,3904,0.04592486
9,3936,0.04615216
9,3968,0.04629811
9,4000,0.046233397
9,4032,0.045735404
9,4064,0.04604531
9,4096,0.045928594
9,4128,0.04609639
9,4160,0.045878664
9,4192,0.045767386
9,4224,0.04590908
9,4256,0.045906395
9,4288,0.04589483
9,4320,0.04574126
9,4352,0.04576811
9,4384,0.045679204
9,4416,0.04575337
9,4448,0.047303203
9,4480,0.047085162
9,4512,0.04697685
9,4544,0.04686235
9,4576,0.04661804
9,4608,0.046581388
9,4640,0.046301465
9,4672,0.046390355
9,4704,0.046648387
9,4736,0.046270255
9,4768,0.046130158
9,4800,0.046213597
9,4832,0.046173807
9,4864,0.046031654
9,4896,0.046011593
9,4928,0.046082288
9,4960,0.04590593
9,4992,0.045807652
9,5024,0.045707066
9,5056,0.045767378
9,5088,0.04560203
9,5120,0.04590964
9,5152,0.045711976
9,5184,0.0456424
9,5216,0.04562918
9,5248,0.045422733
9,5280,0.04571067
9,5312,0.045667514
9,5344,0.04549123
9,5376,0.04561629
9,5408,0.04544977
9,5440,0.04536032
9,5472,0.04758613
9,5504,0.047268845
9,5536,0.04704965
9,5568,0.0471255
9,5600,0.04671915
9,5632,0.04682108
9,5664,0.04641662
9,5696,0.046438903
9,5728,0.046534956
9,5760,0.046328604
9,5792,0.046211477
9,5824,0.04636328
9,5856,0.046349257
9,5888,0.04592135
9,5920,0.046220694
9,5952,0.04623982
9,5984,0.045989223
9,6016,0.046122827
9,6048,0.046062775
9,6080,0.046011627
10,0,0.0464612
10,32,0.045895696
10,64,0.045965955
10,96,0.04587041
10,128,0.045752794
10,160,0.045774
10,192,0.045948483
10,224,0.04561254
10,256,0.045863494
10,288,0.045685653
10,320,0.045572795
10,352,0.04566305
10,384,0.047139652
10,416,0.047356762
10,448,0.047316827
10,480,0.047171324
10,512,0.04692656
10,544,0.04676678
10,576,0.046709016
10,608,0.046689484
10,640,0.046517115
10,672,0.046468053
10,704,0.046420652
10,736,0.046325453
10,768,0.046336155
10,800,0.04622286
10,832,0.046247907
10,864,0.046000812
10,896,0.046050772
10,928,0.046077512
10,960,0.046249673
10,992,0.0459408
10,1024,0.045917477
10,1056,0.045954194
10,1088,0.04605146
10,1120,0.04586512
10,1152,0.045731552
10,1184,0.046003673
10,1216,0.045746766
10,1248,0.045799203
10,1280,0.045726966
10,1312,0.045777075
10,1344,0.045527335
10,1376,0.04564936
10,1408,0.0470172
10,1440,0.047289606
10,1472,0.047406934
10,1504,0.04723869
10,1536,0.046994075
10,1568,0.046806898
10,1600,0.046575047
10,1632,0.04660515
10,1664,0.046636444
10,1696,0.046640214
10,1728,0.046544977
10,1760,0.046296865
10,1792,0.04614616
10,1824,0.046269674
10,1856,0.046007264
10,1888,0.046153232
10,1920,0.04622162
10,1952,0.046130527
10,1984,0.046220094
10,2016,0.046118293
10,2048,0.04584836
10,2080,0.045788575
10,2112,0.04592178
10,2144,0.04577413
10,2176,0.04579954
10,2208,0.04575594
10,2240,0.045934252
10,2272,0.04587316
10,2304,0.045853492
10,2336,0.045708865
10,2368,0.045730177
10,2400,0.045601647
10,2432,0.04704549
10,2464,0.047246523
10,2496,0.04712007
10,2528,0.04694325
10,2560,0.04690795
10,2592,0.04683701
10,2624,0.04654913
10,2656,0.046500806
10,2688,0.04625088
10,2720,0.04634763
10,2752,0.046404764
10,2784,0.04625691
10,2816,0.04615428
10,2848,0.04625407
10,2880,0.046125367
10,2912,0.045967866
10,2944,0.04617447
10,2976,0.04609757
10,3008,0.046129107
10,3040,0.04579536
10,3072,0.04589117
10,3104,0.04576222
10,3136,0.045897853
10,3168,0.04586534
10,3200,0.045844562
10,3232,0.04596796
10,3264,0.045672297
10,3296,0.045697346
10,3328,0.045544334
10,3360,0.045668315
10,3392,0.045514483
10,3424,0.045468096
10,3456,0.04705106
10,3488,0.047396433
10,3520,0.046850715
10,3552,0.047059152
10,3584,0.046737917
10,3616,0.04645745
10,3648,0.046489388
10,3680,0.046385277
10,3712,0.046397563
10,3744,0.04631947
10,3776,0.046167344
10,3808,0.045920797
10,3840,0.046231467
10,3872,0.046034474
10,3904,0.045940734
10,3936,0.04603438
10,3968,0.04623405
10,4000,0.045887697
10,4032,0.046032213
10,4064,0.045714784
10,4096,0.04570903
10,4128,0.045772217
10,4160,0.04558915
10,4192,0.045695398
10,4224,0.045704916
10,4256,0.045495175
10,4288,0.04565524
10,4320,0.04573701
10,4352,0.045501042
10,4384,0.04563302
10,4416,0.045657136
10,4448,0.045644216
10,4480,0.04707911
10,4512,0.04731466
10,4544,0.047146674
10,4576,0.04708296
10,4608,0.046698652
10,4640,0.046689786
10,4672,0.04644143
10,4704,0.046737697
10,4736,0.046381198
10,4768,0.046524215
10,4800,0.046298508
10,4832,0.046297334
10,4864,0.046040967
10,4896,0.04620201
10,4928,0.0461639
10,4960,0.04591858
10,4992,0.046096686
10,5024,0.04608281
10,5056,0.046044618
10,5088,0.045855843
10,5120,0.045858935
10,5152,0.046045598
10,5184,0.045855585
10,5216,0.04568977
10,5248,0.04585195
10,5280,0.0459015
10,5312,0.0457481
10,5344,0.04578051
10,5376,0.045367375
10,5408,0.045675434
10,5440,0.045640048
10,5472,0.045584936
10,5504,0.04721141
10,5536,0.04749778
10,5568,0.04718237
10,5600,0.0472409
10,5632,0.04691019
10,5664,0.047124147
10,5696,0.047025476
10,5728,0.046773817
10,5760,0.046818703
10,5792,0.046561543
10,5824,0.046406757
10,5856,0.04649235
10,5888,0.04648849
10,5920,0.046431623
10,5952,0.04637815
10,5984,0.046255704
10,6016,0.046118166
10,6048,0.046321698
10,6080,0.04615591
11,0,0.046248894
11,32,0.046135526
11,64,0.04608257
11,96,0.046206947
11,128,0.04596099
11,160,0.046021752
11,192,0.045965318
11,224,0.04581917
11,256,0.04576717
11,288,0.045933474
11,320,0.04596203
11,352,0.045810197
11,384,0.04598787
11,416,0.04652308
11,448,0.047243133
11,480,0.047156353
11,512,0.047131944
11,544,0.047083322
11,576,0.046700444
11,608,0.046819117
11,640,0.046531644
11,672,0.0464169
11,704,0.04647858
11,736,0.046543233
11,768,0.046318028
11,800,0.0462345
11,832,0.046186175
11,864,0.04624797
11,896,0.04608369
11,928,0.045775756
11,960,0.046042297
11,992,0.045911822
11,1024,0.045848865
11,1056,0.045853507
11,1088,0.0458034
11,1120,0.04583632
11,1152,0.045769054
11,1184,0.045833882
11,1216,0.045815594
11,1248,0.04568601
11,1280,0.04559539
11,1312,0.045584336
11,1344,0.045563884
11,1376,0.045780588
11,1408,0.045797486
11,1440,0.046600625
11,1472,0.047334686
11,1504,0.04699702
11,1536,0.046916887
11,1568,0.046871193
11,1600,0.046607453
11,1632,0.04670135
11,1664,0.04643764
11,1696,0.046560578
11,1728,0.046404
11,1760,0.046226222
11,1792,0.046175558
11,1824,0.04616393
11,1856,0.046098474
11,1888,0.046058144
11,1920,0.04603875
11,1952,0.045792557
11,1984,0.04582139
11,2016,0.04599266
11,2048,0.045879006
11,2080,0.045849714
11,2112,0.0457655
11,2144,0.04563725
11,2176,0.045738667
11,2208,0.045576423
11,2240,0.04557431
11,2272,0.045633037
11,2304,0.045563877
11,2336,0.045527205
11,2368,0.045527514
11,2400,0.045607053
11,2432,0.04540438
11,2464,0.046697665
11,2496,0.047128536
11,2528,0.04701584
11,2560,0.04702368
11,2592,0.04658311
11,2624,0.04676813
11,2656,0.046454374
11,2688,0.046319656
11,2720,0.046254333
11,2752,0.04617194
11,2784,0.046379473
11,2816,0.046126064
11,2848,0.04608746
11,2880,0.046140257
11,2912,0.04592817
11,2944,0.04596337
11,2976,0.04577737
11,3008,0.046083603
11,3040,0.045813277
11,3072,0.045798223
11,3104,0.045722634
11,3136,0.04593438
11,3168,0.045697592
11,3200,0.045671303
11,3232,0.045575753
11,3264,0.04580281
11,3296,0.045700245
11,3328,0.045508042
11,3360,0.0456277
11,3392,0.045371294
11,3424,0.04568255
11,3456,0.045463637
11,3488,0.046696216
11,3520,0.047398787
11,3552,0.0473901
11,3584,0.04722591
11,3616,0.047055807
11,3648,0.04696129
11,3680,0.046614163
11,3712,0.0466161
11,3744,0.046540312
11,3776,0.04661477
11,3808,0.046380468
11,3840,0.046348702
11,3872,0.04632204
11,3904,0.046132218
11,3936,0.04633074
11,3968,0.046331584
11,4000,0.046121445
11,4032,0.04596504
11,4064,0.046091456
11,4096,0.04620847
11,4128,0.04579296
11,4160,0.045725018
11,4192,0.045845162
11,4224,0.045808908
11,4256,0.045928456
11,4288,0.045871153
11,4320,0.045917768
11,4352,0.045629025
11,4384,0.04576077
11,4416,0.045775026
11,4448,0.045659572
11,4480,0.045576513
11,4512,0.046803527
11,4544,0.047654804
11,4576,0.0471382
11,4608,0.047190264
11,4640,0.046954032
11,4672,0.046798266
11,4704,0.04656968
11,4736,0.046668805
11,4768,0.046395455
11,4800,0.046455365
11,4832,0.04643344
11,4864,0.04647989
11,4896,0.04634397
11,4928,0.04610248
11,4960,0.046091646
11,4992,0.0460188
11,5024,0.046277624
11,5056,0.04615572
11,5088,0.045995228
11,5120,0.046115853
11,5152,0.04602908
11,5184,0.04584335
11,5216,0.04598923
11,5248,0.04598944
11,5280,0.045908026
11,5312,0.045820307
11,5344,0.045658525
11,5376,0.045991294
11,5408,0.0457484
11,5440,0.045815993
11,5472,0.045910373
11,5504,0.045831528
11,5536,0.046832997
11,5568,0.047364745
11,5600,0.047187846
11,5632,0.04705373
11,5664,0.04699531
11,5696,0.046731006
11,5728,0.046760753
11,5760,0.046597153
11,5792,0.04659608
11,5824,0.046396643
11,5856,0.04646759
11,5888,0.046371955
11,5920,0.046314698
11,5952,0.046186656
11,5984,0.04627798
11,6016,0.046160493
11,6048,0.046203062
11,6080,0.04585915
12,0,0.045985106
12,32,0.045906633
12,64,0.04598784
12,96,0.04606431
12,128,0.045874253
12,160,0.045583572
12,192,0.04569928
12,224,0.04578057
12,256,0.045759626
12,288,0.045807783
12,320,0.045542136
12,352,0.045670886
12,384,0.04563357
12,416,0.045664463
12,448,0.04604961
12,480,0.04714176
12,512,0.04716449
12,544,0.046948932
12,576,0.046629507
12,608,0.046650942
12,640,0.04640319
12,672,0.04623417
12,704,0.046403747
12,736,0.046233617
12,768,0.045926068
12,800,0.04620257
12,832,0.04596196
12,864,0.046035927
12,896,0.045981918
12,928,0.045874707
12,960,0.045902852
12,992,0.045849826
12,1024,0.04592294
12,1056,0.045749664
12,1088,0.04559705
12,1120,0.045718193
12,1152,0.04554846
12,1184,0.04559183
12,1216,0.0454863
12,1248,0.045578953
12,1280,0.045581527
12,1312,0.045516755
12,1344,0.045459338
12,1376,0.04539583
12,1408,0.0454784
12,1440,0.045275576
12,1472,0.046342313
12,1504,0.047545973
12,1536,0.047158625
12,1568,0.046969954
12,1600,0.04697634
12,1632,0.046631247
12,1664,0.046701014
12,1696,0.046408243
12,1728,0.046717178
12,1760,0.046494536
12,1792,0.0461091
12,1824,0.04643247
12,1856,0.04613056
12,1888,0.04608679
12,1920,0.04613358
12,1952,0.0461688
12,1984,0.04617213
12,2016,0.04606857
12,2048,0.046047788
12,2080,0.045955498
12,2112,0.045772325
12,2144,0.04608055
12,2176,0.045691
12,2208,0.045808118
12,2240,0.04575375
12,2272,0.04588786
12,2304,0.045855504
12,2336,0.04547797
12,2368,0.04565839
12,2400,0.045606606
12,2432,0.045477662
12,2464,0.04570025
12,2496,0.046210628
12,2528,0.047562413
12,2560,0.04716387
12,2592,0.047190722
12,2624,0.047030866
12,2656,0.04682034
12,2688,0.046724662
12,2720,0.046527836
12,2752,0.04650856
12,2784,0.04626397
12,2816,0.046556517
12,2848,0.04640381
12,2880,0.04632446
12,2912,0.04616831
12,2944,0.046252903
12,2976,0.04616616
12,3008,0.04614849
12,3040,0.046017487
12,3072,0.046156533
12,3104,0.04585143
12,3136,0.0460295
12,3168,0.045989286
12,3200,0.04573106
12,3232,0.04585065
12,3264,0.04566764
12,3296,0.04562998
12,3328,0.04589819
12,3360,0.045757517
12,3392,0.045811735
12,3424,0.045716725
12,3456,0.045829415
12,3488,0.045517914
12,3520,0.04601194
12,3552,0.047682196
12,3584,0.047453456
12,3616,0.04714616
12,3648,0.046822928
12,3680,0.046867475
12,3712,0.04676881
12,3744,0.04651115
12,3776,0.046746075
12,3808,0.046270132
12,3840,0.046505384
12,3872,0.04632698
12,3904,0.046280786
12,3936,0.046281155
12,3968,0.046034202
12,4000,0.045983605
12,4032,0.046068456
12,4064,0.045934465
12,4096,0.045862157
12,4128,0.04606114
12,4160,0.046162702
12,4192,0.046029415
12,4224,0.045938686
12,4256,0.045901228
12,4288,0.045708675
12,4320,0.04574623
12,4352,0.04565749
12,4384,0.04570454
12,4416,0.045921452
12,4448,0.04558639
12,4480,0.045825735
12,4512,0.045696262
12,4544,0.046209596
12,4576,0.04710462
12,4608,0.04706846
12,4640,0.047117732
12,4672,0.046704635
12,4704,0.046567004
12,4736,0.046475675
12,4768,0.046508867
12,4800,0.04645543
12,4832,0.046426024
12,4864,0.046210017
12,4896,0.046089694
12,4928,0.046142567
12,4960,0.046202995
12,4992,0.046089374
12,5024,0.04598331
12,5056,0.04590044
12,5088,0.045871835
12,5120,0.045921117
12,5152,0.04592631
12,5184,0.0458168
12,5216,0.046023678
12,5248,0.045704424
12,5280,0.045953404
12,5312,0.04585443
12,5344,0.04571005
12,5376,0.04548678
12,5408,0.045578416
12,5440,0.045473278
12,5472,0.045580495
12,5504,0.045754295
12,5536,0.045568977
12,5568,0.04593181
12,5600,0.0474686
12,5632,0.047137357
12,5664,0.04682133
12,5696,0.04684185
12,5728,0.046766378
12,5760,0.046605658
12,5792,0.046481922
12,5824,0.046456203
12,5856,0.046233997
12,5888,0.046100836
12,5920,0.046003554
12,5952,0.046190612
12,5984,0.046323642
12,6016,0.046002634
12,6048,0.04598733
12,6080,0.046106696
13,0,0.045858394
13,32,0.045862354
13,64,0.04585028
13,96,0.045647763
13,128,0.045643073
13,160,0.04583386
13,192,0.045744214
13,224,0.045577355
13,256,0.045516845
13,288,0.045639466
13,320,0.045643043
13,352,0.045656964
13,384,0.045494344
13,416,0.045477815
13,448,0.045662638
13,480,0.045575008
13,512,0.04737374
13,544,0.04708171
13,576,0.04699195
13,608,0.046995852
13,640,0.0465797
13,672,0.046606876
13,704,0.046620473
13,736,0.046468046
13,768,0.04626177
13,800,0.0461365
13,832,0.046138883
13,864,0.046163876
13,896,0.0461412
13,928,0.046163328
13,960,0.04590581
13,992,0.046096623
13,1024,0.045806665
13,1056,0.045930333
13,1088,0.045863986
13,1120,0.0458032
13,1152,0.04596605
13,1184,0.045870125
13,1216,0.045888446
13,1248,0.045668703
13,1280,0.045681477
13,1312,0.04583998
13,1344,0.045472775
13,1376,0.04560702
13,1408,0.04567881
13,1440,0.04541646
13,1472,0.045582853
13,1504,0.045611653
13,1536,0.047488466
13,1568,0.04744769
13,1600,0.04729771
13,1632,0.047167465
13,1664,0.046983637
13,1696,0.04685692
13,1728,0.046733234
13,1760,0.04661734
13,1792,0.046684753
13,1824,0.046597708
13,1856,0.04648697
13,1888,0.04646618
13,1920,0.04627797
13,1952,0.04631361
13,1984,0.046220373
13,2016,0.04607461
13,2048,0.046097696
13,2080,0.046205834
13,2112,0.046287652
13,2144,0.04605046
13,2176,0.04579926
13,2208,0.045980982
13,2240,0.045930356
13,2272,0.046077378
13,2304,0.04582255
13,2336,0.045869026
13,2368,0.045693822
13,2400,0.045857508
13,2432,0.04585131
13,2464,0.04587808
13,2496,0.045949455
13,2528,0.045848336
13,2560,0.04751119
13,2592,0.047357567
13,2624,0.046976678
13,2656,0.046917308
13,2688,0.046768527
13,2720,0.046506777
13,2752,0.046677705
13,2784,0.04644344
13,2816,0.046054017
13,2848,0.046325333
13,2880,0.046375506
13,2912,0.046175316
13,2944,0.04616167
13,2976,0.046154354
13,3008,0.04603002
13,3040,0.045999117
13,3072,0.045946836
13,3104,0.046016518
13,3136,0.045877255
13,3168,0.045834675
13,3200,0.045817852
13,3232,0.045864556
13,3264,0.045672037
13,3296,0.045936704
13,3328,0.04581853
13,3360,0.04577498
13,3392,0.045798194
13,3424,0.045791592
13,3456,0.045581758
13,3488,0.045382548
13,3520,0.045538712
13,3552,0.045718573
13,3584,0.04722318
13,3616,0.047052175
13,3648,0.04707388
13,3680,0.046796944
13,3712,0.046651073
13,3744,0.046493977
13,3776,0.04658085
13,3808,0.046382044
13,3840,0.04626112
13,3872,0.046260722
13,3904,0.04604526
13,3936,0.04595496
13,3968,0.046015732
13,4000,0.046146438
13,4032,0.046002097
13,4064,0.04594694
13,4096,0.04589995
13,4128,0.04568872
13,4160,0.045921057
13,4192,0.04571357
13,4224,0.045554005
13,4256,0.045699053
13,4288,0.045840137
13,4320,0.045661148
13,4352,0.04567283
13,4384,0.04559047
13,4416,0.045626305
13,4448,0.0453066
13,4480,0.045638826
13,4512,0.045273636
13,4544,0.045399766
13,4576,0.04566422
13,4608,0.047447108
13,4640,0.047060825
13,4672,0.047130283
13,4704,0.046835132
13,4736,0.046620235
13,4768,0.04671547
13,4800,0.046541717
13,4832,0.046426777
13,4864,0.046555527
13,4896,0.04630476
13,4928,0.046310138
13,4960,0.04604363
13,4992,0.046094663
13,5024,0.046082634
13,5056,0.04616109
13,5088,0.04610499
13,5120,0.045899644
13,5152,0.04591687
13,5184,0.045858823
13,5216,0.045838654
13,5248,0.045867816
13,5280,0.045776635
13,5312,0.045693304
13,5344,0.045726933
13,5376,0.045725454
13,5408,0.045731697
13,5440,0.045606874
13,5472,0.045669533
13,5504,0.045700498
13,5536,0.045361888
13,5568,0.04549157
13,5600,0.045666005
13,5632,0.04778
13,5664,0.047430176
13,5696,0.046979297
13,5728,0.047063727
13,5760,0.046890374
13,5792,0.046688754
13,5824,0.046585124
13,5856,0.04656089
13,5888,0.046435922
13,5920,0.04637378
13,5952,0.046214838
13,5984,0.04609193
13,6016,0.04629165
13,6048,0.04610698
13,6080,0.046093915
14,0,0.046012912
14,32,0.045944627
14,64,0.046016272
14,96,0.045709398
14,128,0.04598531
14,160,0.046071704
14,192,0.045923598
14,224,0.045934916
14,256,0.04575281
14,288,0.04589898
14,320,0.04564005
14,352,0.045558315
14,384,0.045718722
14,416,0.04568366
14,448,0.04571101
14,480,0.04547326
14,512,0.04551242
14,544,0.047132574
14,576,0.04718847
14,608,0.047015145
14,640,0.04692376
14,672,0.046982158
14,704,0.04670681
14,736,0.046573848
14,768,0.046597216
14,800,0.046459083
14,832,0.046518028
14,864,0.046283316
14,896,0.046420146
14,928,0.046147276
14,960,0.046206705
14,992,0.046228047
14,1024,0.04613638
14,1056,0.045985714
14,1088,0.045939844
14,1120,0.04609677
14,1152,0.046147227
14,1184,0.045952126
14,1216,0.045777287
14,1248,0.045968946
14,1280,0.04567721
14,1312,0.045863274
14,1344,0.045554187
14,1376,0.04587726
14,1408,0.045850925
14,1440,0.04578544
14,1472,0.04573952
14,1504,0.045751743
14,1536,0.045458507
14,1568,0.046986464
14,1600,0.04711196
14,1632,0.047161408
14,1664,0.04707001
14,1696,0.04694002
14,1728,0.046791118
14,1760,0.046656676
14,1792,0.046492334
14,1824,0.046504404
14,1856,0.04639816
14,1888,0.046258338
14,1920,0.046020027
14,1952,0.046377517
14,1984,0.046078563
14,2016,0.046281077
14,2048,0.046352167
14,2080,0.046093743
14,2112,0.045960844
14,2144,0.04580012
14,2176,0.045808688
14,2208,0.04602163
14,2240,0.04592838
14,2272,0.045669813
14,2304,0.04586042
14,2336,0.045711223
14,2368,0.045801066
14,2400,0.04566989
14,2432,0.045846988
14,2464,0.04549072
14,2496,0.045618877
14,2528,0.04567773
14,2560,0.045633383
14,2592,0.046918686
14,2624,0.046904065
14,2656,0.04680887
14,2688,0.046584457
14,2720,0.04659684
14,2752,0.046430323
14,2784,0.046485793
14,2816,0.046348847
14,2848,0.046132974
14,2880,0.04611203
14,2912,0.046194103
14,2944,0.04580135
14,2976,0.045931164
14,3008,0.045905024
14,3040,0.04580281
14,3072,0.045692455
14,3104,0.045789294
14,3136,0.04572706
14,3168,0.045880202
14,3200,0.04578642
14,3232,0.045693785
14,3264,0.045561515
14,3296,0.045692492
14,3328,0.045508366
14,3360,0.045487795
14,3392,0.045607742
14,3424,0.04550691
14,3456,0.045430414
14,3488,0.045541972
14,3520,0.045536194
14,3552,0.045185726
14,3584,0.045225274
14,3616,0.04674452
14,3648,0.047094498
14,3680,0.04699707
14,3712,0.04690951
14,3744,0.04697439
14,3776,0.04661443
14,3808,0.04670904
14,3840,0.04636353
14,3872,0.046365667
14,3904,0.046452973
14,3936,0.046247095
14,3968,0.04597318
14,4000,0.046080638
14,4032,0.046266172
14,4064,0.04613143
14,4096,0.045976546
14,4128,0.046043217
14,4160,0.0460188
14,4192,0.04578522
14,4224,0.045857906
14,4256,0.045609865
14,4288,0.045879066
14,4320,0.04544973
14,4352,0.04577261
14,4384,0.04553987
14,4416,0.045750484
14,4448,0.045463227
14,4480,0.045683026
14,4512,0.04555322
14,4544,0.045799024
14,4576,0.045624554
14,4608,0.045542523
14,4640,0.047190912
14,4672,0.047306996
14,4704,0.047304187
14,4736,0.04709438
14,4768,0.046931162
14,4800,0.04680288
14,4832,0.04683734
14,4864,0.04675444
14,4896,0.046677463
14,4928,0.046574216
14,4960,0.046541028
14,4992,0.04637673
14,5024,0.04626431
14,5056,0.046526752
14,5088,0.046237454
14,5120,0.04619639
14,5152,0.046249874
14,5184,0.04627459
14,5216,0.04609683
14,5248,0.04607862
14,5280,0.04616313
14,5312,0.045908816
14,5344,0.046044745
14,5376,0.045998815
14,5408,0.045908257
14,5440,0.046003927
14,5472,0.04580354
14,5504,0.045953773
14,5536,0.04566584
14,5568,0.04580351
14,5600,0.045750037
14,5632,0.045667566
14,5664,0.046987444
14,5696,0.047130816
14,5728,0.04703764
14,5760,0.046747595
14,5792,0.04657242
14,5824,0.046889544
14,5856,0.04649828
14,5888,0.046492953
14,5920,0.046405036
14,5952,0.046215627
14,5984,0.046169043
14,6016,0.046063647
14,6048,0.046176873
14,6080,0.04600917
15,0,0.046146106
15,32,0.046169966
15,64,0.04584906
15,96,0.045928083
15,128,0.045994136
15,160,0.04583808
15,192,0.04573052
15,224,0.045809396
15,256,0.045630824
15,288,0.045669135
15,320,0.045761626
15,352,0.045695003
15,384,0.045903675
15,416,0.045601305
15,448,0.045647044
15,480,0.04559205
15,512,0.045522824
15,544,0.04560632
15,576,0.04650521
15,608,0.04707365
15,640,0.046905592
15,672,0.046808835
15,704,0.046659447
15,736,0.046786368
15,768,0.04662042
15,800,0.046591125
15,832,0.04659579
15,864,0.046386052
15,896,0.046327762
15,928,0.046365563
15,960,0.046219796
15,992,0.04606917
15,1024,0.045973256
15,1056,0.04599961
15,1088,0.046024624
15,1120,0.045860857
15,1152,0.04590954
15,1184,0.045816716
15,1216,0.04594543
15,1248,0.045677364
15,1280,0.045756336
15,1312,0.0457614
15,1344,0.04551793
15,1376,0.045640152
15,1408,0.045509636
15,1440,0.045583103
15,1472,0.045620188
15,1504,0.045437682
15,1536,0.04556022
15,1568,0.045335613
15,1600,0.046487533
15,1632,0.047003448
15,1664,0.046943754
15,1696,0.04678316
15,1728,0.04654139
15,1760,0.046538
15,1792,0.04657283
15,1824,0.04626184
15,1856,0.04626578
15,1888,0.046201225
15,1920,0.046203975
15,1952,0.046203855
15,1984,0.04608534
15,2016,0.046009555
15,2048,0.04609592
15,2080,0.04588773
15,2112,0.045830473
15,2144,0.045841977
15,2176,0.04598294
15,2208,0.045916684
15,2240,0.045680046
15,2272,0.045676768
15,2304,0.04591283
15,2336,0.04554409
15,2368,0.04571551
15,2400,0.045660347
15,2432,0.045702714
15,2464,0.045525037
15,2496,0.04553993
15,2528,0.045382228
15,2560,0.045315277
15,2592,0.045227155
15,2624,0.046351943
15,2656,0.0471239
15,2688,0.04702742
15,2720,0.046877615
15,2752,0.046669036
15,2784,0.04681153
15,2816,0.0464536
15,2848,0.04635403
15,2880,0.046452973
15,2912,0.046260387
15,2944,0.046254136
15,2976,0.04626713
15,3008,0.04615766
15,3040,0.046415284
15,3072,0.04616914
15,3104,0.045902252
15,3136,0.045998856
15,3168,0.046038486
15,3200,0.045931768
15,3232,0.045877848
15,3264,0.04594367
15,3296,0.04591462
15,3328,0.045786124
15,3360,0.04583635
15,3392,0.045688555
15,3424,0.04556003
15,3456,0.04570198
15,3488,0.04580952
15,3520,0.045516204
15,3552,0.045462143
15,3584,0.045430582
15,3616,0.045666065
15,3648,0.046796076
15,3680,0.047383003
15,3712,0.046994828
15,3744,0.047044057
15,3776,0.046887893
15,3808,0.046765666
15,3840,0.046504598
15,3872,0.046463262
15,3904,0.046478648
15,3936,0.046600588
15,3968,0.0464002
15,4000,0.04624665
15,4032,0.046315093
15,4064,0.04610043
15,4096,0.04631809
15,4128,0.04621667
15,4160,0.046110027
15,4192,0.046096545
15,4224,0.04603227
15,4256,0.045859203
15,4288,0.045922995
15,4320,0.045865674
15,4352,0.045895036
15,4384,0.045858007
15,4416,0.04591369
15,4448,0.045695227
15,4480,0.045813955
15,4512,0.04588643
15,4544,0.04556066
15,4576,0.045830972
15,4608,0.045662977
15,4640,0.045667216
15,4672,0.046529748
15,4704,0.04729779
15,4736,0.04713013
15,4768,0.04704117
15,4800,0.046877135
15,4832,0.046723124
15,4864,0.046611473
15,4896,0.04662252
15,4928,0.046566833
15,4960,0.04639248
15,4992,0.046233524
15,5024,0.046208914
15,5056,0.046245918
15,5088,0.046224125
15,5120,0.046161927
15,5152,0.04612113
15,5184,0.046105914
15,5216,0.04622045
15,5248,0.045814317
15,5280,0.045882188
15,5312,0.04606849
15,5344,0.045801237
15,5376,0.04603577
15,5408,0.045713343
15,5440,0.04570729
15,5472,0.045764104
15,5504,0.04594354
15,5536,0.045776997
15,5568,0.045695316
15,5600,0.045816023
15,5632,0.045532513
15,5664,0.045759805
15,5696,0.04627776
15,5728,0.04706257
15,5760,0.04693625
15,5792,0.046791892
15,5824,0.046694968
15,5856,0.046664372
15,5888,0.046352003
15,5920,0.046242982
15,5952,0.0462075
15,5984,0.04604568
15,6016,0.04615947
15,6048,0.046011806
15,6080,0.046017636
16,0,0.046035264
16,32,0.045795493
16,64,0.045944683
16,96,0.0458763
16,128,0.045676604
16,160,0.045527533
16,192,0.04565853
16,224,0.045684796
16,256,0.04584204
16,288,0.045609333
16,320,0.045660496
16,352,0.0454764
16,384,0.04541071
16,416,0.045410972
16,448,0.045593023
16,480,0.0455137
16,512,0.04556838
16,544,0.04543966
16,576,0.045419194
16,608,0.0457432
16,640,0.04704951
16,672,0.04693945
16,704,0.046971954
16,736,0.046797592
16,768,0.046557106
16,800,0.046704337
16,832,0.04629534
16,864,0.04626166
16,896,0.04620761
16,928,0.0461614
16,960,0.04621513
16,992,0.046042595
16,1024,0.046012238
16,1056,0.046264213
16,1088,0.04610012
16,1120,0.046010505
16,1152,0.045679674
16,1184,0.045715824
16,1216,0.045913678
16,1248,0.045808326
16,1280,0.045767915
16,1312,0.04586849
16,1344,0.045895588
16,1376,0.04561313
16,1408,0.04565994
16,1440,0.04551577
16,1472,0.04558097
16,1504,0.045546286
16,1536,0.045574628
16,1568,0.04557736
16,1600,0.045459297
16,1632,0.04634879
16,1664,0.047289692
16,1696,0.046818465
16,1728,0.04713786
16,1760,0.046643987
16,1792,0.046741545
16,1824,0.046603657
16,1856,0.04666353
16,1888,0.0466073
16,1920,0.046405606
16,1952,0.046469275
16,1984,0.04627149
16,2016,0.04622364
16,2048,0.046164997
16,2080,0.046297017
16,2112,0.045982696
16,2144,0.04602657
16,2176,0.0459731
16,2208,0.045913674
16,2240,0.045977533
16,2272,0.04592281
16,2304,0.04575374
16,2336,0.04601225
16,2368,0.04577557
16,2400,0.04584787
16,2432,0.045888275
16,2464,0.045760665
16,2496,0.04569498
16,2528,0.045794353
16,2560,0.045637973
16,2592,0.045584977
16,2624,0.045558654
16,2656,0.04621943
16,2688,0.047268353
16,2720,0.046973165
16,2752,0.04698071
16,2784,0.046825655
16,2816,0.046762694
16,2848,0.046566356
16,2880,0.04673549
16,2912,0.046440687
16,2944,0.046635054
16,2976,0.046535693
16,3008,0.046311848
16,3040,0.046223905
16,3072,0.04625999
16,3104,0.04608355
16,3136,0.045945976
16,3168,0.0462094
16,3200,0.046079
16,3232,0.045903366
16,3264,0.04587528
16,3296,0.045763526
16,3328,0.045776524
16,3360,0.04597837
16,3392,0.045913555
16,3424,0.045882385
16,3456,0.045842543
16,3488,0.045672975
16,3520,0.04566125
16,3552,0.045752227
16,3584,0.0456686
16,3616,0.045768287
16,3648,0.04568364
16,3680,0.046327524
16,3712,0.047136385
16,3744,0.0469272
16,3776,0.046824858
16,3808,0.046861306
16,3840,0.046558693
16,3872,0.0464468
16,3904,0.04649156
16,3936,0.046461724
16,3968,0.046388324
16,4000,0.046241544
16,4032,0.046236206
16,4064,0.046179608
16,4096,0.046279818
16,4128,0.045936387
16,4160,0.045961663
16,4192,0.046018217
16,4224,0.046049517
16,4256,0.045848887
16,4288,0.045870133
16,4320,0.045825236
16,4352,0.045669883
16,4384,0.045710362
16,4416,0.04577155
16,4448,0.04580293
16,4480,0.045786623
16,4512,0.045711815
16,4544,0.045571167
16,4576,0.04551693
16,4608,0.04551906
16,4640,0.045668706
16,4672,0.045587935
16,4704,0.04605929
16,4736,0.046980537
16,4768,0.0468163
16,4800,0.04685801
16,4832,0.04653059
16,4864,0.046628237
16,4896,0.046112522
16,4928,0.04648523
16,4960,0.046203095
16,4992,0.046176244
16,5024,0.046090722
16,5056,0.04599029
16,5088,0.046015684
16,5120,0.045838594
16,5152,0.04601153
16,5184,0.045779575
16,5216,0.0457292
16,5248,0.045792688
16,5280,0.045888256
16,5312,0.045768432
16,5344,0.045519363
16,5376,0.045653783
16,5408,0.04548781
16,5440,0.045489173
16,5472,0.045554124
16,5504,0.04551963
16,5536,0.045697037
16,5568,0.04541887
16,5600,0.045621473
16,5632,0.045565423
16,5664,0.04537554
16,5696,0.04556382
16,5728,0.04595658
16,5760,0.047207344
16,5792,0.047090396
16,5824,0.04698086
16,5856,0.046758305
16,5888,0.046662606
16,5920,0.046506785
16,5952,0.046544503
16,5984,0.046420537
16,6016,0.046211362
16,6048,0.04595471
16,6080,0.046233814
17,0,0.04597211
17,32,0.046106204
17,64,0.046044353
17,96,0.046002753
17,128,0.0459946
17,160,0.045856792
17,192,0.045750767
17,224,0.045961972
17,256,0.045875784
17,288,0.045696832
17,320,0.045760997
17,352,0.04583655
17,384,0.04564019
17,416,0.045569234
17,448,0.045667138
17,480,0.04546578
17,512,0.045542836
17,544,0.045608144
17,576,0.045458894
17,608,0.04556749
17,640,0.04573743
17,672,0.04740089
17,704,0.047251545
17,736,0.047113646
17,768,0.046967253
17,800,0.046990205
17,832,0.046781335
17,864,0.04665942
17,896,0.046531897
17,928,0.046322703
17,960,0.046619635
17,992,0.046527926
17,1024,0.046303164
17,1056,0.046381228
17,1088,0.046433903
17,1120,0.046449736
17,1152,0.046107877
17,1184,0.045997296
17,1216,0.046151422
17,1248,0.045953427
17,1280,0.046095923
17,1312,0.04616043
17,1344,0.046058737
17,1376,0.04602198
17,1408,0.045982014
17,1440,0.0459955
17,1472,0.045738705
17,1504,0.04577028
17,1536,0.0456434
17,1568,0.04582197
17,1600,0.045933124
17,1632,0.045983024
17,1664,0.045848604
17,1696,0.047091503
17,1728,0.046928324
17,1760,0.046990328
17,1792,0.04657696
17,1824,0.04659728
17,1856,0.046409003
17,1888,0.046579666
17,1920,0.046349507
17,1952,0.04642474
17,1984,0.046123385
17,2016,0.046044193
17,2048,0.04619658
17,2080,0.046158593
17,2112,0.046182122
17,2144,0.04584959
17,2176,0.04599862
17,2208,0.04610114
17,2240,0.045976404
17,2272,0.04591525
17,2304,0.045899443
17,2336,0.04566663
17,2368,0.04572062
17,2400,0.04594351
17,2432,0.045629498
17,2464,0.04574998
17,2496,0.04562599
17,2528,0.04551332
17,2560,0.0455953
17,2592,0.04578299
17,2624,0.045541838
17,2656,0.045611378
17,2688,0.045478877
17,2720,0.047356963
17,2752,0.04697379
17,2784,0.046813663
17,2816,0.04669002
17,2848,0.046549402
17,2880,0.04651456
17,2912,0.046598315
17,2944,0.046235256
17,2976,0.046255317
17,3008,0.04602139
17,3040,0.04629644
17,3072,0.04620459
17,3104,0.046074986
17,3136,0.04604593
17,3168,0.045978848
17,3200,0.04579584
17,3232,0.04599972
17,3264,0.045995425
17,3296,0.045759603
17,3328,0.045784507
17,3360,0.045650404
17,3392,0.04597629
17,3424,0.045689836
17,3456,0.04591872
17,3488,0.045772105
17,3520,0.04586053
17,3552,0.045608055
17,3584,0.045572285
17,3616,0.045647375
17,3648,0.04546462
17,3680,0.045548264
17,3712,0.045454204
17,3744,0.046972647
17,3776,0.046769544
17,3808,0.04661503
17,3840,0.046350572
17,3872,0.04643852
17,3904,0.046262152
17,3936,0.04620186
17,3968,0.046379104
17,4000,0.04610086
17,4032,0.04604566
17,4064,0.04598918
17,4096,0.04590045
17,4128,0.045936164
17,4160,0.04559252
17,4192,0.045933828
17,4224,0.04588534
17,4256,0.04583144
17,4288,0.045797978
17,4320,0.045899812
17,4352,0.04569432
17,4384,0.045678787
17,4416,0.045578383
17,4448,0.045673076
17,4480,0.04554569
17,4512,0.045467205
17,4544,0.045634948
17,4576,0.04554501
17,4608,0.04528498
17,4640,0.045247346
17,4672,0.045761924
17,4704,0.045318387
17,4736,0.04560158
17,4768,0.047051772
17,4800,0.047291778
17,4832,0.047036324
17,4864,0.046770714
17,4896,0.04673802
17,4928,0.04682185
17,4960,0.04650221
17,4992,0.046419058
17,5024,0.04649825
17,5056,0.04653849
17,5088,0.04622918
17,5120,0.04634518
17,5152,0.046300605
17,5184,0.046144474
17,5216,0.046045206
17,5248,0.04602305
17,5280,0.045991536
17,5312,0.045879666
17,5344,0.045899536
17,5376,0.045824848
17,5408,0.045833576
17,5440,0.045686465
17,5472,0.045832075
17,5504,0.04575656
17,5536,0.04564969
17,5568,0.04564511
17,5600,0.045687176
17,5632,0.04561839
17,5664,0.045687888
17,5696,0.04563979
17,5728,0.045591634
17,5760,0.045771923
17,5792,0.047445796
17,5824,0.04717239
17,5856,0.047291446
17,5888,0.0467346
17,5920,0.04681877
17,5952,0.04652497
17,5984,0.046676554
17,6016,0.046401665
17,6048,0.046467584
17,6080,0.046405397
18,0,0.04627943
18,32,0.046430774
18,64,0.046064984
18,96,0.046149354
18,128,0.04606961
18,160,0.04620681
18,192,0.04603479
18,224,0.045960475
18,256,0.045968227
18,288,0.04584257
18,320,0.046033133
18,352,0.04603817
18,384,0.04580435
18,416,0.045743275
18,448,0.04579875
18,480,0.045812093
18,512,0.04564509
18,544,0.045644216
18,576,0.04574795
18,608,0.045849368
18,640,0.045848254
18,672,0.04569456
18,704,0.046973504
18,736,0.04722855
18,768,0.047002662
18,800,0.04696364
18,832,0.04662623
18,864,0.046706863
18,896,0.04652476
18,928,0.046436865
18,960,0.046426654
18,992,0.046288803
18,1024,0.046285674
18,1056,0.04614961
18,1088,0.046175327
18,1120,0.045997776
18,1152,0.046134572
18,1184,0.046015438
18,1216,0.045846786
18,1248,0.046193015
18,1280,0.046029374
18,1312,0.04579031
18,1344,0.045877222
18,1376,0.04581662
18,1408,0.04586173
18,1440,0.045763813
18,1472,0.045747634
18,1504,0.045944642
18,1536,0.0457825
18,1568,0.04575938
18,1600,0.045743052
18,1632,0.045844074
18,1664,0.04549014
18,1696,0.045415204
18,1728,0.046845984
18,1760,0.046892196
18,1792,0.04684558
18,1824,0.046672896
18,1856,0.046531804
18,1888,0.04663788
18,1920,0.046217427
18,1952,0.046281252
18,1984,0.046254978
18,2016,0.046053547
18,2048,0.046292774
18,2080,0.045974817
18,2112,0.0459405
18,2144,0.045895007
18,2176,0.045752563
18,2208,0.04586521
18,2240,0.045920823
18,2272,0.045919232
18,2304,0.045704473
18,2336,0.045658916
18,2368,0.04552354
18,2400,0.04574004
18,2432,0.045502894
18,2464,0.045301795
18,2496,0.045610387
18,2528,0.045586865
18,2560,0.045457557
18,2592,0.045450866
18,2624,0.04552565
18,2656,0.04540049
18,2688,0.0453668
18,2720,0.045258462
18,2752,0.04667336
18,2784,0.047105744
18,2816,0.046883203
18,2848,0.04677745
18,2880,0.04680352
18,2912,0.046882465
18,2944,0.046427898
18,2976,0.04645167
18,3008,0.046270117
18,3040,0.046378065
18,3072,0.046059906
18,3104,0.04622384
18,3136,0.046131317
18,3168,0.046062473
18,3200,0.04607639
18,3232,0.04607058
18,3264,0.046021845
18,3296,0.045869272
18,3328,0.045863412
18,3360,0.045859724
18,3392,0.045927472
18,3424,0.045745056
18,3456,0.045725204
18,3488,0.045533888
18,3520,0.045579016
18,3552,0.045619115
18,3584,0.045624122
18,3616,0.045751274
18,3648,0.04564783
18,3680,0.045665935
18,3712,0.045503207
18,3744,0.0453251
18,3776,0.046818286
18,3808,0.047258984
18,3840,0.046785332
18,3872,0.046880808
18,3904,0.04667694
18,3936,0.046613503
18,3968,0.046414245
18,4000,0.046351314
18,4032,0.046229277
18,4064,0.046140924
18,4096,0.0462531
18,4128,0.046346292
18,4160,0.046121713
18,4192,0.046032384
18,4224,0.046083983
18,4256,0.04600119
18,4288,0.045882497
18,4320,0.046000745
18,4352,0.04606173
18,4384,0.04598583
18,4416,0.04571001
18,4448,0.045794833
18,4480,0.045527894
18,4512,0.045754287
18,4544,0.045896184
18,4576,0.045790505
18,4608,0.045604527
18,4640,0.045685787
18,4672,0.045675017
18,4704,0.04547839
18,4736,0.045603834
18,4768,0.04561425
18,4800,0.04679393
18,4832,0.047037352
18,4864,0.046956614
18,4896,0.046874054
18,4928,0.046946082
18,4960,0.046603605
18,4992,0.046578728
18,5024,0.04653559
18,5056,0.046547774
18,5088,0.04607727
18,5120,0.046168488
18,5152,0.04626282
18,5184,0.04617488
18,5216,0.046127632
18,5248,0.046206545
18,5280,0.0460619
18,5312,0.046133798
18,5344,0.04611928
18,5376,0.04588137
18,5408,0.04600532
18,5440,0.045906354
18,5472,0.04562432
18,5504,0.045709267
18,5536,0.04599247
18,5568,0.045898598
18,5600,0.045930475
18,5632,0.04561977
18,5664,0.045720093
18,5696,0.045794956
18,5728,0.045615833
18,5760,0.04554306
18,5792,0.045730695
18,5824,0.046750035
18,5856,0.046964303
18,5888,0.04677406
18,5920,0.046696194
18,5952,0.04660501
18,5984,0.046477687
18,6016,0.04642144
18,6048,0.046265814
18,6080,0.046362046
19,0,0.046120826
19,32,0.046167444
19,64,0.04622755
19,96,0.046087418
19,128,0.046059754
19,160,0.04602041
19,192,0.045971833
19,224,0.046021305
19,256,0.04595431
19,288,0.04603431
19,320,0.045880016
19,352,0.045954503
19,384,0.04580547
19,416,0.045817915
19,448,0.04580388
19,480,0.04576515
19,512,0.045644768
19,544,0.045583162
19,576,0.045608643
19,608,0.045611147
19,640,0.04559911
19,672,0.045543555
19,704,0.045553334
19,736,0.046386566
19,768,0.046989214
19,800,0.04667299
19,832,0.046663333
19,864,0.04638328
19,896,0.046344377
19,928,0.046305627
19,960,0.046204023
19,992,0.046082832
19,1024,0.046027154
19,1056,0.04616961
19,1088,0.04599576
19,1120,0.045906816
19,1152,0.04605468
19,1184,0.045937564
19,1216,0.045994587
19,1248,0.045932602
19,1280,0.04591072
19,1312,0.045654938
19,1344,0.045760173
19,1376,0.045654796
19,1408,0.045747016
19,1440,0.04559165
19,1472,0.04575239
19,1504,0.045707766
19,1536,0.045615785
19,1568,0.04562896
19,1600,0.04558442
19,1632,0.045687303
19,1664,0.045365185
19,1696,0.045499668
19,1728,0.045436993
19,1760,0.04649164
19,1792,0.046983473
19,1824,0.047005855
19,1856,0.04669913
19,1888,0.046781756
19,1920,0.04657488
19,1952,0.046366714
19,1984,0.046431687
19,2016,0.04641094
19,2048,0.04637954
19,2080,0.04633386
19,2112,0.046162225
19,2144,0.046113238
19,2176,0.046178382
19,2208,0.046180733
19,2240,0.04607263
19,2272,0.046069976
19,2304,0.045942876
19,2336,0.04604018
19,2368,0.045732394
19,2400,0.045810297
19,2432,0.045534845
19,2464,0.045684986
19,2496,0.04569633
19,2528,0.045641072
19,2560,0.045642335
19,2592,0.045599863
19,2624,0.04564288
19,2656,0.045637205
19,2688,0.045564204
19,2720,0.04552597
19,2752,0.045428976
19,2784,0.046551023
19,2816,0.04710804
19,2848,0.0470322
19,2880,0.04706527
19,2912,0.046821725
19,2944,0.04670781
19,2976,0.04651786
19,3008,0.046403315
19,3040,0.046567358
19,3072,0.046409525
19,3104,0.04650712
19,3136,0.046313718
19,3168,0.04634995
19,3200,0.04642432
19,3232,0.04600472
19,3264,0.046271894
19,3296,0.046028048
19,3328,0.04614805
19,3360,0.046163425
19,3392,0.046083845
19,3424,0.045821577
19,3456,0.045959167
19,3488,0.046011016
19,3520,0.045855
19,3552,0.045868285
19,3584,0.046039708
19,3616,0.04599915
19,3648,0.045747492
19,3680,0.04586152
19,3712,0.045762196
19,3744,0.045692798
19,3776,0.045660276
19,3808,0.046522547
19,3840,0.047184814
19,3872,0.047165386
19,3904,0.046449017
19,3936,0.0465745
19,3968,0.046523225
19,4000,0.046447802
19,4032,0.04655792
19,4064,0.046315923
19,4096,0.046174604
19,4128,0.04615245
19,4160,0.04618501
19,4192,0.045982838
19,4224,0.046090815
19,4256,0.046081394
19,4288,0.045978915
19,4320,0.045999896
19,4352,0.045820702
19,4384,0.04558824
19,4416,0.04562727
19,4448,0.045771204
19,4480,0.045778595
19,4512,0.045826547
19,4544,0.04588286
19,4576,0.04573704
19,4608,0.045493703
19,4640,0.045809127
19,4672,0.045669474
19,4704,0.045684718
19,4736,0.0456058
19,4768,0.045447215
19,4800,0.04572181
19,4832,0.046333194
19,4864,0.046882555
19,4896,0.04678869
19,4928,0.046687756
19,4960,0.046358414
19,4992,0.04637016
19,5024,0.0464697
19,5056,0.046305526
19,5088,0.046091866
19,5120,0.04630463
19,5152,0.04618848
19,5184,0.045885358
19,5216,0.04614597
19,5248,0.045982406
19,5280,0.04590808
19,5312,0.045862544
19,5344,0.04588165
19,5376,0.045683004
19,5408,0.045884293
19,5440,0.04571352
19,5472,0.045727964
19,5504,0.04579317
19,5536,0.04562279
19,5568,0.04568296
19,5600,0.04561462
19,5632,0.045529794
19,5664,0.045505676
19,5696,0.045425475
19,5728,0.045645908
19,5760,0.045627054
19,5792,0.045419607
19,5824,0.04572904
19,5856,0.046342384
19,5888,0.047057822
19,5920,0.047029883
19,5952,0.04653323
19,5984,0.04658996
19,6016,0.046486642
19,6048,0.0463797
19,6080,0.04647908
20,0,0.04638407
20,32,0.04627166
20,64,0.04618484
20,96,0.046237063
20,128,0.045964576
20,160,0.045977652
20,192,0.045711454
20,224,0.04589556
20,256,0.04586114
20,288,0.045852907
20,320,0.045833822
20,352,0.045738872
20,384,0.045869224
20,416,0.04550158
20,448,0.04561407
20,480,0.04559853
20,512,0.04570256
20,544,0.045577187
20,576,0.045541044
20,608,0.04558766
20,640,0.045725923
20,672,0.045619164
20,704,0.04549403
20,736,0.045554016
20,768,0.045886546
20,800,0.04712794
20,832,0.046972554
20,864,0.046809316
20,896,0.046736468
20,928,0.04660667
20,960,0.04660757
20,992,0.046414834
20,1024,0.046547107
20,1056,0.046299532
20,1088,0.04630406
20,1120,0.046357527
20,1152,0.04620305
20,1184,0.046236932
20,1216,0.046217334
20,1248,0.046176553
20,1280,0.046119913
20,1312,0.046012446
20,1344,0.045941934
20,1376,0.04595631
20,1408,0.04583738
20,1440,0.04582258
20,1472,0.045955643
20,1504,0.046015278
20,1536,0.045738544
20,1568,0.04600504
20,1600,0.045823935
20,1632,0.045933846
20,1664,0.045838162
20,1696,0.045609795
20,1728,0.045583665
20,1760,0.04570763
20,1792,0.045952603
20,1824,0.046973642
20,1856,0.047039617
20,1888,0.04672227
20,1920,0.046791226
20,1952,0.046447106
20,1984,0.046546243
20,2016,0.04651013
20,2048,0.04634577
20,2080,0.046360865
20,2112,0.04628149
20,2144,0.046303857
20,2176,0.04634652
20,2208,0.04619329
20,2240,0.046108555
20,2272,0.046142828
20,2304,0.04596464
20,2336,0.04574917
20,2368,0.045845754
20,2400,0.04586401
20,2432,0.046040982
20,2464,0.0458931
20,2496,0.045983613
20,2528,0.045739226
20,2560,0.045838997
20,2592,0.04556499
20,2624,0.045458443
20,2656,0.045708887
20,2688,0.04565674
20,2720,0.04563207
20,2752,0.045725852
20,2784,0.045570083
20,2816,0.04611156
20,2848,0.04703303
20,2880,0.04690684
20,2912,0.046849288
20,2944,0.04676395
20,2976,0.046699334
20,3008,0.046377085
20,3040,0.046389453
20,3072,0.046383083
20,3104,0.046432048
20,3136,0.046374425
20,3168,0.04615682
20,3200,0.046018466
20,3232,0.04627592
20,3264,0.04612895
20,3296,0.046056274
20,3328,0.0460999
20,3360,0.045854
20,3392,0.04599118
20,3424,0.04589015
20,3456,0.045872062
20,3488,0.045833725
20,3520,0.045825135
20,3552,0.045849558
20,3584,0.04584595
20,3616,0.045626078
20,3648,0.045657564
20,3680,0.045826342
20,3712,0.04565806
20,3744,0.04561004
20,3776,0.04566106
20,3808,0.045521542
20,3840,0.046138346
20,3872,0.04689008
20,3904,0.04655598
20,3936,0.046708375
20,3968,0.04638591
20,4000,0.04635366
20,4032,0.046501458
20,4064,0.046121493
20,4096,0.04616511
20,4128,0.046195667
20,4160,0.045784857
20,4192,0.046311073
20,4224,0.045891363
20,4256,0.045778524
20,4288,0.04585863
20,4320,0.0458209
20,4352,0.045628384
20,4384,0.045771584
20,4416,0.045898993
20,4448,0.045704853
20,4480,0.04566636
20,4512,0.045714572
20,4544,0.045444664
20,4576,0.045426026
20,4608,0.045278028
20,4640,0.045495722
20,4672,0.045464102
20,4704,0.045507617
20,4736,0.045469776
20,4768,0.04549682
20,4800,0.0455487
20,4832,0.04535596
20,4864,0.045907173
20,4896,0.047165107
20,4928,0.04690894
20,4960,0.046680722
20,4992,0.04662664
20,5024,0.046690557
20,5056,0.046365127
20,5088,0.046374835
20,5120,0.046597134
20,5152,0.046115894
20,5184,0.046059906
20,5216,0.046247736
20,5248,0.046054088
20,5280,0.045964137
20,5312,0.04607976
20,5344,0.04589477
20,5376,0.045866754
20,5408,0.045812126
20,5440,0.045726556
20,5472,0.04566189
20,5504,0.045705065
20,5536,0.04566711
20,5568,0.045768082
20,5600,0.045731213
20,5632,0.045364346
20,5664,0.045621596
20,5696,0.04557494
20,5728,0.04564455
20,5760,0.0456465
20,5792,0.04550059
20,5824,0.04553482
20,5856,0.04564179
20,5888,0.046027333
20,5920,0.04713742
20,5952,0.04699827
20,5984,0.046761036
20,6016,0.046887342
20,6048,0.046852693
20,6080,0.046607632
21,0,0.046681385
21,32,0.04666279
21,64,0.04639129
21,96,0.046443153
21,128,0.046404183
21,160,0.046315245
21,192,0.046091653
21,224,0.04643911
21,256,0.046183627
21,288,0.046246123
21,320,0.045971237
21,352,0.046126224
21,384,0.046075694
21,416,0.04606154
21,448,0.046002865
21,480,0.046124753
21,512,0.046137773
21,544,0.04584686
21,576,0.045840286
21,608,0.046064198
21,640,0.045832157
21,672,0.04577468
21,704,0.045668975
21,736,0.045741666
21,768,0.045790557
21,800,0.045760576
21,832,0.047314364
21,864,0.04683127
21,896,0.04699091
21,928,0.046726227
21,960,0.046728548
21,992,0.046475008
21,1024,0.04648635
21,1056,0.04609566
21,1088,0.04623572
21,1120,0.046293072
21,1152,0.046193175
21,1184,0.046020035
21,1216,0.046060883
21,1248,0.046086796
21,1280,0.046005175
21,1312,0.046149217
21,1344,0.0459446
21,1376,0.045873553
21,1408,0.04593184
21,1440,0.045847658
21,1472,0.045845427
21,1504,0.04587059
21,1536,0.04580306
21,1568,0.045648944
21,1600,0.04572083
21,1632,0.04564993
21,1664,0.045543008
21,1696,0.045818727
21,1728,0.045734458
21,1760,0.045558855
21,1792,0.045537833
21,1824,0.04558796
21,1856,0.047090437
21,1888,0.046792205
21,1920,0.046711415
21,1952,0.046541493
21,1984,0.04640727
21,2016,0.04643919
21,2048,0.046251148
21,2080,0.046409287
21,2112,0.046243384
21,2144,0.046168894
21,2176,0.046144165
21,2208,0.046098653
21,2240,0.04601951
21,2272,0.04610385
21,2304,0.046021514
21,2336,0.045989618
21,2368,0.045935918
21,2400,0.04588147
21,2432,0.045813788
21,2464,0.045737874
21,2496,0.045893967
21,2528,0.045676794
21,2560,0.04558515
21,2592,0.045696866
21,2624,0.045349147
21,2656,0.04558051
21,2688,0.045363363
21,2720,0.045604624
21,2752,0.045442276
21,2784,0.04558986
21,2816,0.045547947
21,2848,0.045456145
21,2880,0.046901066
21,2912,0.04666407
21,2944,0.046591487
21,2976,0.046402086
21,3008,0.046344116
21,3040,0.046349525
21,3072,0.046161313
21,3104,0.046277396
21,3136,0.04618536
21,3168,0.046117086
21,3200,0.04603084
21,3232,0.045904756
21,3264,0.045908105
21,3296,0.045972638
21,3328,0.045957103
21,3360,0.045811813
21,3392,0.04572147
21,3424,0.045749106
21,3456,0.045526188
21,3488,0.045620326
21,3520,0.04568761
21,3552,0.045606896
21,3584,0.04564763
21,3616,0.045625407
21,3648,0.045598518
21,3680,0.045614496
21,3712,0.045605116
21,3744,0.045728445
21,3776,0.045585394
21,3808,0.045467887
21,3840,0.045543477
21,3872,0.04557924
21,3904,0.04724641
21,3936,0.047257297
21,3968,0.04665513
21,4000,0.046491094
21,4032,0.046536617
21,4064,0.04645993
21,4096,0.04627329
21,4128,0.046297137
21,4160,0.046293203
21,4192,0.046127755
21,4224,0.04603133
21,4256,0.04615837
21,4288,0.046045825
21,4320,0.04614373
21,4352,0.046225104
21,4384,0.046027042
21,4416,0.045864254
21,4448,0.04593919
21,4480,0.04585453
21,4512,0.045816887
21,4544,0.045865387
21,4576,0.045727488
21,4608,0.045712322
21,4640,0.04583595
21,4672,0.045635123
21,4704,0.045985993
21,4736,0.04559669
21,4768,0.045745924
21,4800,0.045710728
21,4832,0.045516703
21,4864,0.045740426
21,4896,0.04568336
21,4928,0.04723154
21,4960,0.046967886
21,4992,0.047063805
21,5024,0.04675065
21,5056,0.04658373
21,5088,0.04657378
21,5120,0.046467014
21,5152,0.04657651
21,5184,0.046340734
21,5216,0.046391763
21,5248,0.046197508
21,5280,0.046488833
21,5312,0.04633672
21,5344,0.046222605
21,5376,0.046023473
21,5408,0.046028685
21,5440,0.046143796
21,5472,0.046088148
21,5504,0.04582529
21,5536,0.045844164
21,5568,0.04585925
21,5600,0.045952253
21,5632,0.045911957
21,5664,0.046021596
21,5696,0.04605819
21,5728,0.0461224
21,5760,0.04577216
21,5792,0.045714434
21,5824,0.045716703
21,5856,0.045856036
21,5888,0.04563485
21,5920,0.045841224
21,5952,0.047100216
21,5984,0.046974976
21,6016,0.046793602
21,6048,0.046622846
21,6080,0.046570327
22,0,0.046434116
22,32,0.046439532
22,64,0.04623849
22,96,0.0465428
22,128,0.046287462
22,160,0.04637891
22,192,0.046205677
22,224,0.046105094
22,256,0.04619895
22,288,0.045869324
22,320,0.045927126
22,352,0.045740943
22,384,0.04594216
22,416,0.045875397
22,448,0.045855567
22,480,0.04590217
22,512,0.046059597
22,544,0.045713123
22,576,0.045795932
22,608,0.04596635
22,640,0.045679294
22,672,0.04558081
22,704,0.045736827
22,736,0.04581226
22,768,0.045630377
22,800,0.045771327
22,832,0.04551944
22,864,0.046563253
22,896,0.04676931
22,928,0.046365175
22,960,0.046525143
22,992,0.04638254
22,1024,0.046332147
22,1056,0.046246856
22,1088,0.04619682
22,1120,0.046126064
22,1152,0.046105895
22,1184,0.046032146
22,1216,0.045985457
22,1248,0.045890674
22,1280,0.045923494
22,1312,0.04572663
22,1344,0.045814887
22,1376,0.045791425
22,1408,0.045625437
22,1440,0.045679476
22,1472,0.04561985
22,1504,0.045786377
22,1536,0.045764983
22,1568,0.045683477
22,1600,0.045659233
22,1632,0.045482036
22,1664,0.04556253
22,1696,0.045602687
22,1728,0.045413762
22,1760,0.04541013
22,1792,0.045394108
22,1824,0.04548203
22,1856,0.0454111
22,1888,0.046613544
22,1920,0.046761796
22,1952,0.04667952
22,1984,0.04676793
22,2016,0.04647908
22,2048,0.046469796
22,2080,0.04629147
22,2112,0.046143156
22,2144,0.04616465
22,2176,0.046373826
22,2208,0.046042405
22,2240,0.046265762
22,2272,0.046143
22,2304,0.046111193
22,2336,0.04599521
22,2368,0.04587103
22,2400,0.046095874
22,2432,0.04588473
22,2464,0.04583981
22,2496,0.04576272
22,2528,0.045934264
22,2560,0.045912657
22,2592,0.045716714
22,2624,0.045728322
22,2656,0.04556357
22,2688,0.045615308
22,2720,0.04569275
22,2752,0.045801256
22,2784,0.04582144
22,2816,0.045721628
22,2848,0.04550864
22,2880,0.04559353
22,2912,0.04649851
22,2944,0.046818346
22,2976,0.046843003
22,3008,0.046724994
22,3040,0.04663043
22,3072,0.046555582
22,3104,0.046443325
22,3136,0.04630725
22,3168,0.046399977
22,3200,0.046319872
22,3232,0.0461607
22,3264,0.046218954
22,3296,0.045982838
22,3328,0.04613064
22,3360,0.045914203
22,3392,0.046048697
22,3424,0.045926075
22,3456,0.045942992
22,3488,0.045816757
22,3520,0.045926083
22,3552,0.045609258
22,3584,0.04577424
22,3616,0.04587855
22,3648,0.045747887
22,3680,0.045789875
22,3712,0.04576236
22,3744,0.045734018
22,3776,0.045690928
22,3808,0.04559613
22,3840,0.04586358
22,3872,0.045625377
22,3904,0.045791782
22,3936,0.046864968
22,3968,0.04706741
22,4000,0.04683116
22,4032,0.04670161
22,4064,0.046657894
22,4096,0.046624567
22,4128,0.046360813
22,4160,0.046377864
22,4192,0.046524107
22,4224,0.046135087
22,4256,0.046241954
22,4288,0.046147596
22,4320,0.046366505
22,4352,0.046044797
22,4384,0.046153393
22,4416,0.04616922
22,4448,0.045956284
22,4480,0.045939017
22,4512,0.046138607
22,4544,0.0460062
22,4576,0.04573538
22,4608,0.045916714
22,4640,0.045621514
22,4672,0.04585067
22,4704,0.045749635
22,4736,0.045748953
22,4768,0.045622654
22,4800,0.04548667
22,4832,0.04571173
22,4864,0.045540858
22,4896,0.04572474
22,4928,0.04554778
22,4960,0.04660234
22,4992,0.04671093
22,5024,0.046808645
22,5056,0.04672358
22,5088,0.046597097
22,5120,0.04639031
22,5152,0.046497893
22,5184,0.04617213
22,5216,0.046348393
22,5248,0.046370294
22,5280,0.046182692
22,5312,0.046100136
22,5344,0.046080578
22,5376,0.045909397
22,5408,0.045908947
22,5440,0.04615966
22,5472,0.046005744
22,5504,0.045779202
22,5536,0.046027463
22,5568,0.045769386
22,5600,0.045913454
22,5632,0.045718323
22,5664,0.045687098
22,5696,0.045884766
22,5728,0.04582661
22,5760,0.045717042
22,5792,0.04571243
22,5824,0.045755647
22,5856,0.045625824
22,5888,0.045594063
22,5920,0.045568537
22,5952,0.04554117
22,5984,0.046638846
22,6016,0.0468237
22,6048,0.0464149
22,6080,0.046512708
23,0,0.046222713
23,32,0.04645489
23,64,0.046218533
23,96,0.046056822
23,128,0.046194084
23,160,0.046180982
23,192,0.04608243
23,224,0.04614435
23,256,0.0459915
23,288,0.04601374
23,320,0.045997668
23,352,0.045787
23,384,0.045787215
23,416,0.045803618
23,448,0.045831677
23,480,0.045591466
23,512,0.045594353
23,544,0.045979872
23,576,0.045606967
23,608,0.045592904
23,640,0.045726825
23,672,0.045614943
23,704,0.04555572
23,736,0.045511078
23,768,0.045389567
23,800,0.045592256
23,832,0.045443475
23,864,0.04561235
23,896,0.04616344
23,928,0.046851076
23,960,0.046736423
23,992,0.046717264
23,1024,0.046357803
23,1056,0.046492618
23,1088,0.046443418
23,1120,0.046097126
23,1152,0.046321046
23,1184,0.0464287
23,1216,0.046250388
23,1248,0.046062425
23,1280,0.046196267
23,1312,0.04616414
23,1344,0.045905285
23,1376,0.045917355
23,1408,0.046008326
23,1440,0.045996763
23,1472,0.045940142
23,1504,0.04576557
23,1536,0.045808934
23,1568,0.045739785
23,1600,0.045592304
23,1632,0.04560732
23,1664,0.045740064
23,1696,0.045552954
23,1728,0.04564636
23,1760,0.045757104
23,1792,0.045464087
23,1824,0.045591976
23,1856,0.045621045
23,1888,0.045550488
23,1920,0.046606418
23,1952,0.047164913
23,1984,0.046783738
23,2016,0.046928808
23,2048,0.046724867
23,2080,0.046672
23,2112,0.046788186
23,2144,0.046456464
23,2176,0.04635629
23,2208,0.046330754
23,2240,0.046370465
23,2272,0.046284832
23,2304,0.046076514
23,2336,0.046272397
23,2368,0.0462041
23,2400,0.046225786
23,2432,0.045955587
23,2464,0.04597536
23,2496,0.04608589
23,2528,0.045976073
23,2560,0.046134796
23,2592,0.046041403
23,2624,0.04576666
23,2656,0.045872737
23,2688,0.046011046
23,2720,0.04579635
23,2752,0.045928158
23,2784,0.04573763
23,2816,0.04583048
23,2848,0.045823976
23,2880,0.04571241
23,2912,0.04580128
23,2944,0.046429675
23,2976,0.046860583
23,3008,0.04676272
23,3040,0.046665326
23,3072,0.046602696
23,3104,0.04646423
23,3136,0.04648069
23,3168,0.046311628
23,3200,0.046190348
23,3232,0.046074815
23,3264,0.046227608
23,3296,0.04617895
23,3328,0.046157572
23,3360,0.046051584
23,3392,0.045988444
23,3424,0.04604274
23,3456,0.0459482
23,3488,0.04575198
23,3520,0.045999024
23,3552,0.045883074
23,3584,0.045814894
23,3616,0.045827758
23,3648,0.045679662
23,3680,0.04583301
23,3712,0.04567509
23,3744,0.045612577
23,3776,0.045565665
23,3808,0.045611855
23,3840,0.045666873
23,3872,0.04576553
23,3904,0.045499843
23,3936,0.045809176
23,3968,0.046025477
23,4000,0.04663249
23,4032,0.046712186
23,4064,0.046381112
23,4096,0.046548184
23,4128,0.046440747
23,4160,0.046415772
23,4192,0.046364594
23,4224,0.046131242
23,4256,0.0460902
23,4288,0.04595162
23,4320,0.04610036
23,4352,0.046098355
23,4384,0.04596988
23,4416,0.0459066
23,4448,0.045922596
23,4480,0.045715414
23,4512,0.045743044
23,4544,0.045733918
23,4576,0.045635138
23,4608,0.045676094
23,4640,0.045719896
23,4672,0.045593716
23,4704,0.045562826
23,4736,0.045630146
23,4768,0.04537234
23,4800,0.045559373
23,4832,0.045585077
23,4864,0.045498803
23,4896,0.0455473
23,4928,0.045657445
23,4960,0.045603745
23,4992,0.046115566
23,5024,0.046832
23,5056,0.046551593
23,5088,0.046522062
23,5120,0.046431303
23,5152,0.046196938
23,5184,0.046216425
23,5216,0.046274956
23,5248,0.046224084
23,5280,0.046087664
23,5312,0.046022333
23,5344,0.04602742
23,5376,0.04587041
23,5408,0.045934893
23,5440,0.045906115
23,5472,0.045851205
23,5504,0.045857266
23,5536,0.045826077
23,5568,0.045747083
23,5600,0.045700956
23,5632,0.04576575
23,5664,0.045714352
23,5696,0.04562569
23,5728,0.045571756
23,5760,0.0455517
23,5792,0.045456674
23,5824,0.045542497
23,5856,0.04550113
23,5888,0.045677464
23,5920,0.045562115
23,5952,0.04545951
23,5984,0.045506477
23,6016,0.04608239
23,6048,0.046962865
23,6080,0.04666874
24,0,0.04656528
24,32,0.046564363
24,64,0.046535585
24,96,0.046577048
24,128,0.046432197
24,160,0.046292864
24,192,0.046360333
24,224,0.04631993
24,256,0.04617953
24,288,0.046164628
24,320,0.046111654
24,352,0.046255186
24,384,0.04612546
24,416,0.0459746
24,448,0.045881707
24,480,0.046104137
24,512,0.045959674
24,544,0.046108656
24,576,0.04590207
24,608,0.045726087
24,640,0.046053473
24,672,0.045817763
24,704,0.04575776
24,736,0.045842964
24,768,0.0457561
24,800,0.04579014
24,832,0.04575456
24,864,0.045676358
24,896,0.04553546
24,928,0.046205334
24,960,0.04697557
24,992,0.046670597
24,1024,0.046617392
24,1056,0.04672843
24,1088,0.046878867
24,1120,0.04660862
24,1152,0.04642348
24,1184,0.0464607
24,1216,0.04644463
24,1248,0.04623082
24,1280,0.046227306
24,1312,0.0463271
24,1344,0.04623778
24,1376,0.04612863
24,1408,0.046114486
24,1440,0.04591763
24,1472,0.0460533
24,1504,0.04602819
24,1536,0.045936435
24,1568,0.04630148
24,1600,0.04559126
24,1632,0.0461368
24,1664,0.045904707
24,1696,0.045860767
24,1728,0.04590863
24,1760,0.045843408
24,1792,0.04564363
24,1824,0.04592874
24,1856,0.045700178
24,1888,0.045743264
24,1920,0.04563621
24,1952,0.045969985
24,1984,0.046934795
24,2016,0.046868075
24,2048,0.046644256
24,2080,0.046572857
24,2112,0.04635225
24,2144,0.046505168
24,2176,0.046235163
24,2208,0.046321232
24,2240,0.04626838
24,2272,0.04645837
24,2304,0.04623879
24,2336,0.046169963
24,2368,0.046120465
24,2400,0.04622361
24,2432,0.04615012
24,2464,0.046057414
24,2496,0.045978706
24,2528,0.04579199
24,2560,0.045996666
24,2592,0.045796588
24,2624,0.045880396
24,2656,0.04585574
24,2688,0.045869324
24,2720,0.0458812
24,2752,0.045814823
24,2784,0.04589477
24,2816,0.045774102
24,2848,0.04566595
24,2880,0.045821257
24,2912,0.04567676
24,2944,0.04567667
24,2976,0.046012405
24,3008,0.046708226
24,3040,0.046522114
24,3072,0.04641447
24,3104,0.046308752
24,3136,0.046308607
24,3168,0.046344206
24,3200,0.04617532
24,3232,0.04597181
24,3264,0.045995813
24,3296,0.046071805
24,3328,0.045924116
24,3360,0.04594794
24,3392,0.04577458
24,3424,0.046014413
24,3456,0.04590586
24,3488,0.04560367
24,3520,0.045704544
24,3552,0.045762304
24,3584,0.045667265
24,3616,0.045583714
24,3648,0.045569282
24,3680,0.04560336
24,3712,0.04556642
24,3744,0.045642424
24,3776,0.04559351
24,3808,0.045381226
24,3840,0.0456585
24,3872,0.045519505
24,3904,0.045604724
24,3936,0.045461632
24,3968,0.045558862
24,4000,0.045928225
24,4032,0.046827927
24,4064,0.04667056
24,4096,0.046510197
24,4128,0.046578586
24,4160,0.04643214
24,4192,0.046165615
24,4224,0.046693325
24,4256,0.046459075
24,4288,0.04631507
24,4320,0.046282485
24,4352,0.046006434
24,4384,0.04586897
24,4416,0.045780923
24,4448,0.046066586
24,4480,0.045988485
24,4512,0.04580235
24,4544,0.046021424
24,4576,0.045981113
24,4608,0.045996744
24,4640,0.045745034
24,4672,0.045940593
24,4704,0.045717467
24,4736,0.045872543
24,4768,0.045603216
24,4800,0.04571307
24,4832,0.045540076
24,4864,0.04578243
24,4896,0.04577263
24,4928,0.04561976
24,4960,0.04559871
24,4992,0.04557683
24,5024,0.04594016
24,5056,0.046645015
24,5088,0.046580307
24,5120,0.04656725
24,5152,0.046684124
24,5184,0.046663504
24,5216,0.046349265
24,5248,0.046468984
24,5280,0.04623908
24,5312,0.046371635
24,5344,0.046100985
24,5376,0.045911323
24,5408,0.045884714
24,5440,0.04593559
24,5472,0.04603316
24,5504,0.04591111
24,5536,0.046243064
24,5568,0.04582438
24,5600,0.0458719
24,5632,0.045885567
24,5664,0.045844637
24,5696,0.04590365
24,5728,0.04588232
24,5760,0.045865476
24,5792,0.045822833
24,5824,0.045672942
24,5856,0.045502685
24,5888,0.045592632
24,5920,0.04568648
24,5952,0.045812853
24,5984,0.045650035
24,6016,0.045624994
24,6048,0.04611227
24,6080,0.04682637
25,0,0.04665859
25,32,0.04678991
25,64,0.04668343
25,96,0.046688087
25,128,0.04624084
25,160,0.04638329
25,192,0.046227563
25,224,0.04626587
25,256,0.04613173
25,288,0.04620735
25,320,0.04616155
25,352,0.046158712
25,384,0.04618618
25,416,0.046197843
25,448,0.045938697
25,480,0.045808375
25,512,0.045988247
25,544,0.045965407
25,576,0.045855198
25,608,0.045973483
25,640,0.04602914
25,672,0.045784514
25,704,0.045862548
25,736,0.045761663
25,768,0.045731857
25,800,0.045928195
25,832,0.046029493
25,864,0.045844607
25,896,0.045799837
25,928,0.045752656
25,960,0.04568725
25,992,0.046755556
25,1024,0.046841465
25,1056,0.046450783
25,1088,0.04648232
25,1120,0.046380773
25,1152,0.046370942
25,1184,0.046269048
25,1216,0.04630813
25,1248,0.046191197
25,1280,0.046228323
25,1312,0.046140634
25,1344,0.045961414
25,1376,0.04609804
25,1408,0.045992255
25,1440,0.046025656
25,1472,0.045887996
25,1504,0.045675702
25,1536,0.045950744
25,1568,0.045856774
25,1600,0.045898676
25,1632,0.045882188
25,1664,0.04577427
25,1696,0.045765
25,1728,0.045725703
25,1760,0.04567644
25,1792,0.045846615
25,1824,0.04580081
25,1856,0.04583346
25,1888,0.04573963
25,1920,0.045633487
25,1952,0.04584056
25,1984,0.045726977
25,2016,0.04669134
25,2048,0.04637363
25,2080,0.046454497
25,2112,0.04640486
25,2144,0.046218198
25,2176,0.04608509
25,2208,0.04605047
25,2240,0.046244707
25,2272,0.04601844
25,2304,0.04597272
25,2336,0.045914438
25,2368,0.046132907
25,2400,0.045956545
25,2432,0.045613352
25,2464,0.045920257
25,2496,0.04607875
25,2528,0.04575989
25,2560,0.045856327
25,2592,0.045582417
25,2624,0.045749925
25,2656,0.04567055
25,2688,0.045643363
25,2720,0.045568004
25,2752,0.045717873
25,2784,0.045658648
25,2816,0.045485537
25,2848,0.04558753
25,2880,0.045464117
25,2912,0.04545524
25,2944,0.045383997
25,2976,0.04550688
25,3008,0.045462925
25,3040,0.046859153
25,3072,0.046561867
25,3104,0.046584483
25,3136,0.04654939
25,3168,0.046322756
25,3200,0.046541873
25,3232,0.046344206
25,3264,0.046198636
25,3296,0.046358135
25,3328,0.046316233
25,3360,0.046034418
25,3392,0.04597565
25,3424,0.04606425
25,3456,0.046110403
25,3488,0.04581012
25,3520,0.045927584
25,3552,0.046063274
25,3584,0.046015948
25,3616,0.045748733
25,3648,0.045746867
25,3680,0.045631565
25,3712,0.045951895
25,3744,0.04566959
25,3776,0.04566959
25,3808,0.045741655
25,3840,0.045926888
25,3872,0.045690257
25,3904,0.04578464
25,3936,0.045481157
25,3968,0.04558297
25,4000,0.045696847
25,4032,0.045718677
25,4064,0.046930846
25,4096,0.047013808
25,4128,0.046646714
25,4160,0.046715263
25,4192,0.04659645
25,4224,0.04641925
25,4256,0.04647266
25,4288,0.04660198
25,4320,0.046294726
25,4352,0.046023034
25,4384,0.046372656
25,4416,0.04636405
25,4448,0.046246246
25,4480,0.04634465
25,4512,0.046060216
25,4544,0.046142522
25,4576,0.046036616
25,4608,0.046030927
25,4640,0.045937687
25,4672,0.046037477
25,4704,0.04587905
25,4736,0.04594788
25,4768,0.045732457
25,4800,0.045874346
25,4832,0.045947965
25,4864,0.045741435
25,4896,0.04595198
25,4928,0.04568139
25,4960,0.04585382
25,4992,0.04572428
25,5024,0.045640055
25,5056,0.045785524
25,5088,0.046927873
25,5120,0.046738923
25,5152,0.046523504
25,5184,0.046458527
25,5216,0.046454705
25,5248,0.046405226
25,5280,0.046098668
25,5312,0.046400655
25,5344,0.046282116
25,5376,0.04603869
25,5408,0.04618328
25,5440,0.04617933
25,5472,0.046139196
25,5504,0.04596724
25,5536,0.046103716
25,5568,0.045975965
25,5600,0.0460566
25,5632,0.04604404
25,5664,0.04579996
25,5696,0.045834415
25,5728,0.045701984
25,5760,0.04581609
25,5792,0.04565578
25,5824,0.04575792
25,5856,0.045814242
25,5888,0.04577935
25,5920,0.045622315
25,5952,0.045832783
25,5984,0.045560464
25,6016,0.04550115
25,6048,0.04562958
25,6080,0.04555837
26,0,0.0467577
26,32,0.04671729
26,64,0.046496857
26,96,0.046484597
26,128,0.04633289
26,160,0.046269085
26,192,0.046508715
26,224,0.046107788
26,256,0.046105273
26,288,0.046081163
26,320,0.04618942
26,352,0.046223618
26,384,0.04612154
26,416,0.04591776
26,448,0.046166565
26,480,0.045905404
26,512,0.045897752
26,544,0.045806967
26,576,0.045847766
26,608,0.046052575
26,640,0.045786604
26,672,0.045808535
26,704,0.04574763
26,736,0.045770854
26,768,0.04569263
26,800,0.045751695
26,832,0.045763046
26,864,0.04553092
26,896,0.045559574
26,928,0.045723177
26,960,0.04560503
26,992,0.045713272
26,1024,0.046398774
26,1056,0.046723336
26,1088,0.0462408
26,1120,0.04646409
26,1152,0.046237037
26,1184,0.046354692
26,1216,0.04615371
26,1248,0.04624307
26,1280,0.046022374
26,1312,0.046079956
26,1344,0.04593343
26,1376,0.045931634
26,1408,0.0458404
26,1440,0.045894522
26,1472,0.046049863
26,1504,0.045978945
26,1536,0.04592613
26,1568,0.04566841
26,1600,0.04576155
26,1632,0.045632854
26,1664,0.04574411
26,1696,0.045568828
26,1728,0.045770545
26,1760,0.045891814
26,1792,0.04579864
26,1824,0.045624916
26,1856,0.045615263
26,1888,0.045540005
26,1920,0.04559036
26,1952,0.04547646
26,1984,0.045453854
26,2016,0.045648422
26,2048,0.046374265
26,2080,0.046879113
26,2112,0.046481878
26,2144,0.046552658
26,2176,0.046581395
26,2208,0.046407823
26,2240,0.046198502
26,2272,0.046303436
26,2304,0.04633619
26,2336,0.046356134
26,2368,0.046232197
26,2400,0.046142455
26,2432,0.046173513
26,2464,0.0458681
26,2496,0.046014216
26,2528,0.0460277
26,2560,0.04601336
26,2592,0.046105575
26,2624,0.046019834
26,2656,0.045922913
26,2688,0.04577415
26,2720,0.04568555
26,2752,0.04570252
26,2784,0.045859814
26,2816,0.045901075
26,2848,0.045987315
26,2880,0.045752924
26,2912,0.045861244
26,2944,0.045800224
26,2976,0.04569249
26,3008,0.045798067
26,3040,0.045782473
26,3072,0.046517443
26,3104,0.046536308
26,3136,0.04660833
26,3168,0.046551257
26,3200,0.04647383
26,3232,0.046316672
26,3264,0.046455033
26,3296,0.04642214
26,3328,0.046340633
26,3360,0.046190377
26,3392,0.046200942
26,3424,0.0462144
26,3456,0.046290815
26,3488,0.045988664
26,3520,0.046106502
26,3552,0.046069562
26,3584,0.04600612
26,3616,0.045890104
26,3648,0.046017785
26,3680,0.045939192
26,3712,0.04576651
26,3744,0.0457799
26,3776,0.04589964
26,3808,0.045968797
26,3840,0.045904633
26,3872,0.045890648
26,3904,0.045791432
26,3936,0.045881063
26,3968,0.04571282
26,4000,0.045615826
26,4032,0.04546415
26,4064,0.04569594
26,4096,0.0466089
26,4128,0.04687111
26,4160,0.04665859
26,4192,0.04659795
26,4224,0.046385188
26,4256,0.046419866
26,4288,0.04623672
26,4320,0.04637068
26,4352,0.046248756
26,4384,0.046180177
26,4416,0.046100467
26,4448,0.046235234
26,4480,0.046237145
26,4512,0.046068817
26,4544,0.046155177
26,4576,0.046049543
26,4608,0.045835238
26,4640,0.045807216
26,4672,0.046186823
26,4704,0.045998335
26,4736,0.045926366
26,4768,0.04601169
26,4800,0.04598586
26,4832,0.04586357
26,4864,0.045925125
26,4896,0.045973647
26,4928,0.045557376
26,4960,0.045708984
26,4992,0.0458863
26,5024,0.045810726
26,5056,0.04564683
26,5088,0.04555641
26,5120,0.04646108
26,5152,0.046473827
26,5184,0.046469804
26,5216,0.04646939
26,5248,0.046214834
26,5280,0.046108328
26,5312,0.046106767
26,5344,0.04607693
26,5376,0.04601853
26,5408,0.045760136
26,5440,0.04584506
26,5472,0.045969516
26,5504,0.045750737
26,5536,0.04583386
26,5568,0.045695595
26,5600,0.0456849
26,5632,0.0455624
26,5664,0.04601651
26,5696,0.04565834
26,5728,0.045703266
26,5760,0.045625597
26,5792,0.04564995
26,5824,0.045466576
26,5856,0.045537014
26,5888,0.045606557
26,5920,0.04564403
26,5952,0.045378555
26,5984,0.04574507
26,6016,0.045519643
26,6048,0.045572706
26,6080,0.04531355
27,0,0.045388024
27,32,0.04615209
27,64,0.0467103
27,96,0.046757396
27,128,0.046325482
27,160,0.046481162
27,192,0.046438184
27,224,0.046272077
27,256,0.04634359
27,288,0.046086047
27,320,0.04606668
27,352,0.04634209
27,384,0.046083074
27,416,0.04607811
27,448,0.045853164
27,480,0.046138853
27,512,0.046043605
27,544,0.046044156
27,576,0.04578948
27,608,0.045939993
27,640,0.04598516
27,672,0.04588476
27,704,0.045872662
27,736,0.045910414
27,768,0.045839556
27,800,0.045983892
27,832,0.04567472
27,864,0.045864854
27,896,0.045738477
27,928,0.045652803
27,960,0.045751452
27,992,0.045753747
27,1024,0.045556378
27,1056,0.046281535
27,1088,0.04675175
27,1120,0.04663954
27,1152,0.04655951
27,1184,0.046484545
27,1216,0.046587266
27,1248,0.046426505
27,1280,0.04622078
27,1312,0.046385773
27,1344,0.046368383
27,1376,0.046204
27,1408,0.04621753
27,1440,0.04614978
27,1472,0.04636366
27,1504,0.046058908
27,1536,0.046160564
27,1568,0.046175323
27,1600,0.046079773
27,1632,0.046214715
27,1664,0.04576519
27,1696,0.04604792
27,1728,0.04591724
27,1760,0.045865797
27,1792,0.045946922
27,1824,0.046077996
27,1856,0.04608015
27,1888,0.04599143
27,1920,0.0458543
27,1952,0.04587636
27,1984,0.045626916
27,2016,0.04565211
27,2048,0.045881916
27,2080,0.046342544
27,2112,0.046726435
27,2144,0.046348393
27,2176,0.046499666
27,2208,0.046342876
27,2240,0.046245724
27,2272,0.046305533
27,2304,0.046434447
27,2336,0.046430267
27,2368,0.04618857
27,2400,0.0460382
27,2432,0.045994658
27,2464,0.046093702
27,2496,0.046084933
27,2528,0.045912445
27,2560,0.045896854
27,2592,0.04593659
27,2624,0.04586398
27,2656,0.045963094
27,2688,0.045918927
27,2720,0.045739442
27,2752,0.045789097
27,2784,0.04590113
27,2816,0.045770157
27,2848,0.045828313
27,2880,0.04582786
27,2912,0.04572009
27,2944,0.0458153
27,2976,0.04600872
27,3008,0.045699343
27,3040,0.045770425
27,3072,0.045701258
27,3104,0.046279714
27,3136,0.046384472
27,3168,0.046358712
27,3200,0.046536703
27,3232,0.04598146
27,3264,0.04634838
27,3296,0.04626925
27,3328,0.045963604
27,3360,0.046160165
27,3392,0.04621722
27,3424,0.04609926
27,3456,0.046002254
27,3488,0.045988783
27,3520,0.0459101
27,3552,0.045655787
27,3584,0.045874365
27,3616,0.045927405
27,3648,0.046087753
27,3680,0.04588542
27,3712,0.045931317
27,3744,0.04575898
27,3776,0.04573885
27,3808,0.045739148
27,3840,0.04575202
27,3872,0.045771744
27,3904,0.04570142
27,3936,0.045647614
27,3968,0.045799054
27,4000,0.04569626
27,4032,0.04562006
27,4064,0.045597415
27,4096,0.04550818
27,4128,0.046040777
27,4160,0.046368714
27,4192,0.046319384
27,4224,0.04621549
27,4256,0.046333164
27,4288,0.046326667
27,4320,0.046044152
27,4352,0.046143685
27,4384,0.046167627
27,4416,0.04601792
27,4448,0.046158016
27,4480,0.045781046
27,4512,0.045933645
27,4544,0.045905992
27,4576,0.045821596
27,4608,0.046003018
27,4640,0.045493584
27,4672,0.045784824
27,4704,0.045742292
27,4736,0.04551515
27,4768,0.04573431
27,4800,0.04564382
27,4832,0.04569228
27,4864,0.04554438
27,4896,0.04563119
27,4928,0.045693904
27,4960,0.04553313
27,4992,0.045775514
27,5024,0.04558753
27,5056,0.045670316
27,5088,0.045386862
27,5120,0.045260504
27,5152,0.046198215
27,5184,0.04688908
27,5216,0.046673127
27,5248,0.046427973
27,5280,0.04644694
27,5312,0.046380118
27,5344,0.046244107
27,5376,0.046249907
27,5408,0.04614043
27,5440,0.04622979
27,5472,0.04603204
27,5504,0.046242163
27,5536,0.046146348
27,5568,0.045960527
27,5600,0.046041805
27,5632,0.04595183
27,5664,0.04601303
27,5696,0.046026215
27,5728,0.04604398
27,5760,0.04585857
27,5792,0.04591428
27,5824,0.046009984
27,5856,0.045705326
27,5888,0.04589066
27,5920,0.045982674
27,5952,0.04556641
27,5984,0.045884207
27,6016,0.045852643
27,6048,0.045748394
27,6080,0.045572426
28,0,0.045536786
28,32,0.0456867
28,64,0.045999978
28,96,0.046811488
28,128,0.046658196
28,160,0.046696384
28,192,0.04656984
28,224,0.04667553
28,256,0.04648746
28,288,0.046328418
28,320,0.04628612
28,352,0.046353307
28,384,0.046325747
28,416,0.046371322
28,448,0.04623225
28,480,0.046254158
28,512,0.046131298
28,544,0.045997985
28,576,0.04606966
28,608,0.046143424
28,640,0.046120036
28,672,0.046101004
28,704,0.046098508
28,736,0.046169013
28,768,0.04611425
28,800,0.045926664
28,832,0.046111204
28,864,0.045929797
28,896,0.045872327
28,928,0.04594659
28,960,0.04592637
28,992,0.04597839
28,1024,0.045739945
28,1056,0.04595214
28,1088,0.046137303
28,1120,0.046477385
28,1152,0.046729837
28,1184,0.04652901
28,1216,0.046533342
28,1248,0.046228103
28,1280,0.046146072
28,1312,0.046254862
28,1344,0.04639331
28,1376,0.046167426
28,1408,0.046310436
28,1440,0.04608397
28,1472,0.046035394
28,1504,0.045848027
28,1536,0.04605679
28,1568,0.04613711
28,1600,0.046116848
28,1632,0.046044376
28,1664,0.045866743
28,1696,0.045821372
28,1728,0.04581589
28,1760,0.045789454
28,1792,0.045720495
28,1824,0.045855593
28,1856,0.045985118
28,1888,0.04564371
28,1920,0.045658465
28,1952,0.04581481
28,1984,0.045841686
28,2016,0.04560354
28,2048,0.045792826
28,2080,0.045656707
28,2112,0.04590159
28,2144,0.04657355
28,2176,0.04643186
28,2208,0.04631456
28,2240,0.046124846
28,2272,0.046191767
28,2304,0.046128318
28,2336,0.046051715
28,2368,0.046051692
28,2400,0.045988157
28,2432,0.04605596
28,2464,0.04588551
28,2496,0.046014015
28,2528,0.046004403
28,2560,0.045834307
28,2592,0.04588764
28,2624,0.045958124
28,2656,0.045879323
28,2688,0.045730058
28,2720,0.045746583
28,2752,0.04582126
28,2784,0.045721274
28,2816,0.045930337
28,2848,0.045710195
28,2880,0.045777716
28,2912,0.045699347
28,2944,0.04554201
28,2976,0.045554228
28,3008,0.04584313
28,3040,0.045537338
28,3072,0.045585923
28,3104,0.045398578
28,3136,0.045813084
28,3168,0.046550974
28,3200,0.046562638
28,3232,0.04629088
28,3264,0.046400055
28,3296,0.04631788
28,3328,0.046169583
28,3360,0.046010997
28,3392,0.04624676
28,3424,0.046204425
28,3456,0.046034653
28,3488,0.046066076
28,3520,0.04600536
28,3552,0.046082124
28,3584,0.04599778
28,3616,0.045820706
28,3648,0.045992084
28,3680,0.045869254
28,3712,0.045934904
28,3744,0.04583872
28,3776,0.045784034
28,3808,0.04571947
28,3840,0.045813717
28,3872,0.04586228
28,3904,0.04566476
28,3936,0.04563753
28,3968,0.045715645
28,4000,0.04533764
28,4032,0.045542814
28,4064,0.045610696
28,4096,0.045661975
28,4128,0.045733765
28,4160,0.0457945
28,4192,0.04664269
28,4224,0.0467882
28,4256,0.04640896
28,4288,0.046497274
28,4320,0.04644856
28,4352,0.046382193
28,4384,0.04627755
28,4416,0.046369
28,4448,0.04605934
28,4480,0.04611853
28,4512,0.046230286
28,4544,0.04605007
28,4576,0.045866612
28,4608,0.04604215
28,4640,0.04586043
28,4672,0.046027746
28,4704,0.04620382
28,4736,0.045836356
28,4768,0.045936946
28,4800,0.045936618
28,4832,0.045870867
28,4864,0.04581707
28,4896,0.045787804
28,4928,0.04571429
28,4960,0.045726582
28,4992,0.045810897
28,5024,0.045789145
28,5056,0.0457881
28,5088,0.045602642
28,5120,0.04585493
28,5152,0.045469947
28,5184,0.045971684
28,5216,0.046798408
28,5248,0.046364103
28,5280,0.046575755
28,5312,0.046478122
28,5344,0.046363954
28,5376,0.04642128
28,5408,0.04647166
28,5440,0.04622015
28,5472,0.04623158
28,5504,0.04607117
28,5536,0.046274126
28,5568,0.04623868
28,5600,0.04597372
28,5632,0.04597611
28,5664,0.046000496
28,5696,0.045861445
28,5728,0.046049535
28,5760,0.046151422
28,5792,0.046107598
28,5824,0.046080496
28,5856,0.045946203
28,5888,0.046023164
28,5920,0.04575891
28,5952,0.045806345
28,5984,0.045900658
28,6016,0.04580408
28,6048,0.04591951
28,6080,0.045717627
29,0,0.045884464
29,32,0.045601644
29,64,0.04598571
29,96,0.04588513
29,128,0.046772342
29,160,0.04650817
29,192,0.046516962
29,224,0.046528075
29,256,0.046453476
29,288,0.04645359
29,320,0.046292733
29,352,0.046294417
29,384,0.04619058
29,416,0.046424173
29,448,0.046313804
29,480,0.045975495
29,512,0.04612854
29,544,0.046158843
29,576,0.04597959
29,608,0.046047382
29,640,0.045960017
29,672,0.045940578
29,704,0.045959543
29,736,0.04584693
29,768,0.04612547
29,800,0.045896195
29,832,0.045934997
29,864,0.045903917
29,896,0.045778926
29,928,0.045840167
29,960,0.04574402
29,992,0.04582402
29,1024,0.045856547
29,1056,0.04577377
29,1088,0.04585349
29,1120,0.045838207
29,1152,0.046401072
29,1184,0.046190687
29,1216,0.046018094
29,1248,0.046222147
29,1280,0.046062626
29,1312,0.04605592
29,1344,0.045941286
29,1376,0.046028335
29,1408,0.04609135
29,1440,0.045920007
29,1472,0.045833174
29,1504,0.046017345
29,1536,0.04575358
29,1568,0.045899186
29,1600,0.04571516
29,1632,0.045617703
29,1664,0.045502238
29,1696,0.045664415
29,1728,0.04570526
29,1760,0.04586663
29,1792,0.045573555
29,1824,0.045789704
29,1856,0.0455969
29,1888,0.045595765
29,1920,0.045692097
29,1952,0.04552133
29,1984,0.0454318
29,2016,0.045320112
29,2048,0.04536287
29,2080,0.045486882
29,2112,0.04546861
29,2144,0.04543529
29,2176,0.04645807
29,2208,0.04612536
29,2240,0.046301235
29,2272,0.04634584
29,2304,0.046354983
29,2336,0.04636498
29,2368,0.046226263
29,2400,0.046191722
29,2432,0.04605311
29,2464,0.046111166
29,2496,0.04609895
29,2528,0.046086594
29,2560,0.04580375
29,2592,0.046002906
29,2624,0.046025753
29,2656,0.04605203
29,2688,0.04584798
29,2720,0.045834348
29,2752,0.04589536
29,2784,0.046103854
29,2816,0.045820363
29,2848,0.045861207
29,2880,0.0457934
29,2912,0.045668047
29,2944,0.045960996
29,2976,0.04584621
29,3008,0.045656055
29,3040,0.04580931
29,3072,0.045712806
29,3104,0.04556188
29,3136,0.04564669
29,3168,0.04549903
29,3200,0.046718333
29,3232,0.046645753
29,3264,0.046535846
29,3296,0.046709012
29,3328,0.046486564
29,3360,0.04640308
29,3392,0.046351355
29,3424,0.046685033
29,3456,0.04659279
29,3488,0.046282418
29,3520,0.046436746
29,3552,0.046334412
29,3584,0.046487518
29,3616,0.046129216
29,3648,0.046125
29,3680,0.046256103
29,3712,0.046227016
29,3744,0.04615666
29,3776,0.046117157
29,3808,0.04608503
29,3840,0.046016943
29,3872,0.04615501
29,3904,0.046272606
29,3936,0.04583991
29,3968,0.04602345
29,4000,0.046019647
29,4032,0.046060957
29,4064,0.046092425
29,4096,0.045915935
29,4128,0.045991465
29,4160,0.04605972
29,4192,0.04596836
29,4224,0.046540715
29,4256,0.046520285
29,4288,0.04626571
29,4320,0.04619513
29,4352,0.046279546
29,4384,0.04628906
29,4416,0.046187844
29,4448,0.046162337
29,4480,0.046185594
29,4512,0.04608074
29,4544,0.0462406
29,4576,0.046092
29,4608,0.04613558
29,4640,0.04599929
29,4672,0.045980178
29,4704,0.04601126
29,4736,0.04597286
29,4768,0.045788944
29,4800,0.045813233
29,4832,0.045824584
29,4864,0.04592786
29,4896,0.045810018
29,4928,0.045855675
29,4960,0.045946505
29,4992,0.045823224
29,5024,0.045830093
29,5056,0.04579086
29,5088,0.045610584
29,5120,0.045559965
29,5152,0.04563229
29,5184,0.04570867
29,5216,0.045646187
29,5248,0.046388492
29,5280,0.046382386
29,5312,0.04646702
29,5344,0.04623945
29,5376,0.046050053
29,5408,0.046071183
29,5440,0.046206463
29,5472,0.046129942
29,5504,0.046113867
29,5536,0.0460161
29,5568,0.04609282
29,5600,0.045891523
29,5632,0.045936026
29,5664,0.046030603
29,5696,0.045888986
29,5728,0.045763593
29,5760,0.045776337
29,5792,0.04589342
29,5824,0.04584259
29,5856,0.0455906
29,5888,0.045840345
29,5920,0.0458503
29,5952,0.045926448
29,5984,0.045725357
29,6016,0.045683954
29,6048,0.04571486
29,6080,0.045594905
30,0,0.04579304
30,32,0.045527887
30,64,0.045713402
30,96,0.04553912
30,128,0.045663863
30,160,0.046223097
30,192,0.046226017
30,224,0.046349995
30,256,0.046287436
30,288,0.046134535
30,320,0.045941282
30,352,0.046214353
30,384,0.046021126
30,416,0.045976818
30,448,0.046000354
30,480,0.04592464
30,512,0.04595559
30,544,0.045860358
30,576,0.045824073
30,608,0.04591902
30,640,0.045996938
30,672,0.045916893
30,704,0.045701355
30,736,0.045744166
30,768,0.04582265
30,800,0.045812987
30,832,0.045695648
30,864,0.04565524
30,896,0.04565507
30,928,0.04562819
30,960,0.045946706
30,992,0.04570173
30,1024,0.045621626
30,1056,0.045548588
30,1088,0.04564034
30,1120,0.045644246
30,1152,0.045659862
30,1184,0.046223704
30,1216,0.04655444
30,1248,0.046418976
30,1280,0.046311826
30,1312,0.046276905
30,1344,0.046422206
30,1376,0.046213087
30,1408,0.046268847
30,1440,0.046083327
30,1472,0.046203792
30,1504,0.04604651
30,1536,0.04601186
30,1568,0.04598896
30,1600,0.045880575
30,1632,0.046037342
30,1664,0.0458976
30,1696,0.046001967
30,1728,0.046134572
30,1760,0.04600109
30,1792,0.045954846
30,1824,0.045837574
30,1856,0.0458356
30,1888,0.04591035
30,1920,0.04591694
30,1952,0.04583164
30,1984,0.045927987
30,2016,0.04576243
30,2048,0.04582684
30,2080,0.04570287
30,2112,0.045763124
30,2144,0.0456337
30,2176,0.04603754
30,2208,0.046643134
30,2240,0.0465391
30,2272,0.04647986
30,2304,0.046548333
30,2336,0.046424925
30,2368,0.04629953
30,2400,0.046315443
30,2432,0.046267442
30,2464,0.04630328
30,2496,0.046251502
30,2528,0.04614759
30,2560,0.04621781
30,2592,0.046171527
30,2624,0.046275653
30,2656,0.04621528
30,2688,0.04600478
30,2720,0.046226423
30,2752,0.0460024
30,2784,0.046107877
30,2816,0.04601111
30,2848,0.046096697
30,2880,0.045961365
30,2912,0.046166748
30,2944,0.046084873
30,2976,0.04600198
30,3008,0.04577755
30,3040,0.045838278
30,3072,0.045828264
30,3104,0.04591115
30,3136,0.04587033
30,3168,0.046050116
30,3200,0.0460106
30,3232,0.046350777
30,3264,0.046622317
30,3296,0.04652495
30,3328,0.046454575
30,3360,0.046246335
30,3392,0.04626131
30,3424,0.046246633
30,3456,0.04625386
30,3488,0.046152454
30,3520,0.046185218
30,3552,0.046064667
30,3584,0.046041004
30,3616,0.046117127
30,3648,0.046134472
30,3680,0.04608465
30,3712,0.046155322
30,3744,0.04600579
30,3776,0.045938734
30,3808,0.045772284
30,3840,0.045857288
30,3872,0.04584299
30,3904,0.046083994
30,3936,0.046042662
30,3968,0.04602973
30,4000,0.045836266
30,4032,0.045825973
30,4064,0.0457496
30,4096,0.04572638
30,4128,0.045861915
30,4160,0.045634694
30,4192,0.045545608
30,4224,0.045788705
30,4256,0.046222944
30,4288,0.04613442
30,4320,0.04605285
30,4352,0.04602152
30,4384,0.045943756
30,4416,0.045992218
30,4448,0.046227094
30,4480,0.045928515
30,4512,0.045856092
30,4544,0.046115465
30,4576,0.04585505
30,4608,0.045961075
30,4640,0.04581827
30,4672,0.04579759
30,4704,0.04569746
30,4736,0.04565125
30,4768,0.0455496
30,4800,0.04556552
30,4832,0.045780104
30,4864,0.045875993
30,4896,0.04566629
30,4928,0.045689948
30,4960,0.04574146
30,4992,0.045497183
30,5024,0.04564227
30,5056,0.04577459
30,5088,0.045609567
30,5120,0.045860205
30,5152,0.04560662
30,5184,0.045527242
30,5216,0.04557069
30,5248,0.045486365
30,5280,0.046185385
30,5312,0.046563562
30,5344,0.046525847
30,5376,0.046257943
30,5408,0.046391003
30,5440,0.046544086
30,5472,0.04634253
30,5504,0.04622353
30,5536,0.0461468
30,5568,0.04612717
30,5600,0.046143208
30,5632,0.04616113
30,5664,0.046112668
30,5696,0.04628553
30,5728,0.04607627
30,5760,0.046006553
30,5792,0.045956917
30,5824,0.04599335
30,5856,0.04590621
30,5888,0.04587844
30,5920,0.045855004
30,5952,0.045877475
30,5984,0.045942746
30,6016,0.04601914
30,6048,0.04587751
30,6080,0.045736764
31,0,0.046045225
31,32,0.045999367
31,64,0.045861464
31,96,0.045714375
31,128,0.045584217
31,160,0.045823727
31,192,0.046160217
31,224,0.046580803
31,256,0.04641384
31,288,0.0464005
31,320,0.04632878
31,352,0.046238597
31,384,0.046246886
31,416,0.046073146
31,448,0.04625189
31,480,0.04613715
31,512,0.046025228
31,544,0.045997582
31,576,0.046108324
31,608,0.0459961
31,640,0.046089582
31,672,0.046046566
31,704,0.046116672
31,736,0.046078593
31,768,0.04582653
31,800,0.045983598
31,832,0.04600074
31,864,0.04594185
31,896,0.045837242
31,928,0.04567276
31,960,0.04605892
31,992,0.045954313
31,1024,0.045792915
31,1056,0.045889035
31,1088,0.045805912
31,1120,0.04585302
31,1152,0.045770437
31,1184,0.045684695
31,1216,0.046004843
31,1248,0.046662156
31,1280,0.04651676
31,1312,0.04633494
31,1344,0.04627286
31,1376,0.046266835
31,1408,0.046230655
31,1440,0.04628808
31,1472,0.04616041
31,1504,0.046219345
31,1536,0.046270333
31,1568,0.046064876
31,1600,0.04596923
31,1632,0.046138637
31,1664,0.04611416
31,1696,0.045916695
31,1728,0.04598188
31,1760,0.046077646
31,1792,0.045851044
31,1824,0.045976505
31,1856,0.046026625
31,1888,0.045880884
31,1920,0.045840282
31,1952,0.045909017
31,1984,0.045965258
31,2016,0.045830093
31,2048,0.045860395
31,2080,0.045897756
31,2112,0.046000414
31,2144,0.0460691
31,2176,0.045704994
31,2208,0.04579511
31,2240,0.046205066
31,2272,0.046198063
31,2304,0.046282325
31,2336,0.046336483
31,2368,0.046259876
31,2400,0.046210486
31,2432,0.04626041
31,2464,0.04610016
31,2496,0.046190996
31,2528,0.04612154
31,2560,0.045955434
31,2592,0.04593551
31,2624,0.04591009
31,2656,0.045946203
31,2688,0.045822997
31,2720,0.0458227
31,2752,0.045802128
31,2784,0.045880947
31,2816,0.046022046
31,2848,0.04588013
31,2880,0.045707155
31,2912,0.04572792
31,2944,0.045790683
31,2976,0.045896508
31,3008,0.045738366
31,3040,0.045608297
31,3072,0.04567744
31,3104,0.045808766
31,3136,0.045877058
31,3168,0.045743406
31,3200,0.045841817
31,3232,0.045847926
31,3264,0.046228737
31,3296,0.04630222
31,3328,0.046278875
31,3360,0.04605281
31,3392,0.046258505
31,3424,0.046122447
31,3456,0.046069443
31,3488,0.04598713
31,3520,0.04604206
31,3552,0.045918368
31,3584,0.046010725
31,3616,0.045991547
31,3648,0.045754187
31,3680,0.045892082
31,3712,0.04563395
31,3744,0.04582397
31,3776,0.045754712
31,3808,0.045701865
31,3840,0.04566147
31,3872,0.045550153
31,3904,0.04580766
31,3936,0.04583415
31,3968,0.045744535
31,4000,0.04566183
31,4032,0.04573281
31,4064,0.04580842
31,4096,0.045718554
31,4128,0.045848504
31,4160,0.04570114
31,4192,0.04551231
31,4224,0.04556049
31,4256,0.045682035
31,4288,0.046032064
31,4320,0.046419773
31,4352,0.04641072
31,4384,0.04614743
31,4416,0.046161167
31,4448,0.04614332
31,4480,0.046313018
31,4512,0.04616093
31,4544,0.04622272
31,4576,0.046121005
31,4608,0.046076957
31,4640,0.04604111
31,4672,0.046001874
31,4704,0.045977633
31,4736,0.04609334
31,4768,0.04581854
31,4800,0.045865078
31,4832,0.046017658
31,4864,0.045913547
31,4896,0.045979634
31,4928,0.045778718
31,4960,0.045635592
31,4992,0.04590104
31,5024,0.045857187
31,5056,0.045865115
31,5088,0.045672588
31,5120,0.045742095
31,5152,0.04575843
31,5184,0.045848854
31,5216,0.04580271
31,5248,0.04574562
31,5280,0.04582788
31,5312,0.046258323
31,5344,0.04650243
31,5376,0.046480414
31,5408,0.04657216
31,5440,0.04661027
31,5472,0.046573184
31,5504,0.046295792
31,5536,0.04634104
31,5568,0.046273924
31,5600,0.04627873
31,5632,0.046335306
31,5664,0.04627944
31,5696,0.046047337
31,5728,0.046241105
31,5760,0.046211332
31,5792,0.046206996
31,5824,0.046079837
31,5856,0.046123974
31,5888,0.046298467
31,5920,0.04619155
31,5952,0.04621986
31,5984,0.04613087
31,6016,0.046023894
31,6048,0.0460374
31,6080,0.045934107
32,0,0.046147436
32,32,0.04605687
32,64,0.046221726
32,96,0.046008434
32,128,0.046029307
32,160,0.045958407
32,192,0.045739032
32,224,0.046062335
32,256,0.04638261
32,288,0.046150096
32,320,0.04610889
32,352,0.046169475
32,384,0.04605332
32,416,0.046389043
32,448,0.046252932
32,480,0.04623626
32,512,0.04630897
32,544,0.046206824
32,576,0.046093248
32,608,0.04594534
32,640,0.046117485
32,672,0.046098974
32,704,0.046063583
32,736,0.046077758
32,768,0.04601637
32,800,0.045862008
32,832,0.045857932
32,864,0.045816656
32,896,0.046011686
32,928,0.045968495
32,960,0.045973226
32,992,0.045868434
32,1024,0.04579153
32,1056,0.045928158
32,1088,0.045593325
32,1120,0.04577306
32,1152,0.045777537
32,1184,0.045548473
32,1216,0.04596772
32,1248,0.045880448
32,1280,0.04622605
32,1312,0.04633571
32,1344,0.04604723
32,1376,0.04619835
32,1408,0.04588978
32,1440,0.046054445
32,1472,0.046201274
32,1504,0.04598902
32,1536,0.045951776
32,1568,0.045963977
32,1600,0.046061262
32,1632,0.046002846
32,1664,0.04578443
32,1696,0.045808204
32,1728,0.04583753
32,1760,0.046055462
32,1792,0.04591456
32,1824,0.0459902
32,1856,0.045781318
32,1888,0.045825724
32,1920,0.045719944
32,1952,0.045723036
32,1984,0.045881208
32,2016,0.04581086
32,2048,0.045854565
32,2080,0.04594017
32,2112,0.04585414
32,2144,0.04570771
32,2176,0.04581697
32,2208,0.045765907
32,2240,0.04569335
32,2272,0.04590057
32,2304,0.046260566
32,2336,0.04620879
32,2368,0.046214722
32,2400,0.046205543
32,2432,0.045957983
32,2464,0.0458093
32,2496,0.045983363
32,2528,0.04586617
32,2560,0.046153713
32,2592,0.045915473
32,2624,0.045966998
32,2656,0.045888387
32,2688,0.045827024
32,2720,0.04567111
32,2752,0.04587752
32,2784,0.04596033
32,2816,0.045822248
32,2848,0.04594492
32,2880,0.045686174
32,2912,0.045636877
32,2944,0.046022836
32,2976,0.045895535
32,3008,0.045661908
32,3040,0.04589929
32,3072,0.04574441
32,3104,0.045715276
32,3136,0.04581091
32,3168,0.04571198
32,3200,0.045741674
32,3232,0.045770407
32,3264,0.045868147
32,3296,0.045663647
32,3328,0.046564735
32,3360,0.04629022
32,3392,0.0462903
32,3424,0.04646633
32,3456,0.046194445
32,3488,0.04628652
32,3520,0.046088554
32,3552,0.046198204
32,3584,0.046089474
32,3616,0.045830674
32,3648,0.045959365
32,3680,0.04612229
32,3712,0.045921344
32,3744,0.045979895
32,3776,0.045992292
32,3808,0.0458613
32,3840,0.04615141
32,3872,0.04586933
32,3904,0.04592054
32,3936,0.0459178
32,3968,0.04600902
32,4000,0.046115506
32,4032,0.04585417
32,4064,0.045860868
32,4096,0.04579473
32,4128,0.045864858
32,4160,0.04594934
32,4192,0.045738276
32,4224,0.045797892
32,4256,0.04594907
32,4288,0.045915347
32,4320,0.04609927
32,4352,0.0464887
32,4384,0.046368275
32,4416,0.046320178
32,4448,0.046273116
32,4480,0.04632901
32,4512,0.046302788
32,4544,0.046208184
32,4576,0.046108283
32,4608,0.04614176
32,4640,0.046047457
32,4672,0.046032008
32,4704,0.046205766
32,4736,0.04592567
32,4768,0.046087567
32,4800,0.045959946
32,4832,0.046199035
32,4864,0.04613906
32,4896,0.046022024
32,4928,0.046021335
32,4960,0.045707535
32,4992,0.04601883
32,5024,0.046018515
32,5056,0.045956675
32,5088,0.045877416
32,5120,0.04588207
32,5152,0.045718625
32,5184,0.045975078
32,5216,0.04577648
32,5248,0.04580644
32,5280,0.045650043
32,5312,0.045842696
32,5344,0.04604601
32,5376,0.046309184
32,5408,0.04642847
32,5440,0.04623684
32,5472,0.046324603
32,5504,0.046430174
32,5536,0.046270184
32,5568,0.04618792
32,5600,0.046376348
32,5632,0.046124432
32,5664,0.04621153
32,5696,0.046243053
32,5728,0.046108343
32,5760,0.046209704
32,5792,0.046305798
32,5824,0.04614689
32,5856,0.046056867
32,5888,0.04615588
32,5920,0.04588846
32,5952,0.04603136
32,5984,0.046026822
32,6016,0.046081774
32,6048,0.04595149
32,6080,0.046057478
33,0,0.045869917
33,32,0.04594366
33,64,0.046036527
33,96,0.045988467
33,128,0.045898285
33,160,0.046008382
33,192,0.0459745
33,224,0.04583854
33,256,0.046037834
33,288,0.046005953
33,320,0.04612154
33,352,0.046104927
33,384,0.046014506
33,416,0.045976974
33,448,0.046131093
33,480,0.04590414
33,512,0.04600336
33,544,0.045981865
33,576,0.046080224
33,608,0.04579745
33,640,0.045852065
33,672,0.045682777
33,704,0.045767896
33,736,0.0456784
33,768,0.045932516
33,800,0.045855936
33,832,0.04581779
33,864,0.04578118
33,896,0.045813132
33,928,0.045701988
33,960,0.045889776
33,992,0.04578626
33,1024,0.045803037
33,1056,0.04577208
33,1088,0.04562248
33,1120,0.045639247
33,1152,0.04566404
33,1184,0.045805816
33,1216,0.045839638
33,1248,0.045771796
33,1280,0.045671582
33,1312,0.046254423
33,1344,0.046298075
33,1376,0.046109773
33,1408,0.046059642
33,1440,0.046101
33,1472,0.046109654
33,1504,0.04615761
33,1536,0.04585819
33,1568,0.04603349
33,1600,0.04619316
33,1632,0.04608984
33,1664,0.046092436
33,1696,0.046015173
33,1728,0.045909416
33,1760,0.0460345
33,1792,0.045855135
33,1824,0.046077058
33,1856,0.045990378
33,1888,0.045825303
33,1920,0.0458296
33,1952,0.04581822
33,1984,0.046067275
33,2016,0.045923702
33,2048,0.04579518
33,2080,0.04584417
33,2112,0.046032738
33,2144,0.04577046
33,2176,0.045762874
33,2208,0.045859795
33,2240,0.04570791
33,2272,0.04569784
33,2304,0.045866523
33,2336,0.04636502
33,2368,0.046318825
33,2400,0.046363626
33,2432,0.046234157
33,2464,0.046530355
33,2496,0.046136282
33,2528,0.046029862
33,2560,0.046109695
33,2592,0.045993477
33,2624,0.04622142
33,2656,0.04615221
33,2688,0.046059515
33,2720,0.04590503
33,2752,0.04605504
33,2784,0.04583282
33,2816,0.045932047
33,2848,0.04605212
33,2880,0.04603215
33,2912,0.045969315
33,2944,0.045924447
33,2976,0.046060376
33,3008,0.045995865
33,3040,0.0461189
33,3072,0.04583686
33,3104,0.045903593
33,3136,0.04594655
33,3168,0.045836054
33,3200,0.045832835
33,3232,0.045880817
33,3264,0.045937795
33,3296,0.045863874
33,3328,0.045835223
33,3360,0.046250768
33,3392,0.04629121
33,3424,0.04625849
33,3456,0.04612311
33,3488,0.046415493
33,3520,0.0462927
33,3552,0.0461912
33,3584,0.046166625
33,3616,0.046119623
33,3648,0.046249576
33,3680,0.046139315
33,3712,0.0462817
33,3744,0.04623769
33,3776,0.046196893
33,3808,0.04619956
33,3840,0.046004284
33,3872,0.046018187
33,3904,0.04590967
33,3936,0.04607965
33,3968,0.045910683
33,4000,0.045992136
33,4032,0.045902524
33,4064,0.045979396
33,4096,0.04598495
33,4128,0.04601631
33,4160,0.045911755
33,4192,0.045921657
33,4224,0.046095323
33,4256,0.045886356
33,4288,0.046091676
33,4320,0.04576049
33,4352,0.04583653
33,4384,0.046303738
33,4416,0.046048053
33,4448,0.04624573
33,4480,0.04606306
33,4512,0.04575945
33,4544,0.04606764
33,4576,0.046206374
33,4608,0.0461432
33,4640,0.04565987
33,4672,0.046101213
33,4704,0.04610377
33,4736,0.04618799
33,4768,0.045943834
33,4800,0.04598191
33,4832,0.045817707
33,4864,0.046008926
33,4896,0.04593992
33,4928,0.04605528
33,4960,0.045771964
33,4992,0.045770913
33,5024,0.045826204
33,5056,0.04582014
33,5088,0.045837305
33,5120,0.045802943
33,5152,0.045786213
33,5184,0.045845535
33,5216,0.045773145
33,5248,0.045700483
33,5280,0.045735393
33,5312,0.045785304
33,5344,0.045746937
33,5376,0.045516986
33,5408,0.04616332
33,5440,0.04604741
33,5472,0.046065114
33,5504,0.046167135
33,5536,0.04620827
33,5568,0.045997523
33,5600,0.046165902
33,5632,0.045980223
33,5664,0.046027683
33,5696,0.045913074
33,5728,0.045903675
33,5760,0.04590399
33,5792,0.045884952
33,5824,0.045816325
33,5856,0.045845382
33,5888,0.045833055
33,5920,0.045730375
33,5952,0.045775477
33,5984,0.04579925
33,6016,0.046016157
33,6048,0.045792934
33,6080,0.04578669
34,0,0.04581365
34,32,0.045559715
34,64,0.045566693
34,96,0.045744803
34,128,0.0456907
34,160,0.04574323
34,192,0.0457122
34,224,0.045612928
34,256,0.045879055
34,288,0.045623645
34,320,0.046257418
34,352,0.046274986
34,384,0.046262167
34,416,0.04644905
34,448,0.046199884
34,480,0.046136618
34,512,0.046181202
34,544,0.046187907
34,576,0.046168663
34,608,0.046147194
34,640,0.04611559
34,672,0.045903247
34,704,0.04600076
34,736,0.046084832
34,768,0.045967143
34,800,0.046148703
34,832,0.045964338
34,864,0.046141773
34,896,0.046033178
34,928,0.046006754
34,960,0.046033192
34,992,0.046084512
34,1024,0.045836244
34,1056,0.045948878
34,1088,0.045979615
34,1120,0.04584203
34,1152,0.045938406
34,1184,0.045863766
34,1216,0.045902696
34,1248,0.045984097
34,1280,0.045924086
34,1312,0.045899767
34,1344,0.046274465
34,1376,0.04644848
34,1408,0.046386987
34,1440,0.046316866
34,1472,0.046205066
34,1504,0.046219096
34,1536,0.046314046
34,1568,0.046417452
34,1600,0.046063475
34,1632,0.046183363
34,1664,0.046184417
34,1696,0.04621282
34,1728,0.046116225
34,1760,0.046184205
34,1792,0.046226524
34,1824,0.046223834
34,1856,0.046163328
34,1888,0.046183996
34,1920,0.04620486
34,1952,0.046259232
34,1984,0.046134386
34,2016,0.046320684
34,2048,0.046097264
34,2080,0.04604023
34,2112,0.046040002
34,2144,0.045984454
34,2176,0.046088237
34,2208,0.0458623
34,2240,0.0461451
34,2272,0.046135306
34,2304,0.045892034
34,2336,0.045995433
34,2368,0.046107266
34,2400,0.046244413
34,2432,0.046026446
34,2464,0.046099406
34,2496,0.046238482
34,2528,0.046019144
34,2560,0.04598699
34,2592,0.04618179
34,2624,0.045951486
34,2656,0.046144273
34,2688,0.045868777
34,2720,0.046020076
34,2752,0.045951433
34,2784,0.045998484
34,2816,0.045875635
34,2848,0.04587165
34,2880,0.045844723
34,2912,0.046146628
34,2944,0.045782454
34,2976,0.04591988
34,3008,0.045947835
34,3040,0.045751154
34,3072,0.045907844
34,3104,0.04579823
34,3136,0.04589489
34,3168,0.045851897
34,3200,0.045988042
34,3232,0.04586175
34,3264,0.04593489
34,3296,0.045785606
34,3328,0.045751773
34,3360,0.045874238
34,3392,0.04606709
34,3424,0.04614697
34,3456,0.046245385
34,3488,0.04597865
34,3520,0.04598103
34,3552,0.045927953
34,3584,0.04598069
34,3616,0.045957077
34,3648,0.046001576
34,3680,0.046064615
34,3712,0.04605597
34,3744,0.046101846
34,3776,0.045770664
34,3808,0.045932196
34,3840,0.04573983
34,3872,0.045911003
34,3904,0.045946363
34,3936,0.04604921
34,3968,0.04584872
34,4000,0.045670696
34,4032,0.046068005
34,4064,0.045730468
34,4096,0.045704883
34,4128,0.04590557
34,4160,0.04593454
34,4192,0.045808718
34,4224,0.045936696
34,4256,0.045802046
34,4288,0.04569304
34,4320,0.04566644
34,4352,0.0457378
34,4384,0.045588538
34,4416,0.045939166
34,4448,0.046064522
34,4480,0.04596235
34,4512,0.046114508
34,4544,0.04607063
34,4576,0.04579697
34,4608,0.046114996
34,4640,0.046001248
34,4672,0.045977175
34,4704,0.045857392
34,4736,0.045797188
34,4768,0.045940556
34,4800,0.046021797
34,4832,0.04570876
34,4864,0.045833834
34,4896,0.045768805
34,4928,0.045862984
34,4960,0.046015184
34,4992,0.04581561
34,5024,0.04584396
34,5056,0.04597705
34,5088,0.045838207
34,5120,0.04579851
34,5152,0.045831807
34,5184,0.045895815
34,5216,0.045922324
34,5248,0.045890376
34,5280,0.045714866
34,5312,0.045650773
34,5344,0.045765366
34,5376,0.04579437
34,5408,0.045821216
34,5440,0.04620319
34,5472,0.04631207
34,5504,0.046136584
34,5536,0.04626978
34,5568,0.046273712
34,5600,0.046132453
34,5632,0.046256732
34,5664,0.04629601
34,5696,0.04597093
34,5728,0.046300787
34,5760,0.046145014
34,5792,0.0462163
34,5824,0.046253458
34,5856,0.046153966
34,5888,0.045966126
34,5920,0.04610819
34,5952,0.0460614
34,5984,0.0461223
34,6016,0.046103224
34,6048,0.04595876
34,6080,0.04592251
35,0,0.04595465
35,32,0.04598168
35,64,0.046092704
35,96,0.0459379
35,128,0.046058804
35,160,0.04608205
35,192,0.045996346
35,224,0.045967422
35,256,0.045833144
35,288,0.046087362
35,320,0.045861512
35,352,0.046245515
35,384,0.046096787
35,416,0.046107836
35,448,0.046252612
35,480,0.046133984
35,512,0.046280436
35,544,0.04613768
35,576,0.046051156
35,608,0.046154402
35,640,0.046215456
35,672,0.045968723
35,704,0.04612418
35,736,0.04600763
35,768,0.04607134
35,800,0.04610751
35,832,0.04601818
35,864,0.046187542
35,896,0.046074893
35,928,0.04599586
35,960,0.04590565
35,992,0.04600175
35,1024,0.04576063
35,1056,0.04605914
35,1088,0.04588847
35,1120,0.045901816
35,1152,0.04600124
35,1184,0.045882966
35,1216,0.046057962
35,1248,0.046091847
35,1280,0.045840878
35,1312,0.045851965
35,1344,0.045862358
35,1376,0.046018425
35,1408,0.04615019
35,1440,0.046353176
35,1472,0.046271652
35,1504,0.04637217
35,1536,0.046134222
35,1568,0.046077102
35,1600,0.046050545
35,1632,0.046192236
35,1664,0.046036154
35,1696,0.04623369
35,1728,0.046213683
35,1760,0.046007387
35,1792,0.046136558
35,1824,0.045969192
35,1856,0.045883734
35,1888,0.046119664
35,1920,0.046061426
35,1952,0.04599002
35,1984,0.045953605
35,2016,0.04593049
35,2048,0.04586666
35,2080,0.04607209
35,2112,0.04598385
35,2144,0.046113107
35,2176,0.046059474
35,2208,0.045926742
35,2240,0.045893952
35,2272,0.046251092
35,2304,0.04583922
35,2336,0.04592718
35,2368,0.045929424
35,2400,0.045846812
35,2432,0.045751758
35,2464,0.045992617
35,2496,0.046044786
35,2528,0.045813657
35,2560,0.045809798
35,2592,0.045941766
35,2624,0.045920335
35,2656,0.04600216
35,2688,0.04587812
35,2720,0.04579946
35,2752,0.045732543
35,2784,0.045829974
35,2816,0.04586215
35,2848,0.04575336
35,2880,0.045965225
35,2912,0.045868598
35,2944,0.045604255
35,2976,0.04582441
35,3008,0.04565511
35,3040,0.04587814
35,3072,0.045789607
35,3104,0.045729484
35,3136,0.0458337
35,3168,0.045725383
35,3200,0.045667347
35,3232,0.045757037
35,3264,0.045673482
35,3296,0.04580599
35,3328,0.04580138
35,3360,0.045637175
35,3392,0.045470543
35,3424,0.04579385
35,3456,0.04621061
35,3488,0.04623174
35,3520,0.046021957
35,3552,0.046056595
35,3584,0.04618444
35,3616,0.04593804
35,3648,0.046066403
35,3680,0.046010017
35,3712,0.04608145
35,3744,0.046039127
35,3776,0.045926753
35,3808,0.045812435
35,3840,0.04590342
35,3872,0.045998994
35,3904,0.046207063
35,3936,0.045824245
35,3968,0.045862973
35,4000,0.046018586
35,4032,0.04583596
35,4064,0.045942362
35,4096,0.04599363
35,4128,0.04581265
35,4160,0.045725964
35,4192,0.045925457
35,4224,0.04593759
35,4256,0.045841098
35,4288,0.045824934
35,4320,0.045723896
35,4352,0.04575636
35,4384,0.04591233
35,4416,0.045844316
35,4448,0.046171445
35,4480,0.04614449
35,4512,0.046370715
35,4544,0.046164982
35,4576,0.046500836
35,4608,0.04610699
35,4640,0.046157677
35,4672,0.046285156
35,4704,0.046194274
35,4736,0.045954674
35,4768,0.04632645
35,4800,0.046236232
35,4832,0.046160545
35,4864,0.04610547
35,4896,0.04636085
35,4928,0.046068892
35,4960,0.046209037
35,4992,0.046086404
35,5024,0.04625385
35,5056,0.0461772
35,5088,0.046287
35,5120,0.046051577
35,5152,0.04622686
35,5184,0.04612359
35,5216,0.04624407
35,5248,0.046021
35,5280,0.04601782
35,5312,0.046179693
35,5344,0.04615719
35,5376,0.045806676
35,5408,0.04615062
35,5440,0.045872834
35,5472,0.045876168
35,5504,0.0460735
35,5536,0.046201307
35,5568,0.04613182
35,5600,0.045970626
35,5632,0.046230458
35,5664,0.045909368
35,5696,0.04610592
35,5728,0.04601738
35,5760,0.046005305
35,5792,0.046156466
35,5824,0.045937594
35,5856,0.045914963
35,5888,0.045866232
35,5920,0.04615104
35,5952,0.046042506
35,5984,0.04593879
35,6016,0.045910303
35,6048,0.045829576
35,6080,0.04582621
36,0,0.04602219
36,32,0.046011988
36,64,0.045964718
36,96,0.04594582
36,128,0.046069063
36,160,0.045731325
36,192,0.04598752
36,224,0.045766205
36,256,0.045849554
36,288,0.045906685
36,320,0.045793477
36,352,0.04591334
36,384,0.045900118
36,416,0.046088267
36,448,0.046260532
36,480,0.046128683
36,512,0.04609298
36,544,0.046069305
36,576,0.046200916
36,608,0.04610252
36,640,0.045870412
36,672,0.045962438
36,704,0.046045743
36,736,0.046031713
36,768,0.046063818
36,800,0.04586892
36,832,0.04597056
36,864,0.04610324
36,896,0.045918234
36,928,0.04595891
36,960,0.045949914
36,992,0.045978762
36,1024,0.045941863
36,1056,0.045836594
36,1088,0.046036743
36,1120,0.045735236
36,1152,0.046081398
36,1184,0.045961652
36,1216,0.04570911
36,1248,0.045736052
36,1280,0.045841586
36,1312,0.045834582
36,1344,0.045913354
36,1376,0.04592486
36,1408,0.04597251
36,1440,0.046024166
36,1472,0.04587283
36,1504,0.04605702
36,1536,0.04602266
36,1568,0.04583235
36,1600,0.045905005
36,1632,0.04586082
36,1664,0.045950554
36,1696,0.045763608
36,1728,0.045995694
36,1760,0.04573667
36,1792,0.0458944
36,1824,0.045856696
36,1856,0.04580269
36,1888,0.04593777
36,1920,0.045870855
36,1952,0.045912247
36,1984,0.04597733
36,2016,0.045830637
36,2048,0.045756675
36,2080,0.04566801
36,2112,0.045887403
36,2144,0.045902237
36,2176,0.0457618
36,2208,0.045718778
36,2240,0.045709897
36,2272,0.045655444
36,2304,0.04576871
36,2336,0.04574991
36,2368,0.045850262
36,2400,0.045883834
36,2432,0.04580884
36,2464,0.046031788
36,2496,0.0461096
36,2528,0.045878172
36,2560,0.046272688
36,2592,0.045993738
36,2624,0.04608625
36,2656,0.046099156
36,2688,0.04591475
36,2720,0.046081327
36,2752,0.04608088
36,2784,0.046201196
36,2816,0.04608
36,2848,0.046080694
36,2880,0.045836177
36,2912,0.045933202
36,2944,0.045895636
36,2976,0.04601507
36,3008,0.046053298
36,3040,0.045872837
36,3072,0.04583056
36,3104,0.045881223
36,3136,0.04597522
36,3168,0.045890585
36,3200,0.04589305
36,3232,0.045966297
36,3264,0.046028417
36,3296,0.046113342
36,3328,0.04576975
36,3360,0.04578639
36,3392,0.045885433
36,3424,0.04580231
36,3456,0.04599175
36,3488,0.046399534
36,3520,0.046312567
36,3552,0.046269722
36,3584,0.04627344
36,3616,0.04623968
36,3648,0.046162367
36,3680,0.046155717
36,3712,0.046231173
36,3744,0.046337113
36,3776,0.0461136
36,3808,0.046098143
36,3840,0.0460513
36,3872,0.04621736
36,3904,0.046289813
36,3936,0.04611902
36,3968,0.046126623
36,4000,0.04596239
36,4032,0.046140898
36,4064,0.046196677
36,4096,0.046149336
36,4128,0.046284985
36,4160,0.046051737
36,4192,0.0461031
36,4224,0.046250783
36,4256,0.045898065
36,4288,0.04615599
36,4320,0.046134308
36,4352,0.046081018
36,4384,0.04608188
36,4416,0.045984738
36,4448,0.046104617
36,4480,0.046136975
36,4512,0.046332154
36,4544,0.04609292
36,4576,0.04599602
36,4608,0.045977786
36,4640,0.045947988
36,4672,0.04600035
36,4704,0.046188287
36,4736,0.046109907
36,4768,0.046161786
36,4800,0.04609093
36,4832,0.046122625
36,4864,0.045965664
36,4896,0.046083838
36,4928,0.04594191
36,4960,0.046005014
36,4992,0.04595704
36,5024,0.04600528
36,5056,0.04589408
36,5088,0.045986213
36,5120,0.045971267
36,5152,0.04587237
36,5184,0.04614047
36,5216,0.04594511
36,5248,0.04587669
36,5280,0.04603859
36,5312,0.04590945
36,5344,0.045893684
36,5376,0.04560782
36,5408,0.04598052
36,5440,0.045793343
36,5472,0.045839064
36,5504,0.0459313
36,5536,0.045927733
36,5568,0.045963775
36,5600,0.046024993
36,5632,0.046144806
36,5664,0.04602525
36,5696,0.04590492
36,5728,0.045925673
36,5760,0.045829426
36,5792,0.046017565
36,5824,0.045692887
36,5856,0.046020232
36,5888,0.04583166
36,5920,0.04578328
36,5952,0.04580343
36,5984,0.045806337
36,6016,0.045906086
36,6048,0.045724124
36,6080,0.045819275
37,0,0.04591973
37,32,0.045810416
37,64,0.04585672
37,96,0.045778904
37,128,0.045891274
37,160,0.045709696
37,192,0.045944463
37,224,0.045690686
37,256,0.045740258
37,288,0.04576519
37,320,0.045683436
37,352,0.045794588
37,384,0.045989458
37,416,0.04569119
37,448,0.045955684
37,480,0.04606717
37,512,0.04608203
37,544,0.04608717
37,576,0.046091665
37,608,0.04623549
37,640,0.0459295
37,672,0.046053175
37,704,0.045843653
37,736,0.045831867
37,768,0.046065297
37,800,0.045849327
37,832,0.045960058
37,864,0.046070497
37,896,0.045968734
37,928,0.045915492
37,960,0.04602805
37,992,0.046000823
37,1024,0.046060536
37,1056,0.045985658
37,1088,0.04592158
37,1120,0.046030227
37,1152,0.046006378
37,1184,0.045858562
37,1216,0.045947976
37,1248,0.045926932
37,1280,0.046126295
37,1312,0.04602273
37,1344,0.045797892
37,1376,0.045673367
37,1408,0.04589362
37,1440,0.04594693
37,1472,0.046138924
37,1504,0.04620287
37,1536,0.046127617
37,1568,0.045959577
37,1600,0.046125714
37,1632,0.046160758
37,1664,0.046067204
37,1696,0.04611103
37,1728,0.046180215
37,1760,0.046119373
37,1792,0.046111524
37,1824,0.0458963
37,1856,0.046121866
37,1888,0.046132896
37,1920,0.04614595
37,1952,0.046082333
37,1984,0.046252005
37,2016,0.04612785
37,2048,0.046247095
37,2080,0.04605999
37,2112,0.046104945
37,2144,0.046107866
37,2176,0.046103727
37,2208,0.045789264
37,2240,0.046013165
37,2272,0.046063952
37,2304,0.04608336
37,2336,0.046050284
37,2368,0.045919538
37,2400,0.045949873
37,2432,0.0460176
37,2464,0.045858532
37,2496,0.046278883
37,2528,0.046066266
37,2560,0.046146322
37,2592,0.046194997
37,2624,0.046097532
37,2656,0.046037905
37,2688,0.04619367
37,2720,0.04603276
37,2752,0.046073467
37,2784,0.04603249
37,2816,0.045981284
37,2848,0.046060394
37,2880,0.046056695
37,2912,0.04594172
37,2944,0.046008695
37,2976,0.045963913
37,3008,0.04605342
37,3040,0.046095893
37,3072,0.046173457
37,3104,0.04611688
37,3136,0.046075456
37,3168,0.046071813
37,3200,0.045915965
37,3232,0.04596413
37,3264,0.045806423
37,3296,0.046033822
37,3328,0.045844477
37,3360,0.04604666
37,3392,0.04614999
37,3424,0.04587307
37,3456,0.0459135
37,3488,0.04595452
37,3520,0.046079595
37,3552,0.0460694
37,3584,0.045853086
37,3616,0.04596513
37,3648,0.04613025
37,3680,0.045905508
37,3712,0.04601997
37,3744,0.04616211
37,3776,0.046261493
37,3808,0.045828477
37,3840,0.046053372
37,3872,0.045933373
37,3904,0.046008803
37,3936,0.045773525
37,3968,0.046037585
37,4000,0.045817476
37,4032,0.045991108
37,4064,0.04606535
37,4096,0.046054814
37,4128,0.046054795
37,4160,0.046049792
37,4192,0.04586807
37,4224,0.045880254
37,4256,0.04590811
37,4288,0.045980297
37,4320,0.046184137
37,4352,0.04603655
37,4384,0.04572744
37,4416,0.046075694
37,4448,0.0459673
37,4480,0.045748957
37,4512,0.045980398
37,4544,0.04596886
37,4576,0.04568139
37,4608,0.04567519
37,4640,0.04578678
37,4672,0.04584765
37,4704,0.045807496
37,4736,0.04573166
37,4768,0.04600931
37,4800,0.045493014
37,4832,0.045671303
37,4864,0.045962375
37,4896,0.04603117
37,4928,0.045904253
37,4960,0.045980997
37,4992,0.045691784
37,5024,0.045858838
37,5056,0.04582018
37,5088,0.045909572
37,5120,0.045707166
37,5152,0.045783084
37,5184,0.045774408
37,5216,0.04575136
37,5248,0.045621317
37,5280,0.045538407
37,5312,0.04577805
37,5344,0.04570396
37,5376,0.0458295
37,5408,0.045982588
37,5440,0.04560556
37,5472,0.04565119
37,5504,0.045798462
37,5536,0.04583411
37,5568,0.0460677
37,5600,0.04601697
37,5632,0.045971636
37,5664,0.046068918
37,5696,0.046081565
37,5728,0.046081845
37,5760,0.0461129
37,5792,0.045992915
37,5824,0.045899417
37,5856,0.04605235
37,5888,0.0461629
37,5920,0.046009347
37,5952,0.045774177
37,5984,0.04602432
37,6016,0.04623272
37,6048,0.045999378
37,6080,0.045835875
38,0,0.04593857
38,32,0.046109345
38,64,0.046051033
38,96,0.045824543
38,128,0.04580202
38,160,0.04592771
38,192,0.045911588
38,224,0.04600131
38,256,0.045812026
38,288,0.04594701
38,320,0.046016913
38,352,0.046082594
38,384,0.04591638
38,416,0.045890704
38,448,0.04599464
38,480,0.04619208
38,512,0.04591297
38,544,0.04616439
38,576,0.046083413
38,608,0.04617858
38,640,0.046316475
38,672,0.046320245
38,704,0.04611163
38,736,0.046222825
38,768,0.046345726
38,800,0.046233308
38,832,0.046180226
38,864,0.046383463
38,896,0.045944292
38,928,0.046319302
38,960,0.046315186
38,992,0.046097383
38,1024,0.046117984
38,1056,0.046472616
38,1088,0.04615704
38,1120,0.046005383
38,1152,0.04620423
38,1184,0.046187896
38,1216,0.046100453
38,1248,0.046280593
38,1280,0.046061575
38,1312,0.046071827
38,1344,0.046171326
38,1376,0.046156876
38,1408,0.046230793
38,1440,0.04618952
38,1472,0.046253394
38,1504,0.046103153
38,1536,0.046054028
38,1568,0.04597639
38,1600,0.04598561
38,1632,0.04616129
38,1664,0.045942895
38,1696,0.046020888
38,1728,0.046031225
38,1760,0.045902696
38,1792,0.04610102
38,1824,0.0460364
38,1856,0.046059284
38,1888,0.045967735
38,1920,0.046118684
38,1952,0.04592491
38,1984,0.04605533
38,2016,0.045878906
38,2048,0.04598343
38,2080,0.04614359
38,2112,0.04599562
38,2144,0.046008505
38,2176,0.046006292
38,2208,0.0460363
38,2240,0.04615373
38,2272,0.045835312
38,2304,0.04612414
38,2336,0.046024315
38,2368,0.045778587
38,2400,0.046112627
38,2432,0.045960058
38,2464,0.045989238
38,2496,0.045958295
38,2528,0.045891963
38,2560,0.045826025
38,2592,0.04594741
38,2624,0.045960072
38,2656,0.04605231
38,2688,0.045834336
38,2720,0.045857545
38,2752,0.04588612
38,2784,0.045711294
38,2816,0.04582159
38,2848,0.045801405
38,2880,0.046096355
38,2912,0.04583756
38,2944,0.045963503
38,2976,0.045832627
38,3008,0.04596923
38,3040,0.04591017
38,3072,0.04576686
38,3104,0.04592433
38,3136,0.045694977
38,3168,0.045927074
38,3200,0.046175476
38,3232,0.045917463
38,3264,0.046029944
38,3296,0.045876026
38,3328,0.045836896
38,3360,0.04580003
38,3392,0.04604638
38,3424,0.04589873
38,3456,0.045931246
38,3488,0.045972615
38,3520,0.045877613
38,3552,0.045817338
38,3584,0.04585452
38,3616,0.045816116
38,3648,0.045711033
38,3680,0.045795746
38,3712,0.046109445
38,3744,0.045934968
38,3776,0.045849614
38,3808,0.04585096
38,3840,0.045933962
38,3872,0.04572001
38,3904,0.045791693
38,3936,0.045880586
38,3968,0.04562162
38,4000,0.04593581
38,4032,0.045629505
38,4064,0.04572775
38,4096,0.04581144
38,4128,0.045794692
38,4160,0.045862697
38,4192,0.045786284
38,4224,0.045765847
38,4256,0.045781523
38,4288,0.045806326
38,4320,0.04563638
38,4352,0.045830805
38,4384,0.04567737
38,4416,0.04565219
38,4448,0.04575678
38,4480,0.045956068
38,4512,0.045757476
38,4544,0.045955483
38,4576,0.045995016
38,4608,0.04612589
38,4640,0.046078153
38,4672,0.04598986
38,4704,0.04608329
38,4736,0.046053983
38,4768,0.046130877
38,4800,0.046020836
38,4832,0.046074662
38,4864,0.04596837
38,4896,0.0459656
38,4928,0.046088576
38,4960,0.04613166
38,4992,0.045864243
38,5024,0.0460673
38,5056,0.04602227
38,5088,0.04609693
38,5120,0.046065968
38,5152,0.046011835
38,5184,0.04588673
38,5216,0.0460823
38,5248,0.04589305
38,5280,0.046024323
38,5312,0.045883626
38,5344,0.045943007
38,5376,0.04602626
38,5408,0.045917902
38,5440,0.046179615
38,5472,0.04615993
38,5504,0.04597873
38,5536,0.0460226
38,5568,0.045776855
38,5600,0.046092153
38,5632,0.046160776
38,5664,0.046173144
38,5696,0.046071187
38,5728,0.046303395
38,5760,0.046095807
38,5792,0.046142396
38,5824,0.04613741
38,5856,0.046179727
38,5888,0.045968957
38,5920,0.046101302
38,5952,0.046092946
38,5984,0.046136517
38,6016,0.046181418
38,6048,0.046070416
38,6080,0.04617278
39,0,0.046026986
39,32,0.04604933
39,64,0.046129104
39,96,0.045959998
39,128,0.045876715
39,160,0.04616254
39,192,0.046189185
39,224,0.04621225
39,256,0.046172652
39,288,0.045986988
39,320,0.04585717
39,352,0.046245534
39,384,0.046146695
39,416,0.0459822
39,448,0.04616901
39,480,0.046089742
39,512,0.046051215
39,544,0.045958478
39,576,0.045948207
39,608,0.046156015
39,640,0.046183668
39,672,0.04584248
39,704,0.046061702
39,736,0.046006646
39,768,0.046117477
39,800,0.046006013
39,832,0.046234395
39,864,0.04604322
39,896,0.046041064
39,928,0.04588725
39,960,0.046140544
39,992,0.04613508
39,1024,0.04623964
39,1056,0.046031553
39,1088,0.045986254
39,1120,0.046092197
39,1152,0.046021435
39,1184,0.046145014
39,1216,0.04603382
39,1248,0.046066456
39,1280,0.046124518
39,1312,0.046089604
39,1344,0.046071254
39,1376,0.046070155
39,1408,0.046023615
39,1440,0.045974556
39,1472,0.04608307
39,1504,0.0462305
39,1536,0.0458339
39,1568,0.045874562
39,1600,0.045810483
39,1632,0.046030946
39,1664,0.045785993
39,1696,0.045710284
39,1728,0.04575508
39,1760,0.046005245
39,1792,0.045928195
39,1824,0.045961183
39,1856,0.04578327
39,1888,0.045895785
39,1920,0.04586603
39,1952,0.04581735
39,1984,0.045841984
39,2016,0.04568427
39,2048,0.04579378
39,2080,0.045814585
39,2112,0.04586774
39,2144,0.045784697
39,2176,0.045622382
39,2208,0.045810543
39,2240,0.045953378
39,2272,0.045816205
39,2304,0.045842364
39,2336,0.04560858
39,2368,0.04587771
39,2400,0.04584015
39,2432,0.045890674
39,2464,0.045739584
39,2496,0.045753635
39,2528,0.04596406
39,2560,0.045748528
39,2592,0.045970865
39,2624,0.046043217
39,2656,0.045791537
39,2688,0.046083227
39,2720,0.045963485
39,2752,0.04614317
39,2784,0.04597064
39,2816,0.046195917
39,2848,0.045969095
39,2880,0.046084747
39,2912,0.046109725
39,2944,0.04588479
39,2976,0.046045654
39,3008,0.046009887
39,3040,0.045970198
39,3072,0.046082884
39,3104,0.04599794
39,3136,0.045933124
39,3168,0.04597186
39,3200,0.045967206
39,3232,0.046131834
39,3264,0.045898244
39,3296,0.046014726
39,3328,0.04591589
39,3360,0.046035383
39,3392,0.045856964
39,3424,0.04613967
39,3456,0.04591167
39,3488,0.04612316
39,3520,0.04600324
39,3552,0.046088427
39,3584,0.04609849
39,3616,0.046102643
39,3648,0.046061486
39,3680,0.045845583
39,3712,0.0462299
39,3744,0.045978915
39,3776,0.04619119
39,3808,0.04602969
39,3840,0.04623648
39,3872,0.04580915
39,3904,0.045939025
39,3936,0.046084072
39,3968,0.046092067
39,4000,0.046272844
39,4032,0.04612631
39,4064,0.04585249
39,4096,0.045973558
39,4128,0.045850396
39,4160,0.045826457
39,4192,0.046026736
39,4224,0.04598777
39,4256,0.04589049
39,4288,0.04606194
39,4320,0.045783
39,4352,0.046004802
39,4384,0.045980576
39,4416,0.04599804
39,4448,0.045838293
39,4480,0.04592305
39,4512,0.04611192
39,4544,0.045983627
39,4576,0.045999177
39,4608,0.0462059
39,4640,0.045998566
39,4672,0.04602454
39,4704,0.046195515
39,4736,0.045981575
39,4768,0.04602624
39,4800,0.046076883
39,4832,0.04621979
39,4864,0.046064224
39,4896,0.04611423
39,4928,0.046047658
39,4960,0.045882016
39,4992,0.046155207
39,5024,0.04613465
39,5056,0.046098035
39,5088,0.04599412
39,5120,0.046021912
39,5152,0.045952715
39,5184,0.046094947
39,5216,0.04610069
39,5248,0.046177786
39,5280,0.046079222
39,5312,0.04597579
39,5344,0.046224184
39,5376,0.045903962
39,5408,0.046010334
39,5440,0.045988582
39,5472,0.045866426
39,5504,0.046221547
39,5536,0.045941036
39,5568,0.046024036
39,5600,0.045927793
39,5632,0.046195623
39,5664,0.045951337
39,5696,0.045892477
39,5728,0.046067316
39,5760,0.04604343
39,5792,0.045949824
39,5824,0.045835264
39,5856,0.0459697
39,5888,0.04598884
39,5920,0.045851547
39,5952,0.04612341
39,5984,0.04600964
39,6016,0.04584536
39,6048,0.046064395
39,6080,0.045758743
40,0,0.046018332
40,32,0.04598529
40,64,0.04574278
40,96,0.04608323
40,128,0.046025522
40,160,0.045997072
40,192,0.045890883
40,224,0.04595908
40,256,0.04580735
40,288,0.0460182
40,320,0.0459317
40,352,0.04591119
40,384,0.04592943
40,416,0.04596206
40,448,0.04582649
40,480,0.046054374
40,512,0.04583666
40,544,0.045949876
40,576,0.045953
40,608,0.045906033
40,640,0.04594415
40,672,0.045961954
40,704,0.045990583
40,736,0.045763288
40,768,0.04590378
40,800,0.0457297
40,832,0.04594263
40,864,0.045924436
40,896,0.045676164
40,928,0.045848913
40,960,0.045786273
40,992,0.045823336
40,1024,0.045685735
40,1056,0.04598336
40,1088,0.04587497
40,1120,0.04590448
40,1152,0.04588021
40,1184,0.045732312
40,1216,0.045974642
40,1248,0.04572521
40,1280,0.04571881
40,1312,0.04602145
40,1344,0.045826856
40,1376,0.045701515
40,1408,0.045921642
40,1440,0.045926474
40,1472,0.045768216
40,1504,0.045893013
40,1536,0.045830213
40,1568,0.045858145
40,1600,0.04598688
40,1632,0.04593058
40,1664,0.045802906
40,1696,0.04595846
40,1728,0.045903776
40,1760,0.045899272
40,1792,0.04600473
40,1824,0.045783706
40,1856,0.045912474
40,1888,0.04607241
40,1920,0.04586952
40,1952,0.045999467
40,1984,0.046072043
40,2016,0.045978066
40,2048,0.04609124
40,2080,0.04599587
40,2112,0.04598505
40,2144,0.04603679
40,2176,0.04609524
40,2208,0.045728497
40,2240,0.04598105
40,2272,0.046032526
40,2304,0.045971196
40,2336,0.046007376
40,2368,0.045957305
40,2400,0.046025645
40,2432,0.045797143
40,2464,0.045980472
40,2496,0.045960918
40,2528,0.045998916
40,2560,0.046077676
40,2592,0.04587385
40,2624,0.046237513
40,2656,0.046189416
40,2688,0.04632256
40,2720,0.046212442
40,2752,0.046103347
40,2784,0.046388168
40,2816,0.046180688
40,2848,0.046117157
40,2880,0.046152983
40,2912,0.04621609
40,2944,0.046282787
40,2976,0.04625071
40,3008,0.046378598
40,3040,0.045850784
40,3072,0.046184912
40,3104,0.046238396
40,3136,0.045933217
40,3168,0.046077322
40,3200,0.04640724
40,3232,0.046233736
40,3264,0.046064854
40,3296,0.04618884
40,3328,0.046197772
40,3360,0.046191785
40,3392,0.046256058
40,3424,0.04620341
40,3456,0.046204496
40,3488,0.046166267
40,3520,0.04611021
40,3552,0.046127334
40,3584,0.04605385
40,3616,0.046082184
40,3648,0.04599337
40,3680,0.04600828
40,3712,0.045822296
40,3744,0.045803625
40,3776,0.045778316
40,3808,0.045852873
40,3840,0.045848012
40,3872,0.04594419
40,3904,0.045959625
40,3936,0.04604643
40,3968,0.04601751
40,4000,0.046049275
40,4032,0.04588513
40,4064,0.04622577
40,4096,0.046052113
40,4128,0.04599258
40,4160,0.0459411
40,4192,0.045745607
40,4224,0.046009928
40,4256,0.045771103
40,4288,0.04596173
40,4320,0.04603099
40,4352,0.045782987
40,4384,0.04590104
40,4416,0.045921408
40,4448,0.04594848
40,4480,0.04595935
40,4512,0.046136953
40,4544,0.046105836
40,4576,0.04593348
40,4608,0.04581378
40,4640,0.045946658
40,4672,0.045999207
40,4704,0.04588963
40,4736,0.04596819
40,4768,0.046025448
40,4800,0.046135556
40,4832,0.045877688
40,4864,0.04576436
40,4896,0.045981783
40,4928,0.04581002
40,4960,0.046015345
40,4992,0.045877066
40,5024,0.04591636
40,5056,0.04595554
40,5088,0.045758754
40,5120,0.045974486
40,5152,0.045897543
40,5184,0.045639947
40,5216,0.045655232
40,5248,0.046053663
40,5280,0.04607181
40,5312,0.046050165
40,5344,0.04605068
40,5376,0.04578548
40,5408,0.04597912
40,5440,0.045901228
40,5472,0.04600401
40,5504,0.045813397
40,5536,0.04584431
40,5568,0.045948282
40,5600,0.045849618
40,5632,0.045995787
40,5664,0.046039976
40,5696,0.045920204
40,5728,0.045728385
40,5760,0.045696087
40,5792,0.046112634
40,5824,0.04577787
40,5856,0.045950558
40,5888,0.045917485
40,5920,0.04583546
40,5952,0.04595288
40,5984,0.04589807
40,6016,0.045878775
40,6048,0.046038974
40,6080,0.0457916
